Price,Close,High,Low,Open,Volume,SMA,EMA,RSI,MACD
Ticker,AAPL,AAPL,AAPL,AAPL,AAPL,,,,
Date,,,,,,,,,
2018-01-22,41.49213790893555,41.67498433220892,41.398371796417685,41.5624642817979,108434400,41.15508134024484,41.270922827074514,68.89921543081232,0.35402746807797314
2018-01-23,41.50151443481445,42.064121859004125,41.4499455751214,41.56246562918012,130756400,41.23511859348842,41.30166837477317,68.99810108243476,0.34056757593891973
2018-01-24,40.8404541015625,41.56246462005955,40.60134586266364,41.55074296166244,204420400,41.26844024658203,41.240173138345085,56.473718368820535,0.27340680678493356
2018-01-25,40.111412048339844,41.01157962956729,39.97544867769382,40.908434756873895,166116000,41.23629079546247,41.08967165967772,44.57006057247942,0.15951502264043427
2018-01-26,40.20519256591797,40.32005913837438,39.86528580601339,40.32005913837438,156572000,41.17785426548549,40.97174111384309,39.16845876688017,0.07594679973983176
2018-01-29,39.37299728393555,39.88871811273601,39.1643646205002,39.88871811273601,202561600,41.07085909162249,40.75857526985542,33.19326076609907,-0.05677831818647405
2018-01-30,39.14092254638672,39.23468867207913,38.60879066186384,38.80335877077658,184192800,40.94762148175921,40.5428882400596,31.58173795053648,-0.17863127205643536
2018-01-31,39.248748779296875,39.485514121767004,39.030740952174725,39.11747478744508,129915600,40.832755770002095,40.3703363119579,33.18634579350537,-0.2634629036932665
2018-02-01,39.3307991027832,39.527710102026376,39.09169084544609,39.18780344398676,188923200,40.707174573625835,40.231731350734606,31.022527474789896,-0.32037868155006777
2018-02-02,37.62422180175781,39.101061129926585,37.53045570156668,38.91352535259687,346375200,40.42938668387277,39.884063410871036,17.122518111081305,-0.4974569966871982
2018-02-05,36.68421936035156,38.416575096607,36.56935279783622,37.296052906008704,290954000,40.099526269095286,39.457417537468444,15.243586276276318,-0.7055104925143638
2018-02-06,38.217315673828125,38.37906529853758,36.10051314382347,36.29508127376754,272975200,39.830447333199636,39.2920706223164,24.86714906994169,-0.7381770811327897
2018-02-07,37.3991813659668,38.30403826062876,37.28900779840522,38.2313689901966,206434400,39.5002509525844,39.039685388136455,22.068010790856164,-0.820622563086232
2018-02-08,36.370086669921875,37.74143850604499,36.34195754982027,37.57499953256489,217562000,39.109943117414204,38.68373889237451,20.030888916226672,-0.9579578017589085
2018-02-09,36.81494140625,37.1632948025491,35.36268058054797,36.97028950150967,282690400,38.775857652936665,38.434565894224576,24.63329870003048,-1.0191527499377173
2018-02-12,38.29780960083008,38.575549954605094,37.073858588541775,37.30688077719947,243278000,38.54702159336635,38.416331721771975,35.01913653008046,-0.9371917536447754
2018-02-13,38.68146896362305,38.77797343170304,38.048310583021724,38.11892369604445,130196800,38.392808369227815,38.45168335401879,39.635468229280555,-0.8316917446609011
2018-02-14,39.39466094970703,39.43467421626047,38.33783088391865,38.37548810497715,162579600,38.34161186218262,38.577413700110554,46.55388457387766,-0.6826642658587332
2018-02-15,40.71746063232422,40.740995941616454,39.77831451733618,39.96425890433248,204588800,38.37820243835449,38.86275329107238,52.20265444398591,-0.45260271358718285
2018-02-16,40.58564376831055,41.148192554732624,40.430299249571625,40.56916941260214,160704400,38.46482004438128,39.0924720213708,55.548321966319946,-0.27771249838308165
2018-02-20,40.449134826660156,41.01638500061634,40.34792186009505,40.49620903810648,135722000,38.55826377868652,39.273360395409384,56.03837769881712,-0.14841503739035034
2018-02-21,40.265541076660156,40.983430849870615,40.25141558148277,40.67979914689796,149886400,38.63089179992676,39.405651152909485,54.660657757982776,-0.06006792365084834
2018-02-22,40.60212326049805,40.94341575220747,40.416178884970336,40.43736173948644,123967600,38.72170066833496,39.565180767254624,55.69447785839653,0.03668429606545942
2018-02-23,41.30824279785156,41.34354755166451,40.84690699601769,40.87750684367652,135249600,38.9848450251988,39.79758903800088,68.12588025789867,0.1683978866170861
2018-02-26,42.125,42.223856918735805,41.47536728050816,41.50831958675342,152648800,39.37347221374512,40.10791049960076,77.09801024743092,0.33482765161818406
2018-02-27,41.98847198486328,42.48040400449576,41.934336836057554,42.15558952013026,155712400,39.6428405216762,40.358652030969104,71.81748442563544,0.45051451869796466
2018-02-28,41.924922943115234,42.51335944789299,41.908448588577784,42.193249845632636,151128400,39.9661077771868,40.567488152588595,78.68778569397399,0.5309488697042326
2018-03-01,41.1905632019043,42.31565372661089,40.63978739020082,42.023787871542986,195208000,40.31042752947126,40.65056482583069,81.7421071695732,0.529335132650111
2018-03-02,41.47536087036133,41.49654372291683,40.590350053929036,40.67273260257573,153816000,40.64331463405064,40.76053763176811,81.34896135641304,0.5447574018703847
2018-03-05,41.618953704833984,41.83549798498244,41.07759120869651,41.240000316691024,113605600,40.88053921290806,40.874993108176895,77.24993552296509,0.5620870138171838
2018-03-06,41.58362579345703,41.95551805347011,41.45652510304975,41.87549155982364,95154000,41.08783612932478,40.969477466214244,75.2558003658322,0.5664406141349687
2018-03-07,41.1976203918457,41.39062930858743,41.018736969513085,41.17643753752969,126814000,41.21661894662039,40.9998965229651,66.63756657525953,0.5326039371712525
2018-03-08,41.647193908691406,41.6895596245667,41.20704443328036,41.303545316618205,95096400,41.28302846636091,41.08620284106195,60.22783543744975,0.5358875740885551
2018-03-09,42.362728118896484,42.36743661748297,41.753108642868185,41.88727391609229,128740800,41.40996306283133,41.25640621143989,67.32446158102837,0.5894328952898249
2018-03-12,42.772274017333984,42.9299745735784,42.416859652502374,42.43568646057892,128828400,41.575901576450896,41.45852191889244,71.50311390633352,0.6573375018580236
2018-03-13,42.36036682128906,43.191238867493816,42.188544369842795,42.97704712067932,126774000,41.725531986781526,41.57876790587866,68.60354030508469,0.6701893973268724
2018-03-14,42.000247955322266,42.48982759809608,41.85196079476881,42.44275339219184,117473600,41.82539803641183,41.63496524580447,62.36465041212127,0.6438936292857207
2018-03-15,42.049678802490234,42.42392721680228,41.91316466923111,42.01437404242875,90975200,41.87835775102888,41.69026038669591,57.418769242278856,0.6198969141639097
2018-03-16,41.90138626098633,42.16029615966206,41.80723426839683,42.049669813076456,157618800,41.86238534109933,41.71841050326797,47.416998396942994,0.5822021122343841
2018-03-19,41.26117706298828,41.77193962497624,40.875162778781466,41.73663486391824,133787200,41.81043570382254,41.65744604456401,42.474564710786076,0.49496354664036346
2018-03-20,41.24704360961914,41.614227387941526,41.17643051574226,41.24704360961914,78597600,41.76201575142996,41.6027257199047,42.913406551336344,0.4198461779245477
2018-03-21,40.3126220703125,41.211751471864225,40.31026602495378,41.19998201966833,148219600,41.69930567060198,41.43071189995908,41.19044429218326,0.281668217214758
2018-03-22,39.743003845214844,40.64448542985486,39.68416019344019,40.01368320676567,165963200,41.57556588309152,41.205684159326516,33.556835076280024,0.12475960648316686
2018-03-23,38.82270050048828,39.99486540749828,38.82270050048828,39.63474243250405,164115200,41.37583351135254,40.88795300481475,26.869143690569132,-0.07301076397114059
2018-03-26,40.66568374633789,40.74335782034103,39.1757616174395,39.55942348830978,150164800,41.3102662222726,40.8583171036845,44.15478229185644,-0.08010842190635259
2018-03-27,39.622962951660156,41.225863550656555,39.28873141985822,40.87986256946427,163690400,41.19779069083078,40.693603216747924,40.74688112102555,-0.16793635494206427
2018-03-28,39.1851692199707,40.0183974601968,38.8815375134174,39.36640869913229,166674000,41.02193178449358,40.4924786838443,35.512410878671986,-0.2697573254616046
2018-03-29,39.491146087646484,40.42558344201287,39.284015311404765,39.49820703760645,153594000,40.81681878226144,40.35896767101792,32.246690923635825,-0.3220490214619005
2018-04-02,39.232234954833984,39.764183827052186,38.712059121958525,39.22282155150351,150347200,40.56395884922573,40.2087366421934,27.69863356067269,-0.38000210417695257
2018-04-03,39.634735107421875,39.719470120673925,38.808571421863356,39.45820412910777,121112000,40.36927086966379,40.13220310422387,32.80882180274132,-0.3889681584717408
2018-04-04,40.392642974853516,40.486791396247085,38.782681264911915,38.80857261952495,138422000,40.254441942487446,40.16692842030782,40.34495019707643,-0.33110027245777474
2018-04-05,40.67274475097656,41.00932881388538,40.503274696851165,40.620962034908665,107732800,40.15608951023647,40.23437059773032,41.95328219946666,-0.2596446614175534
2018-04-06,39.632381439208984,40.597415269493986,39.59001213811566,40.24200087033369,140021200,39.99401773725237,40.15410537659414,37.992071778746265,-0.2836939521519142
2018-04-09,40.02545928955078,40.74099663345534,39.978385078634915,39.98544603069569,116070800,39.905752182006836,40.136952564988356,43.28473617481046,-0.26794637190624826
2018-04-10,40.77865219116211,40.955183153028614,40.373807564625736,40.71980853720661,113634400,39.872295652117046,40.22251251514486,47.643876181170505,-0.19247123999655003
2018-04-11,40.5880012512207,40.93635469352344,40.413822734303444,40.53857099928074,89726400,39.89196559361049,40.271244346621636,51.4972603427299,-0.14635351943589825
2018-04-12,40.98814392089844,41.19056627597308,40.72923035340795,40.81632142149058,91557200,39.98090417044504,40.36683095652521,56.89703990574219,-0.07663334284644208
2018-04-13,41.12700653076172,41.388272503790546,40.91987930647764,41.138775980120656,100497200,40.14549745832171,40.46818769975675,63.97364517684159,-0.010058599229182619
2018-04-16,41.38357162475586,41.470659093730326,41.1505494342852,41.19762364477054,86313600,40.19677516392299,40.59023888975663,55.39054604951087,0.06268245924233184
2018-04-17,41.95317459106445,42.11793611080051,41.52243859491263,41.541268995958426,106421600,40.36321885245187,40.77196364993101,68.83562509751587,0.16439740026608263
2018-04-18,41.8590202331543,42.08968993935178,41.63306261636813,41.85195928210045,83018000,40.55420821053641,40.91690452769412,72.88468168687412,0.2347042297788562
2018-04-19,40.67274475097656,41.282364300146575,40.63979243998177,40.89870242878873,139235200,40.63860811505999,40.88434989079845,58.78863678794788,0.1924815736418708
2018-04-20,39.006290435791016,40.30085111535037,38.93802977051973,40.154919969854056,261964400,40.62246922084263,40.633941963464125,48.610402066073824,0.0242710962702688
2018-04-23,38.893306732177734,39.28873440268623,38.62262374177616,39.26755154709441,146062000,40.56951005118234,40.40185726595927,45.2717052571964,-0.11680727798454882
2018-04-24,38.3519401550293,39.14985995231257,37.9470955318883,38.994511845205345,134768000,40.423745564052034,40.12853498450195,36.61622631011162,-0.2691935684925184
2018-04-25,38.51906204223633,38.93567620006558,38.227199759614614,38.27662642743111,113528400,40.269911084856304,39.91393859219987,35.662788896422654,-0.3721851433470036
2018-04-26,38.65321731567383,39.00863167071187,38.45314746794144,38.62967841892952,111852000,40.19997079031808,39.7458424219964,42.58726387032607,-0.43793327683801664
2018-04-27,38.206016540527344,38.67911831424249,37.80823279042604,38.60144424544765,142623200,40.07001059395926,39.54053230446719,36.33791375306065,-0.5201287905325316
2018-04-30,38.898014068603516,39.368763377105935,38.09303318204824,38.161293843039125,169709600,39.93567929949079,39.45486320635204,35.74741660036635,-0.5233975093864558
2018-05-01,39.80185317993164,39.82538848908301,38.90036787504531,39.16869482178843,214277600,39.87952586582729,39.50112853616265,44.62332151641932,-0.4478927017798995
2018-05-02,41.56010437011719,41.837844737830906,40.90811557307444,41.24469960427315,266157600,39.92038018362863,39.77565864735659,53.298948022470576,-0.2433729689476536
2018-05-03,41.63541793823242,41.77899660543915,41.05875081606934,41.3976908561332,136272800,39.95669528416225,40.023626552806704,52.954065988333305,-0.07435530993943473
2018-05-04,43.26891326904297,43.3677701703335,41.936692167378894,41.955522566414906,224805200,40.091362544468474,40.45633144830487,59.44350626744273,0.18922060666943707
2018-05-07,43.58197021484375,44.17275928199006,43.48546574823855,43.58667512184981,169805600,40.20770508902414,40.873083283843386,58.373697061217285,0.4185427979035765
2018-05-08,43.79145050048828,43.8314637564863,43.23125773345237,43.541953968070146,113611200,40.34573582240513,41.262198912729374,59.81826970524743,0.6101521409116231
2018-05-09,44.09978103637695,44.10919443921447,43.59607958359065,43.90912820302075,92844800,40.59052412850516,41.64054319588239,69.11758509607344,0.7779162884000641
2018-05-10,44.73059844970703,44.80827251787199,44.168053160450754,44.18923960924648,111957200,40.999403272356304,42.052550563059015,86.1045279802976,0.950811909422761
2018-05-11,44.56047439575195,44.90780963637365,44.29111274030875,44.773130611342786,104848800,41.404200962611604,42.386940407418074,85.48833262784136,1.0618648286045484
2018-05-14,44.456512451171875,44.78258317264734,44.38799217185253,44.659715369494286,83115200,41.8402418409075,42.66288334658525,90.44291989795995,1.1284778172436702
2018-05-15,44.05247116088867,44.20133015878554,43.73585375444353,44.132806274992966,94780800,42.23548534938267,42.848161721825704,85.54318305002681,1.1355761206022237
2018-05-16,44.463592529296875,44.52975487692427,43.948498949610155,43.965040437862264,76732400,42.650512150355745,43.06355249615519,86.03989965695779,1.1609924375726592
2018-05-17,44.18242263793945,44.63608416033303,44.03356365522016,44.42106643093434,69176000,43.0773983001709,43.21273518172642,87.84930811204144,1.1452453163720122
2018-05-18,44.02175521850586,44.37617867238944,43.979226134623104,44.22968479850641,73190800,43.443379810878206,43.32060451996369,84.79067439862987,1.1070398253754163
2018-05-21,44.333648681640625,44.72115150574485,44.16352513882592,44.42107197808811,73603200,43.76707948957171,43.45567707485395,83.46116168225299,1.0893713001395398
2018-05-22,44.222591400146484,44.6289972010794,44.13280298203438,44.510856063724056,60962800,43.9572571345738,43.55793231822629,75.97786156405742,1.0542546804179977
2018-05-23,44.506126403808594,44.53920577581942,43.891791088886215,44.0312003616429,80233600,44.16230773925781,43.68435819630393,76.91582454009409,1.0373455378466119
2018-05-24,44.456512451171875,44.61954781190961,43.99812782647407,44.60300992602496,92936000,44.24713625226702,43.78731209695299,65.83942511986845,1.008318224364146
2018-05-25,44.5581169128418,44.810937101007575,44.33837249733596,44.475416665046545,69844000,44.31686101640974,43.89008607240483,63.797444875678444,0.9821904204371421
2018-05-29,44.39743423461914,44.598275593350905,44.154063800606444,44.32655244248424,90056400,44.360145568847656,43.95773249403341,58.68514774401025,0.93770887413541
2018-05-30,44.30292510986328,44.421066243489584,44.1328015890109,44.35490749708936,74762000,44.374655859810964,44.00375817614406,53.10162626722689,0.8846333293414403
2018-05-31,44.154075622558594,44.47541971933845,43.981590539880166,44.23677587603318,109931200,44.333475657871794,44.02380050233267,39.67852440296999,0.8210946006228141
2018-06-01,44.95033645629883,44.955059505415925,44.36199235693021,44.41870139476438,93770000,44.36132294791086,44.14733862952816,55.70145783264269,0.8254757246815387
2018-06-04,45.326026916503906,45.701714849155046,45.21261243983928,45.28113270970008,105064800,44.423431124006,44.304497067791594,61.77981465518132,0.8494707078814443
2018-06-05,45.67571258544922,45.82457152869167,45.451245211216225,45.619007163551395,86264000,44.53937694004604,44.48732580347928,72.31970794496692,0.8864847713541408
2018-06-06,45.83403396606445,45.85766363534121,45.347293064166436,45.75133733435847,83734400,44.63726561410086,44.66688689182397,70.25158544491107,0.9180116289803593
2018-06-07,45.71117401123047,45.88602060068684,45.44653539128888,45.87184423996137,85388800,44.74646214076451,44.806125174411505,73.6998728525385,0.9224496933562492
2018-06-08,45.295310974121094,45.36619637703649,44.83928791820581,45.17008165796916,106627200,44.83743040902274,44.87134994770612,68.29597105569762,0.8822403027319794
2018-06-11,45.18425369262695,45.35910385569814,44.94324839331655,45.21261001430778,73234000,44.898187909807476,44.9130704470289,62.96815842275146,0.8318239280469726
2018-06-12,45.4323616027832,45.51033519656956,45.165361442731324,45.22207049422554,67644400,44.98460006713867,44.98230926779614,67.70408596195844,0.8026365284281951
2018-06-13,45.05902099609375,45.574118137506474,44.99758891360887,45.46542672423859,86553600,45.024092538016184,44.992537498235826,57.883972262656194,0.7408398959604412
2018-06-14,45.0826530456543,45.26459138372451,44.945608910973704,45.25986472932009,86440400,45.0688168661935,45.00455290455829,58.995071148848666,0.6858662887673361
2018-06-15,44.61955261230469,44.93144700646799,44.4825084335404,44.900729151029516,246876800,45.07320513044085,44.95321953225781,50.79953571822187,0.5980371740466452
2018-06-18,44.595916748046875,44.70933122765769,44.2320400347811,44.39271385249596,73939600,45.08738245282854,44.90557916102969,52.678638538499484,0.5205244690791417
2018-06-19,43.87525177001953,44.02647226646141,43.345978229782425,43.74529581087861,134314000,45.05683435712542,44.76820217556167,45.06272878125429,0.3963742949277318
2018-06-20,44.06664276123047,44.23203962692559,43.884704406275205,44.03120186336054,82514800,45.05058915274484,44.674660920317514,49.00045005913568,0.3098562114022556
2018-06-21,43.8209114074707,44.503767023974675,43.6980436174885,44.24385508466258,102847600,44.969915934971404,44.56082765193794,35.22886695044292,0.21893776205642013
2018-06-22,43.69331741333008,43.98394359909991,43.641335024931394,43.97685541935294,108801600,44.85329382760184,44.44515962012356,27.164809461768044,0.1350319032123508
2018-06-25,43.04353332519531,43.69330945646864,42.703286337776724,43.33415945804006,126652400,44.66528102329799,44.25827611413313,16.03713219731648,0.015920241495130938
2018-06-26,43.577537536621094,44.07373174817735,43.130964188373,43.23729409469315,98276800,44.50410270690918,44.16751097046486,23.457771739179208,-0.03498366169089451
2018-06-27,43.51374053955078,44.25094001454132,43.483022692965825,43.76656067524056,101141200,44.34714317321777,44.08034157967632,23.78830210314608,-0.07955618205374293
2018-06-28,43.83036422729492,43.998126237389926,43.428685060573926,43.49957046773212,69460800,44.24250411987305,44.047011266025464,32.10190014121726,-0.08831331913275164
2018-06-29,43.738216400146484,44.22968401345426,43.21839606475345,44.017027781669555,90950800,44.139215741838726,44.0058386172416,32.250917256788824,-0.10151872819358232
2018-07-02,44.22731018066406,44.25566650255156,43.33889021144508,43.43340527543501,70925200,44.05314064025879,44.035368159031265,36.0349981565492,-0.07169190974475725
2018-07-03,43.45702362060547,44.40924063825704,43.367235227104295,44.3714346193744,55819200,43.93871225629534,43.958255553907826,32.99902517067609,-0.10895367888787177
2018-07-05,43.80672073364258,44.04536807559281,43.54208580949544,43.77364136812418,66416800,43.84757423400879,43.9380509112058,37.33578985948428,-0.10900966929746403
2018-07-06,44.41396713256836,44.52265492974039,43.759464403860584,43.811446778292556,69940800,43.832889556884766,44.001506407387474,48.01623439008033,-0.059369952817483806
2018-07-09,45.030670166015625,45.0542962270149,44.72822918433006,44.77548491170952,79026400,43.86394337245396,44.13872824187123,53.764252024679294,0.029393827181912968
2018-07-10,44.976341247558594,45.19608207552012,44.93617008024962,45.06140302733966,63756400,43.94259262084961,44.250409975962874,60.777183036327685,0.09426919605459005
2018-07-11,44.392704010009766,44.841638779412534,44.3289068020191,44.53919783058489,75326000,43.96588271004813,44.269382513835794,52.963829319492994,0.09746522740616115
2018-07-12,45.136985778808594,45.22677416336071,44.73058012977697,44.78256249921451,72164400,44.05988802228655,44.3850629491655,60.96870209155056,0.15823143036462994
2018-07-13,45.207881927490234,45.32838457332759,45.10627868833329,45.14881136681647,50055600,44.16807120186942,44.494772146275466,62.74343656879775,0.20969260488089247
2018-07-16,45.108646392822266,45.51977521113344,44.992866789356334,45.25277871330797,60172400,44.31557927812849,44.57662204581504,69.1498611577849,0.2397053046009603
2018-07-17,45.236244201660156,45.335482331916154,44.70460904325766,44.834565025276824,62138000,44.43405832563128,44.6645716665944,66.63506608576688,0.27066658623080997
2018-07-18,44.9881477355957,45.318945113367,44.877094767997406,45.31421845793809,65573600,44.539373125348774,44.70771514246124,64.25960947455489,0.27204831002989494
2018-07-19,45.337833404541016,45.49614205886663,44.82037476728147,44.82037476728147,81147200,44.64704949515207,44.79173091073854,64.4867213424854,0.2979257446028285
2018-07-20,45.23387908935547,45.46779623305728,44.93379959201506,45.31421419718475,82704800,44.75388254438128,44.8506840012208,64.34071951034848,0.3065122708248964
2018-07-23,45.2740364074707,45.3567366267856,44.7896571344418,45.054292067640574,63957600,44.828648703438894,44.90713098872078,60.981632510943896,0.31295002163685837
2018-07-24,45.60247039794922,45.75841753506778,45.37800300048623,45.472514450350424,74791600,44.98189490182059,44.99984290995124,74.80886600593914,0.3406273239734432
2018-07-25,46.03251266479492,46.03960084432473,45.46779458945807,45.61665357034644,66839600,45.14088003976004,45.137532210597065,75.26841394124169,0.3927353932564799
2018-07-26,45.88838195800781,46.30187593695004,45.7466111516465,45.982893425327774,76304000,45.246195384434294,45.23764551025183,68.70524034585256,0.417587580406817
2018-07-27,45.12519073486328,46.119940762134945,44.917264771321996,46.07268502521109,96096000,45.252946853637695,45.22265154020002,51.15616700169287,0.3714184832463303
2018-07-30,44.87236022949219,45.41344496266558,44.673884016873366,45.3425595709072,84118000,45.24551963806152,45.17594603210564,48.78701737460328,0.3108446091651018
2018-07-31,44.9621467590332,45.39927035389456,44.73767934763721,44.96451188892407,157492000,45.286194120134624,45.147439462362655,57.5078409952783,0.26700651519972496
2018-08-01,47.61088180541992,47.67231390336049,46.620858425756325,47.05089392748525,271742800,45.46290097917829,45.47589844143696,71.71313300410145,0.4409127243095554
2018-08-02,49.00258255004883,49.23650330826546,47.33915686331954,47.39350077892811,249616000,45.73395102364676,45.946122989251876,77.03710991859171,0.6831582441317039
2018-08-03,49.14434814453125,49.32155983804991,48.55127736944488,48.91751559045967,133789600,46.02221543448312,46.372553009955794,78.58101920016858,0.876475399744443
2018-08-06,49.399532318115234,49.44206139303171,48.926967812566545,49.14670857706378,101701600,46.319593157087056,46.776150251043724,78.96122037287756,1.0383029583053442
2018-08-07,48.93641662597656,49.501131055617776,48.85371639685774,49.458601981475056,102349600,46.60161236354283,47.06418576770143,76.66771274729115,1.1163147172544754
2018-08-08,48.96949005126953,49.10180751749048,48.324440600752126,48.68595210859884,90102000,46.86101640973772,47.31822633884384,75.62520894131555,1.1673518418989133
2018-08-09,49.354637145996094,49.567289727173105,48.95768109431642,49.50821916513716,93970400,47.15535627092634,47.58974777979748,77.96656331616347,1.2247590229871435
2018-08-10,49.2076416015625,49.57990757841602,49.00372601316456,49.16733316895234,98444800,47.436328070504324,47.80546695603282,76.31479421976942,1.244052651087351
2018-08-13,49.52535629272461,50.01854743640567,49.247936952783796,49.62968567554519,103563600,47.71653420584543,48.03478553425839,76.28077643165895,1.2703362649783614
2018-08-14,49.73402404785156,49.92608334729282,49.38072741362771,49.83124041014503,82992000,47.98092787606375,48.261350669404145,75.5557276251187,1.2930979342195812
2018-08-15,49.85020065307617,49.968756111957894,49.397317931821874,49.60834650391032,115230400,48.2639149257115,48.47319733389375,77.45891475409663,1.3054626414866703
2018-08-16,50.58050537109375,50.69668741136492,50.141848702977256,50.208239473996684,114001600,48.65358025687082,48.754171738853756,87.98331799917982,1.3585309492843791
2018-08-17,51.59060287475586,51.67833277178583,50.5425728705174,50.608963649571336,141708000,49.1334547315325,49.132362556974044,92.31449370285067,1.465204427773756
2018-08-20,51.08793640136719,51.9699859711912,51.00494610618799,51.71390928132314,121150800,49.571011134556365,49.39310573622647,86.67546722515193,1.4919842785390003
2018-08-21,50.98832702636719,51.49811763900406,50.74884631665166,51.40564453148764,104639200,49.81225722176688,49.605801908245226,79.10477003215611,1.488016926249209
2018-08-22,50.99070358276367,51.30131830611395,50.70379778037172,50.765448934519426,76072400,49.954265866960796,49.79045546484768,72.52626610673798,1.4681407268030995
2018-08-23,51.09503173828125,51.464924182181704,50.88400317128546,50.89585582246721,75532800,50.09360040937151,49.96439896797216,72.29119442022667,1.4441597313603651
2018-08-24,51.25389862060547,51.42935839026841,51.004931424758055,51.35822800690538,73905600,50.22605514526367,50.13633225498993,71.66750909961301,1.4215866830209976
2018-08-27,51.67595672607422,51.86564619391058,51.29420798358787,51.48863706505151,82100400,50.421736580984934,50.341615517801166,82.32051111263128,1.4213692811056546
2018-08-28,52.093265533447266,52.29243782695971,51.9083193154678,51.92965842876728,91107200,50.64486340114048,50.575168853220646,83.7901384238677,1.438290602915636
2018-08-29,52.870994567871094,52.99192345864419,52.0245104225879,52.199970196610515,109019200,50.89603178841727,50.88127894850737,85.05909665562677,1.4971983352516816
2018-08-30,53.35707092285156,54.12293819410298,52.73346803514367,52.93501376769563,195175200,51.19241959708078,51.2113845450866,88.75087815297888,1.5650643494706458
2018-08-31,53.97355651855469,54.267571725521584,53.587064585238195,53.70798984442375,173360400,51.510148184640066,51.57967414154901,89.34543994439326,1.6495785750889382
2018-09-04,54.14665222167969,54.34108130327317,53.73645132505295,54.15850849180719,109560400,51.82533591134207,51.921937885566436,89.27796755200305,1.7108030122176459
2018-09-05,53.79335403442383,54.4572653435543,53.37367030498085,54.296031652293266,133332000,52.10698972429548,52.171460038747426,83.67740295959392,1.7110912142642505
2018-09-06,52.89944839477539,53.907169818025736,52.47264800955837,53.6416031238765,137160000,52.27262851170131,52.26852515288449,69.26703757772303,1.6205086866163967
2018-09-07,52.47265625,53.4376959772682,52.33276165171727,52.60306800180006,150479200,52.33563232421875,52.295742632499895,58.115168178503176,1.497026037319145
2018-09-10,51.768428802490234,52.60306027336048,51.32740233630588,52.38965826957899,158066000,52.38423892429897,52.22543412183194,56.036846397763775,1.327042558013467
2018-09-11,53.07728958129883,53.18398878916709,51.34874866533374,51.69255883203197,142996000,52.53345053536551,52.33901484976086,65.25812727119734,1.2831521727300625
2018-09-12,52.41812515258789,53.34996955075509,52.126476047398114,53.33574347109244,197114800,52.63540921892439,52.34956289013779,59.51335668261251,1.1815593845597832
2018-09-13,53.68428039550781,54.1442761260315,52.773775396670864,52.99903003082749,166825600,52.820355551583425,52.52752522418712,64.94252873563218,1.1895026680831293
2018-09-14,53.074920654296875,53.786253591072565,52.76193604348931,53.5278034923704,127997200,52.95042855398996,52.60051128153509,59.98967905459136,1.1335605585181199
2018-09-17,51.6617317199707,52.863882280080546,51.51709390477536,52.67419280831236,148780400,52.94941248212542,52.47534067332651,49.92961853586171,0.964080180952358
2018-09-18,51.74708557128906,52.60305608904145,51.48151889557614,51.640382768873216,126286800,52.92468534197126,52.37823999305485,48.22902172619106,0.8271185948626751
2018-09-19,51.77792739868164,52.07431614574196,51.04999851727537,51.808752986144455,108495200,52.846609115600586,52.29819831380509,43.945437710743626,0.7128469726771414
2018-09-20,52.1715087890625,52.70500829106966,51.96285004828724,52.22130366784752,106435200,52.76192610604422,52.28130637717275,43.36511710123839,0.646591117802302
2018-09-21,51.60956573486328,52.48687544958484,51.52183223077317,52.34935067644082,384986800,52.59306962149484,52.19174095819815,36.68889387218197,0.5424853341004052
2018-09-24,52.35172653198242,52.46316897106099,51.365347701921,51.410399362573116,110773600,52.46486064365932,52.21307236803606,40.50186620265609,0.5139425149121237
2018-09-25,52.683685302734375,52.833066366781274,52.09327770400126,52.10513397572384,98217600,52.385598591395784,52.275820759329164,44.11472059322779,0.5122040540706152
2018-09-26,52.26398468017578,53.053564419441564,52.10749061624377,52.4015094377501,95938800,52.34020832606724,52.27424261544205,46.451227519129326,0.4715245373203629
2018-09-27,53.338104248046875,53.691400844636,53.003776960471846,53.070171351034034,120724800,52.40202604021345,52.416090833122695,54.507252227481224,0.5199643739152009
2018-09-28,53.525421142578125,53.549130064099145,53.11759006495077,53.300162870962296,91717600,52.52752549307687,52.56400154105009,59.67112079047925,0.5669329511653274
2018-10-01,53.885826110839844,54.397986563838984,53.67005792440383,54.0494332237167,94403200,52.5852781023298,52.74024481702206,54.96934034259477,0.6260211735312851
2018-10-02,54.36479568481445,54.53551584996074,53.73645314505783,53.88346076914599,99152800,52.72432599748884,52.95685159939438,62.2354306430034,0.7033896194794451
2018-10-03,55.026344299316406,55.35829820862648,54.48335815434162,54.54737912900366,114619200,52.82018770490374,53.23278395938399,59.12912922263809,0.8087631960147093
2018-10-04,54.058921813964844,55.09272560546877,53.760159728945304,54.720459711603354,128168000,52.89047350202288,53.3429356733281,56.3825628235201,0.8049308631751018
2018-10-05,53.18161392211914,54.1585135062695,52.30193431480549,54.05181430129419,134322000,52.999036516462056,53.32142610650024,60.59501282268109,0.722770646778315
2018-10-08,53.058319091796875,53.30254308452448,52.21183125092516,52.688426583123054,118655600,53.092696053641184,53.286345171206456,59.0924385041223,0.6403279192989615
2018-10-09,53.79335403442383,53.888200574599935,52.69790272607517,53.02748676488281,107564000,53.23665509905134,53.35394635296878,62.732069666205255,0.627074120608178
2018-10-10,51.30132293701172,53.670062521507774,51.227819124762505,53.45903393039437,167962400,53.174498966761995,53.08026323084117,45.65481251885783,0.4107494429730352
2018-10-11,50.848453521728516,52.04586480228857,50.343409549053334,50.86505302847775,212497600,53.12013380868094,52.78268860295948,46.1576059262546,0.20045705622236198
2018-10-12,52.66470718383789,52.84728360735787,51.41513160820397,52.26398914560435,161351600,53.14248956952776,52.7669577470766,51.42546000907613,0.1782999848768867
2018-10-15,51.538429260253906,52.598315352725166,51.517090145968695,52.439451471892795,123164000,53.06068556649344,52.60315394883357,45.135905983725756,0.06906301501972223
2018-10-16,52.674190521240234,52.87336644786293,51.39616278070378,51.910693053592425,116736000,53.08998598371233,52.61262549182113,51.64231943466568,0.07329348948358927
2018-10-17,52.446563720703125,52.790373822884185,52.0079070819727,52.709756980336294,91541600,53.02630451747349,52.590483922338734,46.17105604617696,0.057614447046525186
2018-10-18,51.22071075439453,52.1027638178289,50.504634639880365,51.65699405384939,130325200,52.86168234688895,52.40784749994617,40.91249573576226,-0.053115118523336946
2018-10-19,52.000797271728516,52.46316285977673,51.55502756734067,51.704408610412266,132314800,52.72703742980957,52.353574136183816,42.80541905989065,-0.07703462727623389
2018-10-22,52.31853103637695,52.96110331958656,51.9130733273846,52.11461546933148,115168400,52.58087566920689,52.348901722876235,42.092710061711585,-0.06955081242661976
2018-10-23,52.81171798706055,52.93501668735266,50.90771745231698,51.17565396890587,155071200,52.42268807547433,52.410610558100814,41.329295624285166,-0.023552274100431703
2018-10-24,51.000186920166016,53.16738058448687,50.869775190546356,52.780892245101086,163702000,52.20420701163156,52.22255407304284,38.766915911260455,-0.13175473204044152
2018-10-25,52.11698532104492,52.49162104030336,51.393796230641804,51.62142432490957,119423200,52.12816211155483,52.20847823944312,46.15777932459431,-0.1259379279969437
2018-10-26,51.28709030151367,52.20945159210502,50.426376544726565,51.1922437671702,189033600,52.00164576939174,52.085626514385865,43.91787612622584,-0.18614786452949517
2018-10-29,50.32443618774414,52.09091228234063,48.86620147572813,51.97235679118615,183742000,51.75386592320034,51.850801137500305,38.27161640268143,-0.30799246929837665
2018-10-30,50.57576370239258,51.02152980472352,49.62020691352,50.065973015850936,146640000,51.702040263584685,51.68079614615261,47.10883169749601,-0.37989596224451105
2018-10-31,51.894100189208984,52.27110571342019,51.362970384025495,51.424621543624724,153435600,51.77672931126186,51.7092366852268,53.897791436376885,-0.3267348656073352
2018-11-01,52.690799713134766,52.72399510400599,51.40802850513527,51.939158377101236,233292800,51.77859306335449,51.84011175561453,50.10526471305209,-0.21780658154017374
2018-11-02,49.195770263671875,50.658744134392954,48.70969217782817,49.68659158073086,365314800,51.61126027788435,51.48753289002218,42.06551787045991,-0.4087875506009482
2018-11-05,47.7991828918457,48.46309409974298,46.98826409162313,48.441754988216736,264654800,51.26304544721331,50.995752890265315,33.77522674873295,-0.6651666466136064
2018-11-06,48.31608963012695,48.54134426396523,47.82289851861433,47.87743301315881,127531600,50.96801158360073,50.638464455580205,36.51284854213122,-0.8172184874829753
2018-11-07,49.781436920166016,49.80751926608168,48.401453247422836,48.83773647180707,133697600,50.86520630972726,50.524194117524985,45.37274077453552,-0.8101405905258545
2018-11-08,49.60774230957031,49.995579151171235,49.19372848709502,49.96226794458007,101450400,50.69427381243025,50.402000543131024,41.994184178238875,-0.8092188385924359
2018-11-09,48.65122604370117,49.01764928927331,48.12300292754273,48.90819974593897,137463200,50.43232345581055,50.16856394320704,38.234135036444535,-0.8755780930319617
2018-11-12,46.20046615600586,47.551957204167856,46.11004846587322,47.34970825433935,204542000,49.96009118216379,49.63948423824689,31.156024766056788,-1.1130930772319942
2018-11-13,45.738868713378906,46.91666232300983,45.553277169104916,45.59610794197945,187531600,49.58428273882185,49.11940216826449,33.75349113889757,-1.3233180821882229
2018-11-14,44.44686508178711,46.27422906847281,44.23985633891213,46.136224450106,243204000,49.03641700744629,48.49639722340084,26.568846717152184,-1.5760095514725023
2018-11-15,45.54375076293945,45.67699557119655,44.470647180189204,44.8251763976687,185915200,48.626178468976704,48.10271102867266,32.73650332959225,-1.6685261234811009
2018-11-16,46.048187255859375,46.39081890205904,45.07978050785697,45.3272346797515,147713200,48.32073211669922,47.82877452563089,36.78222368956308,-1.6817561263491356
2018-11-19,44.223201751708984,45.37482197028844,44.016196643218514,45.20826592721281,167701200,47.86697769165039,47.348031489107974,32.10524392864818,-1.8185390904503507
2018-11-20,42.11030578613281,43.17864971687647,41.76053630707205,42.4410397716322,271300800,47.16813523428781,46.649668062044626,23.62054590870858,-2.073531243732873
2018-11-21,42.062713623046875,42.893119226709615,42.0079888550369,42.76463056885299,124496800,46.40898622785296,46.038074136844926,20.137837452558074,-2.253477960952722
2018-11-23,40.994384765625,42.01990180472043,40.949179542058644,41.62492338758252,94496000,45.82317297799246,45.36558222068227,23.31761306800834,-2.454004010523839
2018-11-26,41.54876708984375,41.627287131082504,40.511356398419196,41.45835304319055,179994000,45.3767147064209,44.85667353657047,28.485912913134513,-2.5389212256572833
2018-11-27,41.4583740234375,41.58448104209756,40.658901126104524,40.80879979828216,165549600,44.88687787737165,44.4035669348194,25.68154769393182,-2.5837290749975708
2018-11-28,43.052547454833984,43.135823663787434,41.62253625141104,42.05082582673446,184250000,44.406242915562224,44.223431004154676,26.354426891055496,-2.4622202037425467
2018-11-29,42.721824645996094,43.49512416000091,42.28163731653315,43.461812941546725,167080000,43.91439165387835,44.02321682306687,26.0667526181891,-2.3653439024244847
2018-11-30,42.49100875854492,42.907400653298076,42.12220378277658,42.89788109111159,158126000,43.47437613351004,43.81892241446394,27.45157614887961,-2.280900843667986
2018-12-03,43.97574996948242,44.00430139823407,43.11679272492388,43.89009205257784,163210000,43.315467834472656,43.839832755133074,41.237103488233714,-2.070307685722227
2018-12-04,42.04130554199219,43.397552697905496,41.941371923203754,43.05492107311704,165377200,43.051356179373606,43.60002912671429,36.94990120476867,-2.0360344515107016
2018-12-06,41.57256317138672,41.58683888268102,40.54942817105812,40.86826449212714,172393600,42.846048900059294,43.32970033267062,39.2296127222708,-2.023372084452994
2018-12-07,40.09021759033203,41.517847109590086,40.045008741318256,41.27990885638041,169126400,42.456510816301616,42.8977693003588,30.138636695170163,-2.1086428451106727
2018-12-10,40.35432815551758,40.470915572966724,38.862454329799945,39.25981076673073,248104000,42.04980659484863,42.55864381437998,28.893926003436107,-2.130351654156904
2018-12-11,40.123531341552734,40.875413510017815,39.735690802451394,40.844484003983546,189126800,41.75697299412319,42.23396215133634,32.76650797865858,-2.141493610459179
2018-12-12,40.235374450683594,40.90635867661593,40.216338947945324,40.544691385890545,142510800,41.62304932730539,41.96748379124931,40.52436394931336,-2.1168966203897313
2018-12-13,40.67554473876953,41.061007188033315,40.34243262770178,40.56609517255429,127594400,41.52396583557129,41.795225250918676,43.25701227110357,-2.0383879969792957
2018-12-14,39.374027252197266,40.23060654931838,39.32644032027947,40.21157105042123,162814800,41.408226013183594,41.47239885108915,42.29809486336578,-2.0574736556637347
2018-12-17,39.007606506347656,40.05691530823448,38.71969955830769,39.36689204174012,177151600,41.22671454293387,41.14375987179029,37.7015676416549,-2.078209958795796
2018-12-18,39.514404296875,39.86179208564838,39.11466617547559,39.350226334370745,135366000,41.08785956246512,40.926512461801586,40.95629705085841,-2.0303447319905814
2018-12-19,38.28189468383789,39.84276942196333,37.85360499821799,39.497759597393305,196189200,40.74709865025112,40.57389675807309,27.033205490883418,-2.0680255093855706
2018-12-20,37.315853118896484,38.57216668527929,36.9518079167429,38.16529071370509,259092000,40.36095782688686,40.13949093951621,25.47488601385797,-2.151043388486535
2018-12-21,35.86442947387695,37.63231246407767,35.60269959136626,37.32299202961106,382978400,39.88763073512486,39.56948274409764,22.934852991858875,-2.307355654182736
2018-12-24,34.93647384643555,36.05954268213559,34.87936735913485,35.250550449965445,148676800,39.24196815490723,38.95174822440936,11.321422415369113,-2.477552828023427
2018-12-26,37.39675521850586,37.41103093294613,34.91030117218417,35.28624405192659,234330000,38.91021456037249,38.74441582362223,30.982037338618298,-2.3864022100067075
2018-12-27,37.154052734375,37.30157690411761,35.70739150760607,37.080292464828304,212468400,38.59460667201451,38.5323674117226,31.56636982800164,-2.307153323286016
2018-12-28,37.1730842590332,37.71796477444169,36.7733498226303,37.47526679196917,169165600,38.386240005493164,38.351129658030686,36.13740970025471,-2.2172532098052002
2018-12-31,37.53238296508789,37.917841789878466,37.232578429673204,37.720352595634594,140014000,38.18467249189104,38.241963432304985,36.70998962318657,-2.0928888000730836
2019-01-02,37.5752067565918,37.796491209681555,36.69721406234268,36.85425417348387,148158800,38.00264930725098,38.153062542209895,37.78229399396895,-1.968185569193487
2019-01-03,33.83243942260742,34.6723611316717,33.787230575440596,34.258347280967,365248800,37.545296805245535,37.57697945959623,27.229542903515423,-2.1466224768370807
2019-01-04,35.27672576904297,35.345729898875284,34.21552314309918,34.3892170595102,234428400,37.1596668788365,37.270278967522465,32.08022487274937,-2.1467468130035954
2019-01-07,35.19820785522461,35.41235448462619,34.715193439506045,35.38142134656096,219111200,36.86139406476702,36.994002819216085,34.91488295614087,-2.1286434135183825
2019-01-08,35.869205474853516,36.12380124647541,35.338603982587216,35.58605826366693,164101200,36.63722256251744,36.84402983996774,38.90666509175352,-2.0366749181847155
2019-01-09,36.47832489013672,36.76860994397454,35.60271357607896,35.997688445653495,180396400,36.42035974775042,36.79526917999027,39.345412700095636,-1.8928191360837872
2019-01-10,36.59490203857422,36.63535110369678,35.895363032061816,36.28558160044058,143122800,36.299860273088726,36.768553561134794,43.57670121881962,-1.7492414244645786
2019-01-11,36.235618591308594,36.571112433090754,36.05002702578016,36.37600493397239,108092800,36.22270066397531,36.697495565157965,45.687709369425505,-1.6454781769725457
2019-01-14,35.69073486328125,35.992917435038834,35.505143332444135,35.89298381309956,129756800,36.21029390607561,36.563260804907735,49.25251015603171,-1.5888968055097763
2019-01-15,36.421199798583984,36.497338130009624,35.702625461765,35.75497215302889,114843600,36.316345759800505,36.5443193373979,56.49996192328812,-1.468188877980495
2019-01-16,36.86614227294922,37.08980474355559,36.40454162180815,36.42357711192874,122278800,36.27844483511789,36.58722906213808,47.17930019990697,-1.3213916561437387
2019-01-17,37.08505630493164,37.51334588700581,36.46641539408566,36.69007793309382,119284800,36.273516518729075,36.653606027843885,49.63229000764817,-1.1738577657585836
2019-01-18,37.3134765625,37.56569051615148,37.11360568148331,37.47527282308796,135004000,36.28354454040527,36.741588765798035,50.731873391451536,-1.0266696799156563
2019-01-22,36.47593307495117,37.292059498948234,36.314133183117846,37.215921149758586,121576000,36.20808383396694,36.706168007018455,44.75423064246667,-0.9664640255706445
2019-01-23,36.62345504760742,36.913740003402474,36.095231841531145,36.678179828590224,92522400,36.14010156903948,36.69513961243032,45.322738118627015,-0.896512383742909
2019-01-24,36.33317184448242,36.756701659961614,36.10475314635756,36.66866566491867,101766000,36.318725313459126,36.6468772433706,68.6017792729906,-0.8546467958508828
2019-01-25,37.53712844848633,37.6251680497409,36.718624104982105,36.99462965271494,134142000,36.48018264770508,36.76557740405269,67.43754072087799,-0.7160644346947009
2019-01-28,37.18974304199219,37.196880897858094,36.56158631124964,37.06839223097384,104768400,36.62243516104562,36.82213282244463,64.7514705724453,-0.6270398886123871
2019-01-29,36.80428695678711,37.62517682803338,36.66866404152659,37.177851753922326,166348800,36.68922669546945,36.8197533736903,57.23215255125403,-0.580894192483207
2019-01-30,39.319297790527344,39.53344077404036,38.12484669885647,38.84342126658753,244439200,36.89215333121164,37.1530259626019,66.96985937290651,-0.3374926353601708
2019-01-31,39.602447509765625,40.21156891959634,39.15512238601182,39.52392744246948,162958400,37.10697800772531,37.47961550222374,67.61432184380558,-0.12035989778483014
2019-02-01,39.62147521972656,40.20680123448356,39.481088904224514,39.72616862220974,130672400,37.34882490975516,37.76519679789078,70.65312288252332,0.052647846668925524
2019-02-04,40.74692916870117,40.844484731789514,39.80231393635287,39.83324707358817,125982000,37.70998164585659,38.16276111399883,78.8019176202109,0.27737505153899633
2019-02-05,41.44408416748047,41.65823077875106,41.00866034892797,41.13000755385985,144406400,38.06875910077776,38.60027085446305,78.72116636746944,0.5058959093707074
2019-02-06,41.4583740234375,41.77483242349125,41.12763990514309,41.555925974965604,112958400,38.396775654384065,38.981351276992974,77.61889772739787,0.6803112034819208
2019-02-07,40.67316818237305,41.38698298759363,40.53040376906899,41.02055602108315,126966800,38.6530693599156,39.20692686437698,70.20365134148008,0.7465710254672544
2019-02-08,40.72096633911133,40.780706033765426,40.24543705702495,40.38164531102265,95280000,38.896461486816406,39.408798794341564,69.58499035060139,0.7937890178683134
2019-02-11,40.48677062988281,40.91212046871485,40.44375981423957,40.873886201773935,83973600,39.18294988359724,39.552528372413725,74.77082527403195,0.8030548639663593
2019-02-12,40.83565139770508,40.861937000103666,40.55128996618045,40.64687563227546,89134000,39.483821051461355,39.72361144245257,75.3830904143951,0.8289937520578761
2019-02-13,40.66599655151367,41.21560238179154,40.60386859186247,40.955138230742534,89960800,39.793308530535015,39.84926279032739,76.49520493111112,0.8263353005580925
2019-02-14,40.814144134521484,40.92406308775779,40.474823239307405,40.55368004291788,87342800,40.02738107953753,39.97791363621994,73.01012815279336,0.8266535824941172
2019-02-15,40.72335433959961,41.02922128246794,40.563252396553025,40.92169056206012,98507200,40.27978188650949,40.0773057300039,75.73936611550545,0.8102399042736579
2019-02-19,40.8452033996582,40.96707465400429,40.50110598032196,40.55367717901637,75891200,40.56841877528599,40.17969208595781,80.61017967878588,0.797866834626717
2019-02-20,41.10807418823242,41.41633302299609,40.85955868823257,40.9073497098224,104457600,40.696188517979216,40.303476366261094,70.56788823826129,0.8000500841670615
2019-02-21,40.87627410888672,41.18930941843482,40.69466681187952,41.0531048572345,68998800,40.78717613220215,40.37984939861118,64.82186736549059,0.7741520530139141
2019-02-22,41.33268737792969,41.33985584736165,40.95274391315378,41.000534924773696,75652800,40.9094055720738,40.506894462520314,68.07171253108075,0.7814483628544693
2019-02-25,41.633785247802734,42.02567748260441,41.56687708426743,41.617060030029634,87493600,40.97275243486677,40.65714656722464,61.34043952227367,0.8022786537695055
2019-02-26,41.65766525268555,41.88945545358227,41.38047232123091,41.5095120445239,68280800,40.988008226667134,40.79054905861943,53.2991878867732,0.8113608632375318
2019-02-27,41.786705017089844,41.81777081362759,41.27533356556058,41.39003636221368,111341600,41.01146044049944,40.92336985308215,54.898088795003005,0.8195240471522709
2019-02-28,41.37569808959961,41.79626774171743,41.32073860868711,41.65528298161905,112861600,41.06164114815848,40.98368028461781,61.797610292704555,0.7837935212782554
2019-03-01,41.81060791015625,41.853618729961276,41.31357333049172,41.64572580846216,103544800,41.13947268894741,41.09393730135627,66.19304234840867,0.7815610605236074
2019-03-04,42.02088928222656,42.474909358370766,41.57164575485241,41.982655014743564,109744800,41.24905259268625,41.21753089880564,72.96157236754959,0.7876798852197524
2019-03-05,41.944427490234375,42.05673839013298,41.70785702415031,42.04240144907716,78949600,41.328250885009766,41.314450444329474,68.06881915080112,0.7773979110738267
2019-03-06,41.70307540893555,41.934865651105085,41.5644789185296,41.73891775722132,83241600,41.40232794625418,41.36626710627695,66.51451939361394,0.7412298403878097
2019-03-07,41.22038269042969,41.68396322987974,41.10568351605907,41.54775499776006,99185600,41.431344985961914,41.34681585083065,55.846092193169774,0.6659405671160954
2019-03-08,41.3183479309082,41.35658219637138,40.503497923548096,40.69944579938166,95997600,41.47384452819824,41.34302012817433,58.54477881768757,0.6071790694386365
2019-03-11,42.749717712402344,42.80228892761929,41.90141709077292,41.934871168981786,128044000,41.609881264822825,41.5305798060714,69.87537112779057,0.6684047838055349
2019-03-12,43.23003005981445,43.65059616392958,42.86203152827008,43.01257671355835,129870400,41.7614495413644,41.75717317323714,71.18319535099812,0.747072014697892
2019-03-13,43.421180725097656,43.801124128261506,43.23240133741407,43.55021680016882,124130000,41.943228585379465,41.97904084681855,75.6133313471252,0.8154407299814608
2019-03-14,43.90388107299805,43.99229827171578,43.62429983063425,43.94450361458386,94318000,42.12688527788435,42.235686210309154,75.74169056794008,0.8982192015605648
2019-03-15,44.47499465942383,44.76413630754834,43.9062753998339,44.171519718082784,156171600,42.32982880728586,42.53426067019112,76.9859592981968,0.9983969317541082
2019-03-18,44.92901611328125,45.01742966611717,44.396135583226894,44.3985275038249,104879200,42.56349672589983,42.85356139593647,78.7243920101665,1.1017242502276616
2019-03-19,44.57297134399414,45.16081142055455,44.427206373732226,45.00787798013392,126585600,42.76251574925014,43.0828160556775,73.52715887531366,1.141721008174322
2019-03-20,44.96247482299805,45.28029036657512,44.14284449562121,44.50128258512939,124140800,43.01871408735003,43.33343722465357,80.3970340446057,1.1911179364214561
2019-03-21,46.61845779418945,46.91476793224241,45.35675599057823,45.406938928251556,204136800,43.36213193620954,43.77143996725835,83.7584741109382,1.3483464455828127
2019-03-22,45.65306854248047,47.23975444886868,45.58854866098074,46.67819994478431,169630800,43.621573311941965,44.02232377728797,73.05835047092454,1.379154295124664
2019-03-25,45.101070404052734,45.87529432805428,44.58969888594255,45.76298343726282,175381200,43.84704780578613,44.16615666085661,68.89843928779744,1.343540601584877
2019-03-26,44.63508987426758,46.09035099490337,44.10699323759352,45.798821115947895,199202000,44.05647741045271,44.22868108931141,67.09385171999364,1.2631548951354006
2019-03-27,45.036556243896484,45.34481142938426,44.57775587798241,45.10346440270346,119393600,44.32906123570034,44.33639777658942,72.46129507529032,1.217805520478592
2019-03-28,45.096282958984375,45.297007377662844,44.81192154274647,45.151242435146784,83121600,44.59891373770578,44.437715800908755,72.3367746423028,1.1731617823302258
2019-03-29,45.39020919799805,45.42127499911637,45.053276519812606,45.361535317717,94256000,44.787520272391184,44.564714920520665,68.03782740010892,1.148262236952057
2019-04-01,45.69846725463867,45.80360602937068,45.01504516466666,45.79404928483894,111448000,44.96383721487863,44.71588189840306,67.2684098948982,1.1402588228755093
2019-04-02,46.36276626586914,46.467908673343175,45.65305866163964,45.66261540494625,91062800,45.173950467790874,44.93546648073187,69.30070157610587,1.1739864529379105
2019-04-03,46.68058776855469,46.95538884017429,46.15487566354562,46.178772994217205,93087200,45.37228666033064,45.168149319108245,68.62178760687937,1.2123857535949014
2019-04-04,46.761837005615234,46.924327200684935,46.152491481661734,46.54677194916167,76457200,45.53563254220145,45.380641010642506,66.4150978528024,1.2351357345179395
2019-04-05,47.07486343383789,47.098760762089405,46.819175877184065,46.943435420895284,74106400,45.68890735081264,45.60653733373523,65.72124712207113,1.2638549419424407
2019-04-08,47.81563949584961,47.846701648827704,46.91715240954242,46.9362695439554,103526800,45.9205265045166,45.90108428868382,72.48915552234985,1.33104608727092
2019-04-09,47.672264099121094,48.47277726052693,47.60774422451132,47.86821199748385,143072800,46.11408288138254,46.13724159674212,69.45771868996115,1.3570827525354474
2019-04-10,47.939903259277344,47.96858078870837,47.356843325868965,47.47632270087163,86781200,46.20847184317453,46.377596485080154,61.851673184233306,1.38336665117356
2019-04-11,47.540828704833984,48.0306947285734,47.41896109054997,47.9948523850252,83603200,46.34331185477121,46.53269411438067,68.84512242770067,1.3563595799381503
2019-04-12,47.52172088623047,47.82519949055509,46.886093443343924,47.60057770371108,111042800,46.51621546064104,46.66456435062731,77.04198042248899,1.3182188339826268
2019-04-15,47.60774230957031,47.75589918776008,47.316212394506586,47.452420608068394,70146400,46.728547777448384,46.79032141181971,86.28931684550625,1.2801761541530539
2019-04-16,47.61252212524414,48.119113414692066,47.447640034865586,47.66270505779345,102785600,46.912545340401785,46.89994817360963,84.81899407234462,1.2361630295636488
2019-04-17,48.5396842956543,48.59942397360544,47.45958989735585,47.681819749148225,115627200,47.15850257873535,47.118579656548924,87.70271116921522,1.2615541389401272
2019-04-18,48.71412658691406,48.78342301391168,48.393922765494615,48.537295815006495,96783200,47.39592524937221,47.331319247264275,87.3723046622684,1.2809863972821347
2019-04-22,48.874229431152344,48.97220338690037,48.35090922181928,48.468000313778205,77758000,47.62276540483747,47.53704060511602,86.93710761585731,1.294384702392101
2019-04-23,49.57914733886719,49.643667205274184,48.72367480218776,48.850322614551736,93292000,47.852506910051616,47.809321502949516,87.05937992550808,1.3463638947330807
2019-04-24,49.50269317626953,49.81811681526818,49.4764075691679,49.55048419475769,70162400,48.054085867745535,48.03510439272552,84.43162989853859,1.365646247331668
2019-04-25,49.05343246459961,49.64604890875755,49.01519820466175,49.42381910953072,74172800,48.21777125767299,48.170881468975395,75.65520869990058,1.3293521221137965
2019-04-26,48.81926345825195,48.986533820100895,48.298331592813334,48.96263649145658,74596400,48.34237125941685,48.25733240087894,69.88018433179724,1.267087093335718
2019-04-29,48.893348693847656,49.21833273112545,48.71412963607433,48.84316575333386,88818800,48.419350487845286,48.34213457327477,64.48303191429372,1.2097741454991606
2019-04-30,47.95184326171875,48.60419951041868,47.57906826246165,48.52295442518993,186139600,48.43932042803083,48.29009573173397,53.09356417087921,1.0759783924032646
2019-05-01,50.30559539794922,51.45020616804605,49.997336578817006,50.15266194888411,259309200,48.608298437935964,48.55882902056267,67.90878921207934,1.1466545010741171
2019-05-02,49.978206634521484,50.814562017383224,49.734471405365966,50.143088707680874,127985200,48.782396861485076,48.74807936909051,68.65392677677437,1.1628437503738525
2019-05-03,50.59950256347656,50.621007970464994,50.23628433405091,50.39399794440655,83569600,49.00223840985979,48.99493579500866,71.56717558965958,1.2118379229284884
2019-05-06,49.818115234375,49.90414052341222,48.62810177454421,48.81687756775932,129772400,49.16012219020298,49.10469305359084,64.11350115843356,1.1740806595266875
2019-05-07,48.47517013549805,49.56482140635094,47.99008418506328,49.19682655113943,155054800,49.22173990522112,49.02075666451181,54.704222562827525,1.023989397868121
2019-05-08,48.484718322753906,49.067778128752565,48.209917278785525,48.24575962496562,105358000,49.21781376429966,48.94928488561075,49.66692356093364,0.8954888129552501
2019-05-09,47.96378707885742,48.19318537234518,46.993615410579324,47.887318550214744,139634400,49.16421808515276,48.817885178043646,45.6364163139734,0.7430509470522253
2019-05-10,47.29932403564453,47.69992505601361,46.24146077248344,47.356896294561125,164834800,49.05172484261649,48.615410359057094,41.34867409145278,0.5621461546832762
2019-05-13,44.550315856933594,45.45225932989758,43.861864488539425,45.02767625266252,229722400,48.69252259390695,48.073397758773964,27.441486864062796,0.1947113070362647
2019-05-14,45.255558013916016,45.5050304806873,44.4759515223957,44.71583044286349,146118800,48.38915579659598,47.69768579279291,31.96542891029729,-0.0391252967687592
2019-05-15,45.797691345214844,45.996791324468816,44.622285886295614,44.68225562726624,106178800,48.15660285949707,47.444353199782505,36.283363338923024,-0.1786376374608949
2019-05-16,45.596195220947266,46.1695058149003,45.2987439793821,45.555416235132,132125600,47.926383699689595,47.197932135937805,36.383529270703,-0.30198018623578804
2019-05-17,45.337120056152344,45.79288858202996,44.79978990816282,44.84056888908769,131516400,47.67236736842564,46.949823858633074,35.20724744019071,-0.4158416813423642
2019-05-20,43.9194450378418,44.22169491907716,43.245385636456646,44.02259491072367,154449200,47.384338923863005,46.54577334919424,33.86568517824888,-0.613401353540759
2019-05-21,44.761409759521484,45.0972387970972,44.30563759679789,44.430375665152575,113459200,46.98832566397531,46.30785820390454,24.76372053126633,-0.6940289667412145
2019-05-22,43.84507369995117,44.547920918961154,43.78990256693896,44.29604729221338,118994400,46.550244740077424,45.97948693671076,23.503555131901777,-0.8223876203911615
2019-05-23,43.096656799316406,43.30774780477371,42.6528792389541,43.130239708838886,146118800,46.01432718549456,45.59510958505818,17.93826257283402,-0.9732843511317455
2019-05-24,42.93113327026367,43.6915490546367,42.84717417894699,43.226183335306224,94858800,45.52239990234375,45.23991274308558,18.93490370820045,-1.0936208820793496
2019-05-28,42.75361633300781,43.319730696803674,42.67685698652889,42.9191333635632,111792800,45.11371748788016,44.90840655507521,21.159577016897714,-1.1895996191888543
2019-05-29,42.54973220825195,43.0222940646248,42.218698063515376,42.319446790117254,113924800,44.68978990827288,44.593916642165446,20.658583144396374,-1.2675042052900665
2019-05-30,42.770416259765625,42.993501919781856,42.37941241147571,42.68645716562878,84873600,44.318834849766326,44.35078325784547,23.5394430927698,-1.296491643792308
2019-05-31,41.99560546875,42.696051495723665,41.97641471537596,42.2738622420187,108174400,43.939997809273855,44.036759552632745,23.277695259885235,-1.366236034565489
2019-06-03,41.57102584838867,42.679265508249905,40.84419286883519,42.12274820633601,161584400,43.72719138009207,43.70799505873354,30.397701746028474,-1.439179033695062
2019-06-04,43.09185791015625,43.13743549997744,41.863678758296096,42.08436697087955,123872000,43.572641372680664,43.62584343892323,37.143680899106634,-1.3586072698670222
2019-06-05,43.787506103515625,44.375212515342355,43.451677005554046,44.20489683406443,119093600,43.429056712559294,43.647398460868885,38.26983401939127,-1.2245052369717584
2019-06-06,44.430389404296875,44.49035915528418,43.69395910524645,43.91704848225606,90105200,43.34578486851284,43.75179725332595,43.530367636193816,-1.0542009280943816
2019-06-07,45.612972259521484,46.03755894566646,44.56230514603037,44.739813192921176,122737600,43.36548859732492,43.99995392081869,51.388517126766295,-0.8144208466130536
2019-06-10,46.195892333984375,46.8651530476269,45.96560691300584,46.01118450280199,104883600,43.52809197562082,44.29274570924078,62.509899842315264,-0.5707770634826304
2019-06-11,46.73081970214844,47.016276250741356,46.440568209735225,46.742814382224076,107731600,43.66876411437988,44.617822241628474,61.20058959035446,-0.3307112090000288
2019-06-12,46.582096099853516,47.00908035832402,46.39019219868125,46.524523831423096,73012800,43.864265714372905,44.879725422725144,67.05536586502211,-0.15072062793320384
2019-06-13,46.57250213623047,47.20578249203415,46.44057162647936,46.704436306244304,86698400,44.11254038129534,45.10542898452586,73.8558176261999,-0.008750082851541663
2019-06-14,46.2342643737793,46.4381592596896,45.6489592231439,45.94880787324303,75046000,44.34847831726074,45.25594036975965,72.14540588760036,0.07559818746250357
2019-06-17,46.51012420654297,46.766796410926815,46.09753216640612,46.27264275521919,58676400,44.61680030822754,45.423164881330756,74.8572296905701,0.162827409410923
2019-06-18,47.603973388671875,48.045349745694665,46.82676799049305,47.028265415186674,106204000,44.97781753540039,45.71393934897624,79.92044633876563,0.31657243362113263
2019-06-19,47.46485137939453,47.94701045935013,47.330519739694765,47.89903173637508,84496800,45.3131343296596,45.94739428636535,78.06142319911052,0.4223222218363887
2019-06-20,47.84626007080078,48.12211941703031,47.503231246787394,48.06454714761381,86056000,45.73103822980608,46.20057639095674,86.69885154723836,0.5307875957145285
2019-06-21,47.68313217163086,48.17968330073393,47.53200727838003,47.687930774979336,191202400,46.16761725289481,46.398250495046625,89.63898081003198,0.5967056762184342
2019-06-24,47.63515853881836,48.014167688883454,47.536807298683456,47.62556133183534,72881600,46.492138726370676,46.563171567549524,86.42299023520525,0.6377238748365244
2019-06-25,46.91312789916992,47.798278147988164,46.84595842588504,47.59917818072037,84281200,46.71539742606027,46.609832411765574,74.95211255939108,0.6049952458065349
2019-06-26,47.92781448364258,48.213271017054275,47.34011179381618,47.44086051262108,104270000,46.96521350315639,46.78556335468251,76.35570335133444,0.6534022839796378
2019-06-27,47.91342544555664,48.352404387611756,47.87264646102857,48.04535594715701,83598800,47.12953158787319,46.93594496679906,71.04002366893633,0.6827340027696138
2019-06-28,47.476837158203125,47.85584630501311,47.26814366138991,47.65914382643267,124442400,47.22102764674595,47.008063925652934,62.03778189801412,0.6631066939669523
2019-07-01,48.347599029541016,49.05284366874094,48.13170579658035,48.73620172450343,109012000,47.33651188441685,47.186668606171345,64.2917117115902,0.7096348868468922
2019-07-02,48.63064956665039,48.72660332516424,48.30201663686181,48.31401131420874,67740800,47.4828371320452,47.37919940090189,67.6883672641226,0.7605811219855241
2019-07-03,49.033653259277344,49.040849334400335,48.62106120433613,48.76258889543775,45448000,47.65863364083426,47.59979324868529,69.89905756630284,0.8239771150588524
2019-07-05,48.990482330322266,49.194380924388255,48.67144285244603,48.77939132004726,69062000,47.8555063520159,47.78521845957022,73.4013183293906,0.8608124530194985
2019-07-08,47.9805908203125,48.311621297625926,47.594385546561455,48.17009358905108,101354400,47.96053968157087,47.811268107669186,61.101121188069996,0.799301073665724
2019-07-09,48.27323532104492,48.337999994247646,47.690327640387444,47.78388027305323,82312000,48.0083441053118,47.872863736119285,55.74784606886683,0.7653444138467975
2019-07-10,48.7505989074707,48.87053838474361,48.350001492610694,48.419568439175904,71588400,48.1001832144601,47.98989509229948,60.436107555527485,0.7680986056255179
2019-07-11,48.39557647705078,49.02885673658535,48.3859829299003,48.769787040376364,80767200,48.13942010062082,48.04398594359965,54.47785142737734,0.7331823100838903
2019-07-12,48.767391204833984,48.9353057375673,48.50352289606572,48.563492633489204,70380800,48.21686717442104,48.1404399784309,58.547713849225914,0.7271313182424208
2019-07-15,49.22555923461914,49.38387655433497,48.93530410465948,48.95689233094862,67789600,48.330467224121094,48.28512254592267,61.77623365251532,0.7506531325005739
2019-07-16,49.05525207519531,49.44145738464282,48.815373091942526,49.07684030522499,67467200,48.48347609383719,48.387806483159025,67.27279102858841,0.7469416963955169
2019-07-17,48.77938461303711,49.19677163205839,48.76019385833028,48.947299141394076,56430000,48.54430253165109,48.4400169004761,57.79534334095522,0.7135151988031936
2019-07-18,49.3335075378418,49.38628120159084,48.86334316814913,48.93530758783078,74162400,48.64573696681431,48.559148985458194,61.83051235278041,0.7233986582374712
2019-07-19,48.597084045410156,49.53501178133091,48.541912902198035,49.364696086724436,83717200,48.72575460161482,48.56420699345179,58.88857276034699,0.6641522164237657
2019-07-22,49.70771026611328,49.71010773762726,48.84174721552567,48.851340761843446,89111600,48.82290540422712,48.71667409647333,60.39605577064267,0.6987623412534631
2019-07-23,50.09632110595703,50.11311439007564,49.72450798606768,50.00516959017549,73420800,48.92759622846331,48.90062703107116,61.02499826396959,0.748915727232891
2019-07-24,50.0555419921875,50.170682867764874,49.695723553278555,49.81566303291487,59966400,49.000588280814036,49.05461569255334,58.12982617573258,0.7764220037282286
2019-07-25,49.65974044799805,50.19227200117714,49.59017350388009,50.1083129059347,55638400,49.04839243207659,49.13529899327931,55.04153529436781,0.7575504788963201
2019-07-26,49.83245849609375,50.30981530335246,49.68852965013139,49.77008762138751,70475600,49.180668694632395,49.228253593654564,65.96363315896156,0.7479101202134686
2019-07-29,50.29781723022461,50.52810263617911,50.00036967035038,50.005168274295485,86693600,49.32528168814523,49.37086207853057,66.94782543163736,0.7689565744500158
2019-07-30,50.081932067871094,50.41296622439202,49.72930968208036,50.077133463501355,135742800,49.42037691388811,49.465671410442646,61.654834872501816,0.7594613153940415
2019-07-31,51.10380554199219,53.10199746442109,50.68641854713326,51.91459749517367,277125600,49.613821847098215,49.684089294649254,71.22983311483881,0.8248841523553452
2019-08-01,49.99796676635742,52.30080610324223,49.59257442379039,51.31010488877279,216071600,49.70172010149275,49.72593962421034,58.65093957096609,0.7785259125751907
2019-08-02,48.94010543823242,49.51821093815145,48.36679488202588,49.302321342693496,163448400,49.68133054460798,49.621161732746614,48.14930597119021,0.6489454659160927
2019-08-05,46.378196716308594,47.65195339366566,46.19589002649284,47.4936360636799,209572000,49.4901123046875,49.18876639722155,36.75207221275397,0.3356581470876421
2019-08-06,47.25614547729492,47.512817669046456,46.546102290065086,47.090628443026986,143299200,49.381309509277344,48.931083607898,42.885887865452794,0.15641575404332286
2019-08-07,47.74550247192383,47.870240545244116,46.493337776109705,46.874744411167086,133457600,49.26788057599749,48.77300612310145,42.538265306122454,0.053238189217822196
2019-08-08,48.7985725402832,48.82256189914169,47.829463202753935,48.02376456461598,108038000,49.28227261134556,48.77641497872568,50.91939749603043,0.05579995226676715
2019-08-09,48.396453857421875,48.822650132296985,47.98710732234036,48.47109827819087,98478800,49.188611439296174,48.72575349588517,43.603084472380736,0.025093291039624432
2019-08-12,48.27364730834961,48.651689913377716,47.95339570878828,48.06656746480503,89927600,49.05842045375279,48.66547267088043,40.87140996282483,-0.009047131683011855
2019-08-13,50.317962646484375,51.08126765927399,48.27365113393243,48.403679987994906,188874000,49.077164786202566,48.885804667627625,51.09461780030067,0.12738706132491728
2019-08-14,48.82025146484375,49.708768589851594,48.781724120727965,48.91897640632679,146189600,49.01720128740583,48.877064240589775,46.79309489578254,0.11335270732475067
2019-08-15,48.577049255371094,49.395735021606384,48.07861143932295,48.991208974526174,108909600,48.927529198782786,48.83706224256062,45.22993837002336,0.08166461602965569
2019-08-16,49.72321701049805,49.88213955441469,49.08271367229086,49.18866203490196,110481600,48.88648632594517,48.955216211618946,47.924141903866776,0.14733929857462158
2019-08-19,50.65024948120117,51.22332799188177,50.57319480881141,50.7152602275899,97654400,48.92708042689732,49.181220647563244,51.95281809237508,0.27106604981466376
2019-08-20,50.65265655517578,51.372621001381795,50.64302655811778,50.77786856194401,107537200,48.89485549926758,49.37741210191158,48.332997863706865,0.3651059086837307
2019-08-21,51.201663970947266,51.444860921191584,50.951243603558915,51.285942069853526,86141600,48.980833871024,49.62064568444968,54.63855542122767,0.4784185730594004
2019-08-22,51.158321380615234,51.63508526351441,50.746568249359605,51.33409731422995,89014800,49.13927786690848,49.825669110605084,59.273171126886794,0.5582867094747144
2019-08-23,48.793758392333984,51.0595965612192,48.39886234899058,50.42872331972758,187272000,49.31181798662458,49.6880810148356,60.2675822160563,0.42587311119675775
2019-08-26,49.720802307128906,49.88935482276287,49.37647018489091,49.569103205973704,104174400,49.48786490304129,49.692443853808044,60.43272318950241,0.3912292298378759
2019-08-27,49.159759521484375,50.216829027868954,49.00806042283192,50.05068309585326,103493200,49.58888326372419,49.621419276164886,55.950341462631705,0.31487258513390515
2019-08-28,49.48964309692383,49.53539385383809,48.95749845133117,49.14531464085439,63755200,49.63824544634138,49.60384911893275,53.09601544384652,0.2777762104278594
2019-08-29,50.32759094238281,50.40223903898198,49.76173581076194,50.20478918362739,83962000,49.776183809552876,49.7003480287261,58.32639790312065,0.3123914007041577
2019-08-30,50.262577056884766,50.674326482082,49.891757874550635,50.604498899890494,84573600,49.91825022016253,49.775311899147255,58.61853162990165,0.3307652552033602
2019-09-03,49.53057861328125,49.83878999443562,49.174209892728285,49.70635455546238,80092000,49.86200850350516,49.74268079436512,46.15022493453397,0.28299828239871516
2019-09-04,50.37092971801758,50.44075729707975,49.9206529766744,50.178296719193554,76752400,49.972771235874724,49.826447317518785,58.10261048923701,0.3093855196686377
2019-09-05,51.35576629638672,51.52191222815534,50.92956634195886,51.04755493786522,95654800,50.171251024518696,50.030356514701175,63.474999926004635,0.40509598224667087
2019-09-06,51.350948333740234,51.63026601944907,51.17035557259266,51.54117476635039,77449200,50.28751754760742,50.206435423906385,58.87599566330542,0.47508199457109157
2019-09-09,51.570064544677734,52.11665962264547,50.823616726041855,51.73139362490712,109237600,50.35321862357004,50.388252640009235,55.43537751713405,0.5419796564434023
2019-09-10,52.179264068603516,52.19852773601174,50.977722666637575,51.495420409371455,127111600,50.4622620173863,50.62705416382181,58.41740055906931,0.6368130611699883
2019-09-11,53.83831024169922,53.867207580398954,52.42727872846515,52.50915023491731,177158400,50.65059389386858,51.05522164087213,62.95241468355474,0.8362011720013598
2019-09-12,53.717918395996094,54.519750703833786,53.66253764416418,54.12967151186865,128906800,50.833422252110076,51.41024787488867,62.47944373376562,0.9732836623458994
2019-09-13,52.67289352416992,53.164104263143614,52.25632721215194,52.97388148716518,159053200,51.110503332955496,51.57860062812617,71.7057910455917,0.986229114722633
2019-09-16,52.949790954589844,53.00517537469614,52.38634247635051,52.42727639066682,84632400,51.34114537920271,51.761426004987996,69.4856197847894,1.0072211688436212
2019-09-17,53.142433166503906,53.17133050892715,52.76198394642771,52.96425064671275,73274800,51.62562206813267,51.94556029319012,75.15213656105362,1.0275571008706734
2019-09-18,53.640865325927734,53.660128994119724,52.83903304901028,53.2291122259332,101360000,51.922137941632954,52.1716009642218,75.67009589445665,1.071540728699219
2019-09-19,53.205039978027344,53.87925005196079,53.062970872148405,53.45786691866771,88242400,52.12767001560756,52.30939283272921,68.72463022686833,1.0590228511973478
2019-09-20,52.42728805541992,53.59030602388481,52.36468387974276,53.306175141000466,221652400,52.282292229788645,52.32511219575464,62.890813830502566,0.9751038724201138
2019-09-23,52.66566467285156,52.935348684134595,52.40801723951081,52.72104542356095,76662000,52.50622694832938,52.370519192700904,69.83551259673459,0.9172588884732846
2019-09-24,52.41524887084961,53.573453700774465,52.29726393450636,53.22189812453719,124763200,52.65224974496024,52.376483149787404,63.97772561293688,0.8415094622757806
2019-09-25,53.221885681152344,53.33505742877218,52.28521145611944,52.624726698978954,87613600,52.785543986729216,52.48920348730273,63.07799983531931,0.8369188657944662
2019-09-26,52.947383880615234,53.200214454136336,52.69214672656929,52.97387096306352,75334000,52.899575097220286,52.55029420641107,60.78052243658107,0.801887128157496
2019-09-27,52.689754486083984,53.205045769635944,52.318935230885906,53.103910573367564,101408000,52.979552950177876,52.568888910367455,57.52199553272601,0.7447506626028684
2019-09-30,53.92981719970703,54.07669946621,53.16410194467161,53.19058903122688,103909600,53.10459245954241,52.750346015612735,60.84117073124636,0.7904208201627299
2019-10-01,54.0791015625,54.95317167217063,53.98519347689506,54.19468357106685,139223200,53.12179183959961,52.92751342186437,51.834216705023586,0.8291033620616304
2019-10-02,52.72344970703125,53.83589980174683,52.47543229896857,53.71068780747446,138449200,53.050758361816406,52.90030492655328,43.624492295411684,0.74181855756256
2019-10-03,53.17132568359375,53.205036184887106,51.80122803429767,52.5958332325223,114426000,53.08636065891811,52.93644102749201,53.460380718416786,0.7007072523667119
2019-10-04,54.66181564331055,54.777397655893,53.91055093237027,54.33193404188315,138478800,53.20864813668387,53.166490976267816,60.171760664668255,0.7794117564514522
2019-10-07,54.67386245727539,55.364929664081245,54.38009790316798,54.48363967592858,122306000,53.31803594316755,53.36747384040216,59.29831648022398,0.8331536435982159
2019-10-08,54.033355712890625,54.91464931879182,54.016502298134355,54.37528125988171,111820000,53.34607097080776,53.45625809006729,52.342651053394924,0.8146699272112983
2019-10-09,54.6666259765625,54.84962529679696,54.33192757921356,54.6666259765625,74770400,53.450469970703125,53.61764047493332,58.5228632670657,0.8414216812499475
2019-10-10,55.40345001220703,55.48772810325284,54.731646561284045,54.88334198132975,113013600,53.66305296761649,53.85574841323648,67.437958896302,0.9115701673857757
2019-10-11,56.87709426879883,57.22142273038948,55.938009631955445,56.09211532003962,166795600,53.96386936732701,54.258594527311466,71.55542139834421,1.0736972106973965
2019-10-14,56.795223236083984,57.3394118222186,56.5062755277323,56.56165628390875,96427600,54.276724679129465,54.59681168848114,72.81166307725319,1.1819529347768665
2019-10-15,56.662784576416016,57.22382283538705,56.55683623894147,56.92042832966639,87360000,54.522503171648296,54.872274740205796,69.27437355844616,1.2427342165775528
2019-10-16,56.43402862548828,56.64351871161379,56.15230437949419,56.19323829480935,73903200,54.771549224853516,55.0805085915768,69.63123047891024,1.2579443276969329
2019-10-17,56.65315246582031,56.86263889167149,56.22936277841763,56.6074017120898,67585200,55.05464908054897,55.29019444147593,72.41272790105603,1.2730054979998897
2019-10-18,56.92525100708008,57.20697529291118,56.414772935422135,56.48701077967433,97433600,55.268608638218474,55.50820198355649,69.02132706358393,1.2920042415799173
2019-10-21,57.9124870300293,58.028069045974206,57.14436888293073,57.19252621915649,87247200,55.54242188589914,55.828773323086196,72.00102462829857,1.3709194728071665
2019-10-22,57.78004455566406,58.31941250000976,57.698173057681394,58.068992193587626,82293600,55.90360723223005,56.08894282076325,83.76183970438562,1.4065594198557108
2019-10-23,58.555397033691406,58.5698475413598,58.083449993262974,58.29534668236837,75828800,56.28818375723703,56.41780338248701,84.44218094784435,1.4803047678434353
2019-10-24,58.65171813964844,58.94548268184734,58.225518160528814,58.87565141775758,69275200,56.57317679268973,56.715658683441866,81.06465748444731,1.5288966270800444
2019-10-25,59.374088287353516,59.410205372219664,58.48316467701797,58.55058568488102,73477200,56.90890720912388,57.070115963963424,82.95048666133955,1.6071688177281587
2019-10-28,59.96884536743164,60.0170027089941,59.4078033365134,59.57635586906682,96572800,57.33287075587681,57.456613217759184,91.8788169146007,1.6976228786954195
2019-10-29,58.58188247680664,60.137389750244175,58.40851680551002,59.949573571684454,142839600,57.61253193446568,57.606649118965514,74.96911584465428,1.6385044009567125
2019-10-30,58.57466506958008,59.06587949018438,58.0810477421058,58.9358506306605,124522000,57.839047295706614,57.73571791238079,72.2992340661127,1.5729383428817343
2019-10-31,59.89900207519531,59.997726993790906,57.1299132382609,59.533003413454296,139162000,58.054897853306365,58.02415580075606,71.70510159963044,1.6092888181383813
2019-11-01,61.59898376464844,61.62546717365194,59.99531929076373,60.08681711740279,151125200,58.39802360534668,58.50079952927505,77.9959155852038,1.755040136450944
2019-11-04,62.00351333618164,62.08779142591786,61.49303898464309,61.962575744593835,103272000,58.77950423104422,58.9678280368626,80.16854252177676,1.881502472613569
2019-11-05,61.9144287109375,62.16966591402172,61.719389100058784,61.89516136636196,79897600,59.17096138000488,59.360708126739254,81.45383689107827,1.9520345610677907
2019-11-06,61.94091033935547,62.00110792982626,61.49063353836815,61.82773857533684,75864400,59.54865837097168,59.704735088421415,81.03445650957124,1.9871618308009644
2019-11-07,62.655799865722656,62.87799536674147,62.33700050920069,62.48915508255898,94940400,59.95798328944615,60.09821039206158,81.9715024528322,2.049065701432589
2019-11-08,62.8272705078125,62.89972154631713,62.03268972367529,62.477073290771905,69986400,60.30903925214495,60.462085074161706,80.16611745291567,2.0878932786305384
2019-11-11,63.32478713989258,63.389993074388805,62.378051806788186,62.382879419209914,81821200,60.70509229387556,60.84377868292583,82.57293565419897,2.1342080259614775
2019-11-12,63.266822814941406,63.46728298393451,63.01565428641184,63.1678014762245,87388800,61.04162270682199,61.16685123386124,80.22514585535848,2.1415491151738166
2019-11-13,63.87300109863281,63.947869606627066,63.05185763100655,63.06634783446359,102734400,61.41457148960659,61.52767121583078,81.43933964725815,2.171251665077108
2019-11-14,63.43105697631836,63.972044412574895,63.300637729934714,63.69913320290586,89182800,61.70435496738979,61.78145598389579,75.28237063915896,2.1345244831349177
2019-11-15,64.18457794189453,64.18940555462353,63.52041635680175,63.6822261428361,100206400,62.00547872270857,62.10187224496229,75.76198794992547,2.1415344947289086
2019-11-18,64.5082015991211,64.587897742297,63.815059632152085,64.1942298980991,86703200,62.42878723144531,62.42271615885013,91.62477527081374,2.1484378497482126
2019-11-19,64.31257629394531,64.72556195764945,64.09521580622737,64.70140915448063,76167200,62.83863803318569,62.674697510196154,89.2623171193276,2.1137574015613083
2019-11-20,63.56387710571289,64.26184661225713,62.89005302946294,64.13143475522809,106234400,63.1004148210798,62.793254789598386,77.22178933201104,2.002772415441214
2019-11-21,63.278900146484375,63.76192673163728,63.07843998622149,63.68464070911663,121395200,63.22040884835379,62.858007503849855,65.79906578937928,1.8702615444919601
2019-11-22,63.22333526611328,63.56145232586072,62.99631223234019,63.41896039962427,65325200,63.307538986206055,62.906717872151646,62.27792577393372,1.7406964381118968
2019-11-25,64.33187866210938,64.3487863573065,63.402051241454195,63.447939345332685,84020400,63.48021398271833,63.09673931081267,70.18916108511485,1.7077791306501453
2019-11-26,63.82954788208008,64.52268982778749,63.39723704007561,64.46955661049978,105207600,63.61511666434152,63.194447120315,64.61149441298738,1.6224553759054103
2019-11-27,64.6869125366211,64.72072793178671,64.07588426604244,64.14109019477613,65235600,63.76019614083426,63.39344250915581,65.37481533843166,1.6055105219701389
2019-11-29,64.54441833496094,64.72555327883829,64.21837396190178,64.38743619101386,46617600,63.88284955705915,63.5469059525965,63.055483047652196,1.562571164230647
2019-12-02,63.798152923583984,64.78594141618035,63.62668054776039,64.54925573361756,94487200,63.916661398751394,63.580405548728166,53.467832354660686,1.4515909945615917
2019-12-03,62.660614013671875,62.67993183018835,61.89743127928363,62.38528537811694,114430400,63.873360770089285,63.457766677387326,46.16550250414784,1.2573545269981352
2019-12-04,63.21369171142578,63.592869378884906,62.9576881912002,63.05188192035558,67181600,63.82626724243164,63.42522334859245,45.80141693736694,1.1349662901011754
2019-12-05,64.14108276367188,64.21595864852094,63.45277592891601,63.708779372596254,74424400,63.87698337009975,63.520671270603046,54.25827236708871,1.1001238945337093
2019-12-06,65.38004302978516,65.45008392869724,64.55648204866993,64.5999600306422,106075600,63.96237373352051,63.76858750516066,56.77512610506781,1.159123134112015
2019-12-09,64.46472930908203,65.40179466423844,63.97928524744854,65.20858698429703,128042400,63.95926856994629,63.86140641235018,49.76911188713145,1.1191217499749726
2019-12-10,64.84149169921875,65.22549695147708,64.20872067904382,64.87047211517775,90420400,63.997048241751536,63.99208445059932,52.75612182180901,1.1050832294229522
2019-12-11,65.39454650878906,65.47425001658583,64.84631403047881,64.92118255574232,78756800,64.12781034197126,64.17907939169129,59.7379770533092,1.125609179845938
2019-12-12,65.56118774414062,65.82685380522655,64.56132667656246,64.67242071287119,137310400,64.29083088466099,64.36336050535121,62.29508129342821,1.142156627813982
2019-12-13,66.45237731933594,66.48860283714761,65.43319098596562,65.56119272916709,133587600,64.52147674560547,64.64189608054917,65.95860927901445,1.2131971685132044
2019-12-16,67.58991241455078,67.81452539773126,66.8943602624351,66.89918787536318,128186000,64.75419344220843,65.03496492508272,66.05588165847774,1.345773643397095
2019-12-17,67.72274017333984,68.0511946985015,67.33389995738182,67.51986990125756,114158400,65.03227860586983,65.39333495818367,69.9111411647051,1.4449035957206746
2019-12-18,67.56092071533203,68.08259027011515,67.41118366514803,67.57541092209821,116028400,65.23756490434918,65.68234639247012,65.82451724346524,1.4931947002274626
2019-12-19,67.6285400390625,67.90869630356615,67.3701264537908,67.50295579789868,98369200,65.45785931178501,65.94183887868245,67.1226006706008,1.5194072814323363
2019-12-20,67.48847961425781,68.26373527194914,67.27594672320693,68.16230380965749,275978000,65.72145407540458,66.14805764342583,71.96677497950685,1.5114561099539259
2019-12-23,68.58977508544922,68.65015340858781,67.71308065421263,67.75172366546943,98572000,66.14496558053153,66.47361996902895,85.44644494251646,1.5758546187772424
2019-12-24,68.65496063232422,68.80470502037433,68.32892368052104,68.75639942804867,48478800,66.53362764631,66.76446539080165,84.54486097737238,1.613550820383523
2019-12-26,70.01712036132812,70.03402806090413,68.7588381558722,68.78781857205915,93121200,66.95334461757115,67.19815272020517,85.35341294672367,1.7333591524983376
2019-12-27,69.99055480957031,70.99766856272544,69.5848142146537,70.30935415003394,146266000,67.2826668875558,67.5704729987872,82.477403738151,1.8053535093996516
2019-12-30,70.40594482421875,70.68851858911005,68.88441419283483,69.90842808466655,144114400,67.70703942435128,67.94853590884475,95.02212581244572,1.8743220407968693
2019-12-31,70.92037200927734,70.9276171127399,69.9229210003308,70.02194232791922,100805600,68.14124516078404,68.34478072223577,95.1238629426043,1.9480343460751754
2020-01-02,72.53852081298828,72.59889913772518,71.29231130597061,71.5458973217052,135480400,68.65152903965541,68.90394606766944,95.78962810826671,2.1126694260499335
2020-01-03,71.83329772949219,72.59406313642577,71.60869213351766,71.76567430155144,146322800,69.09953689575195,69.29452628924581,87.60507123070111,2.1613239073917185
2020-01-06,72.40568542480469,72.4443284378041,70.70301958367426,70.9541954829699,118387200,69.52477318899972,69.70934750732033,87.11240181036106,2.2204736002925074
2020-01-07,72.06514739990234,72.67134068922641,71.84536944211234,72.41533721540509,108872000,69.84443283081055,70.0234541596646,80.97628055233423,2.2143459833388732
2020-01-08,73.22442626953125,73.52631792855652,71.76810120120939,71.76810120120939,132079200,70.23741040910993,70.45025044098016,83.34315124422369,2.2767885182505836
2020-01-09,74.77976989746094,74.97297760387046,73.95138098488776,74.20254952913984,170108400,70.75304249354771,71.02751970184426,87.42809584425427,2.423837420272662
2020-01-10,74.94882202148438,75.51396965111952,74.44647758118805,75.01403533204297,140644800,71.27591977800641,71.55036001112961,87.5589522932677,2.5249102346533903
2020-01-13,76.550048828125,76.57661912211044,75.14685723047293,75.26520375211625,121532000,71.92317472185407,72.216985186729,90.43097121366647,2.7030576238329473
2020-01-14,75.51636505126953,76.6973684411486,75.39319829942681,76.48725308231118,161954400,72.41793114798409,72.65690250200107,81.09270116989507,2.7293686089528677
2020-01-15,75.1927490234375,76.19744522367158,74.7604381579808,75.3159231634684,121923600,72.88491603306362,72.99501537152594,78.68195440855838,2.69306318927444
2020-01-16,76.1346435546875,76.24574496948411,75.3738782015038,75.73614811924845,108829200,73.32188197544643,73.41363246261415,77.86575550409106,2.70906547903607
2020-01-17,76.9775161743164,76.97992629479913,76.07666915290817,76.3833883085302,137816400,73.82095064435687,73.88881695750779,79.62313269411538,2.757968046323583
2020-01-21,76.45586395263672,77.04756709065205,76.31819960849738,76.6056010131108,110843200,74.25308772495815,74.23108989019164,75.42122665613454,2.7232389056162845
2020-01-22,76.72876739501953,77.28182746630861,76.63457368368562,76.94129287751667,101832400,74.66797310965401,74.56411355750203,74.91200996849506,2.686765478464565
2020-01-23,77.09827423095703,77.17797035715289,76.23365270464286,76.78189247630218,104472000,74.99366978236607,74.90200164729603,71.90255887043813,2.6570473503325616
2020-01-24,76.8760986328125,78.08849275649891,76.68530106036428,77.34463502870749,146537600,75.35386984688895,75.16521457869823,75.40164084369557,2.5857607651881835
2020-01-27,74.61551666259766,75.29657838161462,73.63255603039792,74.88359281479813,161940000,75.51171493530273,75.09192152321815,59.5133852236695,2.3201107676341337
2020-01-28,76.72636413574219,76.89783652233591,75.39804092914581,75.49706227081296,162234000,75.84465898786273,75.30984720488803,67.41256453241112,2.253927111936548
2020-01-29,78.33241271972656,79.1801266517597,77.61753550777614,78.35898301190313,216229200,76.20951516287667,75.71285594019983,68.46517477425796,2.3045058771416222
2020-01-30,78.21890258789062,78.27203580279424,76.9823558087521,77.4146666313588,126743200,76.45516749790737,76.04699549322527,63.87914227618746,2.30881600030807
2020-01-31,74.75077056884766,77.9314960376563,74.45612410034879,77.50884783770134,199588400,76.44102096557617,75.87416550330826,49.368806663090744,2.0092214798987555
2020-02-03,74.54549407958984,75.71200004458515,72.99014787932889,73.49249228699044,173788400,76.29783848353794,75.69700931347914,42.98748834321836,1.7352239849375906
2020-02-04,77.00650787353516,77.19730542119127,75.74580830506335,76.151548831137,136616400,76.40427725655692,75.87160912148661,54.73963045073517,1.6970991392862942
2020-02-05,77.6344223022461,78.43383041711581,77.03063929280383,78.13434903256176,118826800,76.57868249075753,76.10665087892122,57.61864382974003,1.697979124735454
2020-02-06,78.54254150390625,78.54495899553537,77.34705504130429,77.90495019793212,105425600,76.75067520141602,76.4314362955859,57.529125717944524,1.7517609399664167
2020-02-07,77.47494506835938,78.29077542045333,76.98350975131173,78.0414266120576,117684000,76.7862058367048,76.57057079862237,51.533827772965545,1.6887702141354595
2020-02-10,77.8428955078125,77.8428955078125,75.97883426440146,76.05871954270658,109348800,76.88527951921735,76.74021409318105,54.31785611310536,1.6495254330660174
2020-02-11,77.37323760986328,78.41179042644524,77.15536130814662,78.33916745517011,94323200,76.9313131059919,76.82461722873869,51.98196913015975,1.5625144995362916
2020-02-12,79.2106704711914,79.21550953939415,77.8235127844516,77.8235127844516,113730400,77.08219855172294,77.14275766106573,55.95838196861862,1.623112947964671
2020-02-13,78.64662170410156,78.97343988034811,78.27865296968668,78.48200469564426,94747600,77.20866448538644,77.34327286680384,54.89957461830079,1.607098007928883
2020-02-14,78.66600799560547,78.91535678515409,78.15762488828393,78.61516451334795,80113600,77.497985294887,77.51963755064406,62.79619642240806,1.5777826678164928
2020-02-18,77.2255859375,77.40715079471983,76.16282276038466,76.34438761760448,152531200,77.53364399501255,77.48043066889153,51.646889097621354,1.42192891616655
2020-02-19,78.3440170288086,78.57400211516978,77.46766524775612,77.46766524775612,93984000,77.5344728742327,77.59557551688047,50.039554143407045,1.3728365320874616
2020-02-20,77.540283203125,78.59336068691168,77.0343234338156,78.10434874137093,100566000,77.48600006103516,77.58820320837974,47.790825323498005,1.2546134583859327
2020-02-21,75.78514862060547,77.57659398679,75.16783122272501,77.13357171386221,129554000,77.55988420758929,77.34779593000984,53.79000840869853,1.007680217895853
2020-02-24,72.18533325195312,73.63785189891229,70.0186640363075,71.96261786330551,222195200,77.39130129132953,76.65946757293561,43.074912482488664,0.5155657098371194
2020-02-25,69.74027252197266,73.23842524425972,69.26820830101296,72.85593184219474,230673600,76.87228448050362,75.73690823280721,28.659730705698777,-0.07091706222827554
2020-02-26,70.84660339355469,72.11271828103145,69.35777309270347,69.36503539122887,198054800,76.38744027273995,75.08486758757354,30.609689172855184,-0.4413496253757927
2020-02-27,66.21546936035156,69.23671028706407,66.07990156760394,68.05048840657712,320605600,75.5069351196289,73.90228115727727,20.962513910095495,-1.0959801361841812
2020-02-28,66.17675018310547,67.39929122080478,62.06370365251087,62.27916414492055,426510000,74.69992119925362,72.87221036072103,22.030374401039552,-1.5994661957011687
2020-03-02,72.33785247802734,72.97454103190371,67.23225006740749,68.33616370279057,341397200,74.30670383998326,72.80096264302854,39.40947245286009,-1.4842238519021862
2020-03-03,70.04046630859375,73.5942942720579,69.18831712034967,73.51440897960677,319475600,73.78293446132115,72.43289646510391,36.82016159930711,-1.5602873071495083
2020-03-04,73.28923034667969,73.44900824845124,70.96278371664042,71.76408906559983,219178400,73.35997445242745,72.54707431598068,39.87077037924495,-1.3429394664031093
2020-03-05,70.9119644165039,72.51699133415363,70.54641152199336,71.54138326049582,187572800,72.80749893188477,72.32905966271711,37.541900896744934,-1.346987990545685
2020-03-06,69.97025299072266,70.403589845972,68.08198145661343,68.26838538116881,226176800,72.18637357439313,72.01455210645119,36.398010558228506,-1.4099318996593553
2020-03-09,64.43614959716797,67.32181576257562,63.66873234822989,63.850297174318,286744800,71.27284240722656,71.00409843854676,32.26580707680557,-1.884646265548696
2020-03-10,69.07694244384766,69.34323899980069,65.21082178320125,67.0918381105168,285290000,70.61090850830078,70.74714430592022,38.29354768572204,-1.8648903278003957
2020-03-11,66.67787170410156,68.0795543718944,65.81362127140751,67.15236648355659,255598800,69.83502197265625,70.20457462567774,36.809903592169974,-2.0195385799967056
2020-03-12,60.09312438964844,65.36334796143669,60.037445534949256,61.959612728994784,418474000,68.71416309901646,68.85638126087383,32.94567800628148,-2.6429660439245595
2020-03-13,67.29277801513672,67.76484959839499,61.23577335258076,64.12629016039305,370732000,68.36469486781529,68.64790082810887,45.06856956626925,-2.526955750166138
2020-03-16,58.635765075683594,62.7197589173465,58.10075235573811,58.572820229839216,322423600,67.57151576450893,67.31294939445218,40.052896673797,-3.097855204640382
2020-03-17,61.2139892578125,62.36389637725176,57.71341703004226,59.918825074630774,324056000,66.8834718976702,66.49975470956689,41.59306460423748,-3.30416760367811
2020-03-18,59.7154655456543,60.52161388588787,57.40353915642415,58.04507047998226,300233600,66.41918591090611,65.59518282104521,43.998934137487105,-3.547694393595748
2020-03-19,59.2579231262207,61.209139394324836,58.73259595357314,59.88976893183757,271857200,65.92498397827148,64.75021486173529,43.66128004657943,-3.7345612807669966
2020-03-20,55.49589920043945,60.96463122654848,55.195710672226056,59.8389270162078,401693200,64.72198731558663,63.51630610689584,33.86069482749508,-4.138512331396356
2020-03-23,54.31693649291992,55.31675472983707,51.470001124172114,55.215078862447456,336752800,63.5988780430385,62.28972349169905,34.60240620358256,-4.501883970735477
2020-03-24,59.76630401611328,59.962393449772364,56.720856028881734,57.21955352533474,287531200,62.63295473371233,61.95326756162095,37.30456293895625,-4.300565948757985
2020-03-25,59.43706512451172,62.51882454095762,59.14171936553053,60.703176199981115,303602000,61.813319069998606,61.61777390333972,38.79644534494381,-4.1200929263249435
2020-03-26,62.56482696533203,62.62292535314042,59.64042200804535,59.67915672921516,252087200,61.28436006818499,61.74404764493869,43.065694317141876,-3.6822359906629742
2020-03-27,59.97450256347656,61.94266302499107,59.80746231049624,61.187354431284916,204216800,60.965670994349885,61.50810830074374,45.578434201198604,-3.503858446452888
2020-03-30,61.68605041503906,61.85793342734731,60.376361777058186,60.700760441559225,167976400,60.43775013514927,61.531833915983114,42.224042898245095,-3.1876402177140335
2020-03-31,61.5601692199707,63.545277612218875,61.00579280749305,61.87730561089299,197002000,60.072199957711355,61.5356119565148,44.34518166863917,-2.9136063136908774
2020-04-01,58.32105255126953,60.211747296676954,57.890138928877285,59.67431503612997,176218400,59.94562339782715,61.10700403581543,47.88561729280653,-2.924094968569804
2020-04-02,59.29423141479492,59.34749072840286,57.350277549943364,58.18305551478086,165934000,59.37429864065988,60.865301019679364,38.79086821614422,-2.821357054150184
2020-04-03,58.442100524902344,59.48064994321993,57.85140889738694,58.77860059874803,129880000,59.36046545846121,60.54220762037576,49.65260499721087,-2.776688422341053
2020-04-06,63.54044723510742,63.695378761411575,60.37153567284435,60.739504512224016,201820400,59.526641028267996,60.941972902339984,53.827173106651685,-2.3033427376612323
2020-04-07,62.80449295043945,65.77489875126452,62.70039753843135,65.55701501166601,202887200,59.74728584289551,61.190308908753245,55.2124261427596,-1.9649475403196703
2020-04-08,64.41194152832031,64.72665094840988,63.240244033180964,63.6057895375852,168895200,60.11543001447405,61.619859924695525,58.372000249345376,-1.5492010172117645
2020-04-09,64.87675476074219,65.38029878683781,64.080295544256,65.04864148440106,161834800,60.785491125924246,62.05411256950175,67.06598461994355,-1.1687398535897344
2020-04-13,66.15013122558594,66.25907309767462,64.35384627795469,64.95422341312944,131022800,61.630719321114675,62.60024839031297,71.45366887358593,-0.7557588837149609
2020-04-14,69.49089813232422,69.78140476734453,67.31212053334382,67.78419196827916,194994800,62.32533318655832,63.51900168924781,69.0903756272861,-0.15708573374602963
2020-04-15,68.85665130615234,69.31661411100032,67.93672569645638,68.365216078865,131154400,62.99816077096121,64.23068830483508,68.27279274276596,0.26315514387113126
2020-04-16,69.40376281738281,69.7693157098203,68.35310854308584,69.57080305380181,157125200,63.486656188964844,64.92043157317478,64.74274336900302,0.6330489988104233
2020-04-17,68.46205139160156,69.46671616167201,67.02405715552152,68.91959837030558,215250000,64.09290967668805,65.39264754896502,69.69668158506872,0.8405153640274818
2020-04-20,67.04098510742188,68.19089550962622,67.02162144605663,67.28791796414524,130015200,64.47540501185826,65.6124258900926,62.59679355912066,0.8801203014108125
2020-04-21,64.96874237060547,67.11847132681476,64.25700758407963,66.8836471640781,180991600,64.71887452261788,65.52660142082765,57.34558429052157,0.735812836863559
2020-04-22,66.84008026123047,67.27583298086698,65.89594444342251,66.23727988733161,116862400,65.32737650190082,65.70173193288136,69.5088669997215,0.763646617033217
2020-04-23,66.58104705810547,68.20786856663918,66.54231233315308,66.78439882318551,124814400,65.84786333356585,65.81897394957791,67.25132139760092,0.7560875668651903
2020-04-24,68.5031967163086,68.5128822420226,67.05794044796141,67.10636068864,126161200,66.56651306152344,66.17687031847534,72.67074125062405,0.894882727452142
2020-04-27,68.55162048339844,68.88327772422247,67.77210185087893,68.21995585468255,117087600,66.92445400782994,66.49350367379841,64.61862893147551,0.9972901454866587
2020-04-28,67.4404296875,69.19555618187054,67.34844305638214,69.01399137210808,112004800,67.2555923461914,66.6197604756253,63.23425093396808,0.9775167468894921
2020-04-29,69.655517578125,70.12516575175746,68.72590675478065,68.92925842977253,137280800,67.63013349260602,67.02452808929192,64.46698605685033,1.1275871438573546
2020-04-30,71.12501525878906,71.30174107464669,69.80564818279169,70.19540392633856,183064000,68.07643781389508,67.57125971189154,66.33340592873046,1.34953855596369
2020-05-01,69.97994232177734,72.3838593560598,69.20042354088866,69.29725665776628,240616800,68.34999574933734,67.89241739320966,60.07901281368099,1.4167079060180043
2020-05-04,70.9700698852539,71.09837541785019,69.31419932975179,70.00414724151751,133568000,68.45565087454659,68.30277105881555,54.44241074988337,1.532173180713741
2020-05-05,72.03524780273438,72.868025831844,71.28477828502723,71.43003164134032,147751200,68.68269348144531,68.8004346246714,59.3054436929361,1.6901482220468722
2020-05-06,72.77845001220703,73.41029209502018,72.35237549978946,72.73729206539267,142333600,68.9237425667899,69.33083667634281,59.7673641120853,1.8539436788664148
2020-05-07,73.53132629394531,73.87751548674036,73.10283599340708,73.4054440161324,115215200,69.28583363124302,69.89090195868981,64.8341638536141,2.021204396241288
2020-05-08,75.281494140625,75.33489761770407,73.86388332203197,74.19158614011312,133838400,69.87444141932896,70.60964758294783,73.65842845477454,2.268829978577898
2020-05-11,76.46609497070312,76.96128289724894,74.57998648849065,74.78874828363153,145946400,70.6956808907645,71.39050723464854,84.78155201996353,2.531481085331322
2020-05-12,75.59221649169922,77.60211807775983,75.47084560508229,77.15061452744153,162301200,71.32083347865513,71.95073513558863,78.17727543362881,2.6387019759403074
2020-05-13,74.67950439453125,76.69426553932014,73.60173033825646,75.77184236444022,200622400,71.89929471697126,72.31457103678098,75.01969319626585,2.6198273272024295
2020-05-14,75.13829803466797,75.19898348401253,73.19393386714296,73.91730709017112,158929200,72.3732305254255,72.69106796983257,72.53646826149554,2.6117828377782217
2020-05-15,74.69406127929688,74.74018280409528,72.8734981674341,72.9074855679762,166348400,72.8119762965611,72.95813374442781,70.31684201707307,2.540278578253549
2020-05-18,76.45394897460938,76.8277733901168,75.3276309672179,76.01944652197729,135178400,73.4557991027832,73.42424244178535,78.58654117902121,2.5956975804941607
2020-05-19,76.01216888427734,77.31811351260087,75.98061126581322,76.47094702256406,101729600,73.90984562465123,73.76929930078428,72.71528674819149,2.574294710878462
2020-05-20,77.49046325683594,77.56085304131686,76.83262768101243,76.8714672558423,111504800,74.36452048165458,74.26545449492451,72.73242970191498,2.646116005590173
2020-05-21,76.91273498535156,77.89341385727374,76.67484537253091,77.35209701743804,102688800,74.85971995762416,74.61842522698146,75.80418809928264,2.626144496820359
2020-05-22,77.40792083740234,77.49045214412094,76.54861296126474,76.65056034866812,81803200,75.3195664542062,74.99035797503758,74.87861744771735,2.620071736018204
2020-05-26,76.88359069824219,78.70657605053346,76.82775743358286,78.52694954111867,125522000,75.66587666102818,75.2427890047982,69.55343670230181,2.543628601940867
2020-05-27,77.21858215332031,77.36422869926452,76.00002111496565,76.74038797022739,112945200,75.98302895682198,75.50622809126781,68.51680864508238,2.4814730021207794
2020-05-28,77.2525863647461,78.51241703823543,76.61660396391109,76.89332579430749,133560800,76.24883324759347,75.73907586106493,66.50871648099623,2.407209286909719
2020-05-29,77.17731475830078,77.95651372350704,76.82048407944905,77.49530586711329,153532400,76.38424900599888,75.93084104736305,59.87849509472246,2.315588307390769
2020-06-01,78.12644958496094,78.24782048460888,77.00012408043993,77.13120672626943,80791200,76.50284576416016,76.2235888523761,58.86919821593918,2.2931314770466287
2020-06-02,78.48812103271484,78.5123966906775,77.41762896521124,77.85942075330303,87642800,76.70969608851841,76.52552647642126,66.36469930880344,2.2782558254349254
2020-06-03,78.92021179199219,79.182377080961,78.23567814710795,78.80855263967156,104491200,77.01260375976562,76.84481785183071,75.34064839906193,2.2751068618018877
2020-06-04,78.24053955078125,79.04158453578323,77.8667151007641,78.74301685979307,87560400,77.234192439488,77.03091407835745,68.06090169257241,2.1924937130833655
2020-06-05,80.46891021728516,80.5295956699377,78.46143811037989,78.49056594239036,137250400,77.6466816493443,77.48931356354781,77.83753686008357,2.280544390895855
2020-06-08,80.94468688964844,80.97867430093662,79.4542559362644,80.16548770561455,95654400,77.96744864327567,77.95003000702789,74.70614209609964,2.3614945494742727
2020-06-09,83.50074005126953,83.89398053792564,80.59269835430385,80.62425597002903,147712400,78.50234658377511,78.69012467959344,83.42343483543365,2.601907096302071
2020-06-10,85.64903259277344,86.11752258060775,84.01052512196055,84.44988727335448,166651600,79.08510153634208,79.61797906801745,84.35889065534309,2.9319869058591763
2020-06-11,81.53695678710938,85.2169228066109,81.43500939497191,84.7921247209598,201662400,79.4154030936105,79.87384276389638,65.00696240893407,2.8291546478710643
2020-06-12,82.24092864990234,84.42560510951726,81.12917433326,83.67796353614408,200146000,79.7606179373605,80.18945421536384,65.47482829143505,2.772504284965052
2020-06-15,83.25799560546875,83.91097154593938,80.73105294291301,80.8936931849323,138808800,80.21593257359096,80.59859306737783,69.78591111157421,2.777658153389112
2020-06-16,85.46453857421875,85.73641564112751,83.67796229617407,85.31403982782714,165428800,80.804929460798,81.2473858016233,72.93091874395864,2.926062382243984
2020-06-17,85.34556579589844,86.27041121444294,85.22419492829009,86.20972578063876,114406400,81.38299942016602,81.79380980085999,72.39965520896727,2.9994973555008215
2020-06-18,85.37956237792969,85.79707850372552,84.77027818647716,85.3018832364117,96820400,81.9688742501395,82.27191014446929,72.7540751972252,3.0255615507159064
2020-06-19,84.89164733886719,86.5520000635857,83.78231573429939,86.08594003974744,264476000,82.45210266113281,82.62120843705567,69.26038294522726,2.9725808851533344
2020-06-22,87.11272430419922,87.25594103734062,85.23875783411975,85.28487935589797,135445200,83.06814575195312,83.22007721934148,72.20332298370877,3.0743761799082563
2020-06-23,88.97213745117188,90.39217823600704,87.93805517776225,88.35800109154899,212155600,83.78614044189453,83.98701858358554,74.10626527309893,3.267423956128212
2020-06-24,87.40159606933594,89.52073426597426,87.0277716909011,88.60074093656063,192623200,84.4405016217913,84.44229558168558,71.06952273264844,3.2561512608135956
2020-06-25,88.5619125366211,88.60075211142514,86.79718241483171,87.55696539217314,137522400,85.01857321602958,84.99157784234366,69.57478108684853,3.3027730979338514
2020-06-26,85.84076690673828,88.67841857898394,85.69269058598132,88.45752269581561,205256800,85.36829321725028,85.1048030509296,60.68202329894498,3.084590292177765
2020-06-29,87.8191146850586,87.9137875283765,85.27032617462565,85.74852774385108,130646000,85.67674854823521,85.46671126881347,59.66525802003069,3.036314238164479
2020-06-30,88.55220794677734,88.83864890811773,87.3870502400666,87.4064663250919,140223200,85.88411821637835,85.87811082587532,56.93727113522761,3.0223696214175106
2020-07-01,88.38471984863281,89.17363075760089,88.33617592973944,88.62989145548384,110737200,86.3732441493443,86.21232536224299,70.16433409957278,2.96364051931171
2020-07-02,88.38471984863281,89.92856166413286,88.27063830568181,89.2925792858583,114041600,86.81208637782505,86.5019779604283,68.87387106557534,2.8838540088947724
2020-07-06,90.74901580810547,91.21750566495867,89.78290085821105,89.81445847482968,118655600,87.34715924944196,87.06824967345193,71.25335674559213,2.9770835828691418
2020-07-07,90.46743774414062,91.90689477197918,90.35577859564587,91.12769570514304,112424400,87.70450919015067,87.52147474954376,65.93464593563739,2.993737750163902
2020-07-08,92.57442474365234,92.60598235802769,91.35828614347145,91.4456770300409,117092000,88.22085625784737,88.1952014154249,70.4364443428315,3.140747952419545
2020-07-09,92.97252655029297,93.52111790635368,91.92388033894679,93.46771442129742,125642800,88.76321084158761,88.83217810007397,71.03279147922831,3.2518922954296983
2020-07-10,93.13516998291016,93.19343305098592,91.95544841683225,92.56715507244024,90257200,89.35203388759068,89.4059103511188,73.25390454341,3.314886999872286
2020-07-13,92.70551300048828,97.0530191182004,92.49189905133328,94.44111522553601,191649200,89.75151879446847,89.84585737103473,67.55028849146495,3.292190704186851
2020-07-14,94.2396469116211,94.43140759023446,91.15197107556455,92.08652103195597,170989200,90.12776947021484,90.43169597644624,66.87403308705821,3.3592719160998996
2020-07-15,94.88776397705078,96.36606058527201,93.6886189450088,96.11603683855265,153198000,90.66249574933734,91.02583837652685,75.48759397187715,3.425247766366894
2020-07-16,93.72018432617188,94.57706261725646,93.12061176048546,93.75902390463283,110577600,91.03094373430524,91.38508450314619,67.55329948184269,3.344763827715468
2020-07-17,93.53083801269531,94.32703078332698,93.05748856156698,94.17167989066034,92186800,91.58023452758789,91.67118497108608,81.6167978343993,3.228485094902524
2020-07-20,95.50190734863281,95.64027195651475,93.27353933830152,93.61823596370867,90318000,92.1290054321289,92.18194795475898,81.60578910663182,3.257827970979662
2020-07-21,94.1838150024414,96.36849112363207,93.93379125377636,96.29324176097793,103433200,92.53126307896206,92.44886356111664,72.10364739857391,3.138544191332741
2020-07-22,94.44841003417969,95.1305139281555,93.7978637607901,93.88524725666684,89001600,92.96438380650112,92.71546975752504,73.61949661984255,3.0304286492257404
2020-07-23,90.14944458007812,94.25906118948085,89.33868791358677,94.18138204100602,197004400,93.09043557303292,92.37333306719879,55.14942518500048,2.5682505256041566
2020-07-24,89.92610168457031,90.27079821008266,86.55684519462764,88.34585801635414,185438800,93.03165599278041,92.04703554951499,47.25589356649626,2.1590608185597944
2020-07-27,92.05738830566406,92.14963136535167,90.76600769371073,90.98932597811024,121214000,93.14522389003209,92.04841591700153,54.71965778982011,1.9838830769050588
2020-07-28,90.54512023925781,91.80495076068121,90.54026066225798,91.62774658169793,103625600,93.00027356828961,91.84797649330237,43.755678310087966,1.703390435531702
2020-07-29,92.28071594238281,92.4652020656453,90.9917576836522,91.02816746906157,90329200,92.95085852486747,91.9056750865131,48.03314183234474,1.602671465639105
2020-07-30,93.39733123779297,93.50170842708098,91.04516275680574,91.45296717627383,158130000,92.96958432878766,92.1045625733504,50.70698990437675,1.5945712539253378
2020-07-31,103.17498016357422,103.32547889929636,97.89776821941581,99.89796575503286,374336800,93.71740341186523,93.58061825204692,68.7701173763248,2.350036572115897
2020-08-03,105.77471923828125,108.39632721665906,104.76006048509976,105.05862810128014,308151200,94.54133714948382,95.20649838354483,69.9194723291366,3.122530903471258
2020-08-04,106.48112487792969,107.57346303949086,105.24071035791958,105.96408362952798,173071600,95.36943435668945,96.70978191612947,69.97990655667911,3.7485285542376516
2020-08-05,106.86705780029297,107.18747869527104,105.73588033133619,106.20194776111252,121776800,96.3084967476981,98.06408536735127,73.28454244420897,4.227050951872911
2020-08-06,110.59557342529297,111.09076870650271,106.60975774089576,107.19961845957583,202428800,97.52740642002651,99.7349504417435,76.85661982336444,4.851221587320779
2020-08-07,108.08110046386719,110.57368961748969,107.28347223155788,110.11651110240133,198045600,98.42592021397182,100.84777044469332,69.46431404696425,5.084374850793608
2020-08-10,109.65204620361328,110.67096868829299,106.99895752533313,109.52802230986417,212403600,99.53079387119838,102.021673879216,73.74880931017535,5.334420801690314
2020-08-11,106.39100646972656,109.41372516958415,106.13080268423259,108.9152102791965,187902400,100.38383647373745,102.60425155795073,66.79086706581276,5.209394706935342
2020-08-12,109.92684936523438,110.18461900895711,107.2883506394418,107.48289124635573,165598000,101.79650824410575,103.58059793225522,78.41609555254469,5.334135009467715
2020-08-13,111.87226867675781,112.87660092461535,110.81929757369635,111.30809060988061,210082000,103.36409160069057,104.68615403152224,80.04535640036633,5.526268296878499
2020-08-14,111.77259063720703,111.86256586147837,109.96090046073344,111.69720558869597,165565200,104.77232033865792,105.63101224561355,78.58094197588022,5.605871133753226
2020-08-17,111.48075866699219,112.92038434329335,110.85335892216301,112.89606491291276,119561600,106.2677230834961,106.4109784351307,81.46353678884515,5.581073414207694
2020-08-18,112.40971374511719,112.83527783176717,110.89713709457415,111.23272596173223,105633600,107.70550864083427,107.21080980979556,81.00294336351902,5.572147703824925
2020-08-19,112.55075073242188,113.96605702763473,112.4559145982573,112.81824963342837,145538000,109.07361003330776,107.9228019328124,80.41435624072447,5.512905180958754
2020-08-20,115.0481948852539,115.1624895192386,112.57505670786055,112.59208104980983,126907200,109.92169679914203,108.87285432647127,74.5240780183643,5.602891282859787
2020-08-21,120.9769058227539,121.46083051491364,115.99658841174927,116.008744414782,338054800,111.00756726946149,110.48672785930896,77.60397026622584,6.082488203490399
2020-08-24,122.42382049560547,125.27145700681216,120.55620422636002,125.18633529954178,345937600,112.14633124215263,112.07834021081517,78.19047570224555,6.504348064457062
2020-08-25,121.41950225830078,121.76482035926398,119.69536076539771,121.29548577928259,211495600,113.18579156058175,113.32382848381326,75.18148611876086,6.680624870335905
2020-08-26,123.0706787109375,123.52785723369402,121.66996279802345,122.73752407416738,163022400,114.07687050955636,114.6234085140965,73.25901314372638,6.874318781473136
2020-08-27,121.59944915771484,124.00692412752836,120.45406865293813,123.67376948239601,155552400,115.0424668448312,115.55354726657895,76.22422499223727,6.830370413799642
2020-08-28,121.40247344970703,122.9928616302125,121.1787451014989,122.57459270019099,187630000,115.88178307669503,116.33340409099603,74.07817819345189,6.702385791037187
2020-08-31,125.51949310302734,127.426026441553,122.56243764607389,124.0993334865447,225702700,117.24810355050224,117.55821595926687,87.86836260095752,6.85415569379829
2020-09-01,130.51930236816406,131.12239765919617,126.96888738067553,129.13804450192882,151948100,118.71899305071149,119.2863608137865,88.53303189436006,7.293798884419189
2020-09-02,127.81509399414062,134.21557794835164,123.53514224699033,133.836218656411,200119000,119.85776628766742,120.42352523783372,79.00878124298956,7.339408136300705
2020-09-03,117.58212280273438,125.32495545599747,117.21249271726687,123.44761726135523,257599600,120.27273287091937,120.04467157982047,57.72285327322194,6.475196507704823
2020-09-04,117.65995025634766,120.32519508764499,107.86468180279036,116.79423196346733,332607200,120.71410369873047,119.72670873669077,58.26126107196196,5.730524669546639
2020-09-08,109.74202728271484,115.74369462203643,109.60584737773415,110.84119577898701,231366600,120.52355466570172,118.39541787616065,46.99500701877477,4.450158010192212
2020-09-09,114.1192398071289,115.88958571714265,112.1154437280054,114.06087912016324,176940500,120.63558959960938,117.82526080028975,51.61288399207244,3.7454870338969357
2020-09-10,110.39374542236328,117.21249954875044,109.43075684011971,117.07631964504925,182274400,120.30312892368862,116.8343920832329,45.331712929591404,2.8535203404774876
2020-09-11,108.94438934326172,112.08627097984936,106.9989538192749,111.44427369473487,180860300,119.44366346086774,115.78239171790341,36.7402795601723,2.0065491374373323
2020-09-14,112.21271514892578,112.76716394445175,109.72256019656312,111.59017641083511,140150100,118.71429879324776,115.30643484203974,39.18174099614083,1.5808222006076988
2020-09-15,112.3878173828125,115.5880598889027,110.51047170055435,115.10170098076587,184642000,118.0691784449986,114.91728584747611,40.260156768724585,1.2432286567850355
2020-09-16,109.07083892822266,112.83525930246253,108.98329789268679,112.08626989830371,154679000,117.0691898890904,114.13775959157564,35.42607393123123,0.6999621727198218
2020-09-17,107.32969665527344,109.13895266318852,105.74416904457328,106.72661626680116,178011000,116.04992185320172,113.23001786673535,35.2281054137827,0.1274547212913717
2020-09-18,103.92515563964844,107.85493604325933,103.19561736370885,107.38803570255637,287104900,114.80154200962612,111.98936956979043,33.034336629762365,-0.5941307957043165
2020-09-21,107.07677459716797,107.18377414626174,100.28720125318382,101.68791722586771,195713800,113.4842049734933,111.3343569067741,31.75524113666596,-0.9012936537682776
2020-09-22,108.75957489013672,109.78093154907663,106.18187865602258,109.60584204815116,183055400,111.92993872506278,110.99105263788913,26.96188865128117,-0.99743668268394
2020-09-23,104.1975326538086,109.05139236274285,103.85707548927341,108.57476272214053,150718700,110.2429700578962,110.08524997334506,25.94136490664185,-1.4253192149866578
2020-09-24,105.26752471923828,107.24214072616157,102.13537212015387,102.300732370106,167743300,109.36335590907505,109.44288660613083,34.576042042327856,-1.658956370802258
2020-09-25,109.2167739868164,109.37241242635729,104.73254348972193,105.47181123504264,149981400,108.76027188982282,109.41273825688891,40.35986143254662,-1.5080601111837098
2020-09-28,111.82363891601562,112.17381792247089,109.70311378636897,111.87227777517529,137672400,108.9089584350586,109.73419167810582,52.70474617570873,-1.164695638655445
2020-09-29,110.97737884521484,112.16409584063497,110.47156881534237,111.42483559860969,99382200,108.68453979492188,109.89994996705369,45.50517623472583,-0.9499129306284857
2020-09-30,112.65044403076172,114.0608892683136,110.52019713326597,110.68555737521241,142675200,108.84573255266461,110.26668250888142,53.42991057348002,-0.6373467721520285
2020-10-01,113.60371398925781,114.50834184995564,112.66990578164197,114.430522644009,116120400,109.17854145595005,110.71162003959827,57.19003780878133,-0.3091512179995135
2020-10-02,109.93656921386719,112.2224621206602,109.1583993790266,109.81011856378328,144712000,109.01595960344586,110.60827992950081,46.530272929362425,-0.3410306238314149
2020-10-05,113.3216323852539,113.46754155068632,110.45211762382625,110.80229665236467,106243800,109.08266067504883,110.97006025693456,51.29660393732334,-0.09208744807534686
2020-10-06,110.07274627685547,112.95198998188178,109.18756954507073,112.5434428788478,161498200,109.15422548566546,110.85041839292401,51.39378583913078,-0.1551674706107633
2020-10-07,111.94036865234375,112.39754721573827,111.01628226939263,111.49291934511135,96849000,109.4835591997419,110.99574509418,56.39156351267884,-0.0538367293034554
2020-10-08,111.8333511352539,113.22433769308867,111.46371367294667,113.07842855908564,83477200,110.04843030657086,111.10742589965652,62.065881988114114,0.01762996670284167
2020-10-09,113.77877807617188,113.8079584165716,111.7847040414001,112.13488296868925,100506900,110.52714484078544,111.46360618985858,60.61629358058942,0.228612234169006
2020-10-12,121.00608825683594,121.76480690611335,116.02577075981998,116.78448940909738,240226800,111.40189579554966,112.73593713212223,66.50063661870252,0.967844028115195
2020-10-13,117.79611206054688,121.9690718867462,116.38567436315013,121.85234309102313,262330500,112.37322289603097,113.41062712257886,69.0151898080572,1.279918198276576
2020-10-14,117.88365936279297,119.67345635227282,116.3564928845694,117.6988406266793,150712000,113.2743753705706,114.00703142127406,68.13981601539275,1.516818621251403
2020-10-15,117.4167709350586,117.89340060422654,114.92661561063214,115.48106448900049,112559200,113.86008943830218,114.46166335644534,63.10224183540369,1.6478940225520091
2020-10-16,115.77286529541016,118.23384747833158,115.56859545500912,117.97120952549623,115393800,114.14217703683036,114.63649028164066,56.51056150516195,1.6006712343961595
2020-10-19,112.81581115722656,117.1346730450766,112.50454176511802,116.68722375774855,120639300,114.27349363054547,114.39373306505212,52.83357310290994,1.309541697217881
2020-10-20,114.30409240722656,115.73398903147469,112.47537784723609,113.0298268014089,124423700,114.39161137172154,114.38178097734205,52.56336719587282,1.185248493477431
2020-10-21,113.68152618408203,115.47132328298426,113.27297908868262,113.48697818121386,89946000,114.39716938563755,114.28841367157405,50.12186836304942,1.0246972705412958
2020-10-22,112.59210968017578,114.81963481407433,111.4637532261488,114.24572732900903,101988000,114.58685084751674,114.0622398060543,54.52438734299304,0.8003267933362395
2020-10-23,111.90145111083984,113.37025699470568,111.16218354117096,113.21461859214486,82572600,114.48540932791573,113.77413464669237,47.33575046000978,0.56032215417342
2020-10-26,111.91117858886719,113.37025519408711,109.80037545983436,110.89955125203169,111850700,114.61672592163086,113.52574050564901,53.926026144723686,0.36667487496630713
2020-10-27,113.41890716552734,114.08035564318217,111.41511063965335,112.33918968845478,92276800,114.72233581542969,113.51149606029946,53.20675428049862,0.3310529344097688
2020-10-28,108.16622924804688,112.28082929645379,108.06895894073497,111.9111991601691,143937800,114.46039853777204,112.7987938186658,43.49781838852137,-0.11964571824017867
2020-10-29,112.173828125,113.73990454040626,109.13894560010584,109.30431328354058,146129200,114.34575925554547,112.71546505951036,47.34818402718425,-0.15169921696121946
2020-10-30,105.89005279541016,108.93465662193633,104.78115517571706,108.03002883521329,190272600,113.26604243687221,111.80541009096368,24.220381118383415,-0.6763534178414403
2020-11-02,105.80249786376953,107.66039217853414,104.39206020859244,106.1332257311281,122866900,112.40935570853097,111.00502179400445,27.107387517216495,-1.0866839866637577
2020-11-03,107.42695617675781,108.44830541372347,105.7636096297727,106.66823748036964,107624400,111.66244833809989,110.52794637837157,31.147062925885436,-1.2661977693298923
2020-11-04,111.81389617919922,112.43643491089769,109.28483165401832,111.02599722029115,138235500,111.26224299839565,110.69940635181526,41.14935247747748,-1.0424575388099697
2020-11-05,115.78260040283203,116.35650777308182,113.68153378019652,114.73206338089028,126387100,111.26293836321149,111.37716555861749,50.0143259655656,-0.5386908384967626
2020-11-06,115.65106201171875,116.14799861229584,113.15660323122867,115.2905328204704,114457900,111.4654562813895,111.947018419031,54.55072682413829,-0.14835599237439112
2020-11-09,113.34173583984375,118.86655905479424,113.0786522061061,117.41471118065078,154515300,111.39671652657645,112.13298074180604,48.49503259820146,-0.025067178013557623
2020-11-10,113.00069427490234,114.57921088296683,111.20780194427195,112.59144977903753,138023400,111.34808567592076,112.24867587955222,48.92583264280463,0.044606693333790304
2020-11-11,116.43057250976562,116.56698735100086,113.45866925822499,114.18946623657861,112295000,111.62226159232003,112.80626209691403,55.63955538627056,0.37229466604989625
2020-11-12,116.15773010253906,117.44393234617952,115.53411734404979,116.55723597528558,103162300,111.92628152029855,113.25312449766403,56.33114963433653,0.6030223766777709
2020-11-13,116.20645141601562,116.60594984971524,114.85204177616873,116.38184296677532,81581900,112.23308672223773,113.64690142011092,56.381749188041184,0.7808065011601144
2020-11-16,117.21983337402344,117.89216151069154,115.12488063733073,115.87516223258528,91183000,112.50458145141602,114.12329234729926,55.731461205947426,0.9920375639869548
2020-11-17,116.3331298828125,117.58035548799745,115.91413933412841,116.48903680048612,74271000,113.08793149675641,114.41793735203436,64.18235738970387,1.075492533410113
2020-11-18,115.00794219970703,116.75211168169893,114.97871151334662,115.57309358284304,76322100,113.29036821637835,114.49660466505739,55.427246670876315,1.0229081782271408
2020-11-19,115.60234832763672,116.01159288995271,113.81920174805022,114.57922948779476,74113000,113.98410361153739,114.6440371534013,73.7805333672074,1.0174695491496522
2020-11-20,114.33562469482422,115.72901129196754,114.28690935456355,115.60234248642783,73604300,114.59361267089844,114.6029154922577,69.75274236207656,0.9005642417090343
2020-11-23,110.93495178222656,114.60842782780867,110.83751369655596,114.1796913299987,127959300,114.84418378557477,114.11385366425355,57.50339104971755,0.5274301731456745
2020-11-24,112.22118377685547,112.88377334383199,109.70724035208704,110.99345018861624,113874200,114.87327575683594,113.86149767926715,51.004390539794066,0.33168346745364374
2020-11-25,113.05916595458984,113.76073225947121,112.22118480532058,112.59146004070323,76499200,114.67874472481864,113.75452011597685,42.05747465047335,0.2413883764036484
2020-11-27,113.60482025146484,114.48177809334693,113.24429850772803,113.58533560344574,46691300,114.53258459908622,113.73456013404191,44.173157833219854,0.21142147260914612
2020-11-30,116.0018539428711,117.87269259432198,113.81920141545976,113.97510835343999,169410200,114.72259303501674,114.03686597521914,57.537256421109426,0.37675013051641315
2020-12-01,119.57789611816406,120.30869322700154,116.93728345698425,117.91167960210089,127728200,115.19239316667829,114.77566999427846,65.748901615835,0.7872560031962905
2020-12-02,119.92865753173828,120.21123325455888,117.79472798281287,118.89579275045067,89004200,115.44225638253349,115.4627349992731,59.824787037223544,1.1278868024961781
2020-12-03,119.79224395751953,120.61073301099076,119.08093162233982,120.3573879750848,78967600,115.70186451503209,116.04000286037262,60.28679680087342,1.3710273794743983
2020-12-04,119.11990356445312,119.7142856820755,118.40859125787107,119.46094065635505,78260400,115.90996823992047,116.45065628758336,57.96480628187512,1.4922638984067333
2020-12-07,120.58148956298828,121.38049388333657,119.11989575010358,119.17835712372279,86712000,116.15008653913226,117.00143405763734,58.97028208142287,1.6868376735399409
2020-12-08,121.19538116455078,121.78002475694831,119.93840933537943,121.18564255631568,82225500,116.49739020211356,117.5606270052258,63.16618014366374,1.8690297029166345
2020-12-09,118.66192626953125,122.72515520882723,117.90189869056083,121.3415148761349,115089200,116.75838906424386,117.7074669071332,59.28670734757747,1.7883742960972029
2020-12-10,120.08455657958984,120.69843079499793,117.07367661772612,117.41471371847992,81312200,117.07854679652623,118.02441219679409,60.931458542506924,1.8182885827693127
2020-12-11,119.27581787109375,119.61685498411975,117.46344071723955,119.29530252010173,86939800,117.43141773768834,118.19126628670071,62.32371943102995,1.7564896957774607
2020-12-14,118.66192626953125,120.19172746757567,118.42807334539813,119.46093057486559,79184500,117.98334448678153,118.25402095107812,72.38839293609165,1.639083377972284
2020-12-15,124.60575103759766,124.62524311960807,120.95176623601054,121.15638849281328,157243700,118.8679564339774,119.1009182959474,78.25688705809611,2.0025706218399364
2020-12-16,124.53755950927734,125.08321893037582,123.31956442000251,124.14780702795105,98208600,119.68784168788365,119.82580379105805,77.14279838034008,2.259092977347848
2020-12-17,125.40475463867188,126.2622278245828,124.76164974923869,125.59963085326014,94359800,120.53069414411273,120.56966390407324,77.48517819398768,2.503505340533991
2020-12-18,123.41700744628906,125.79453619074846,122.89083268641434,125.65812133826819,192541500,121.06034796578544,120.94930970970202,67.60757913654076,2.507899805284211
2020-12-21,124.94678497314453,125.02473843111304,120.28917365326492,121.8189749541549,121251600,121.44384002685547,121.48230641149436,64.1208923734728,2.604796242142129
2020-12-22,128.50335693359375,130.9685777717825,126.33044301842824,128.24026583476893,168904800,122.05631855555943,122.41844648110762,69.29825555499464,2.934743108409762
2020-12-23,127.60689544677734,129.0392437617865,127.43149645083432,128.77616757002454,88223700,122.61450794764927,123.11023967653026,67.00589397486344,3.08829152481745
2020-12-24,128.5910186767578,130.0428738137408,127.74329906375385,127.95766733547217,54930100,123.29101616995675,123.84101020989394,70.33467915251394,3.251904342060456
2020-12-28,133.19021606445312,133.82356763345643,130.09162848432888,130.55934935520793,124486200,124.19163949148995,125.08757099050183,73.85694187290991,3.7099198241945146
2020-12-29,131.41676330566406,135.236393246922,130.9003346955004,134.5153498347467,121047300,124.92173821585519,125.93146329919014,68.52689208456006,3.8850135593625907
2020-12-30,130.29623413085938,132.50811721089653,129.9844202745973,132.10861128309938,96452100,125.75276020595005,126.51343274341272,72.22634865295032,3.8885346591894745
2020-12-31,129.2926025390625,131.2901172342019,128.34743726674927,130.6470123311244,99116600,126.41047777448382,126.88398871616603,67.87738617306086,3.766917790942557
2021-01-04,126.09659576416016,130.18905617994074,123.51444475784658,130.10136410422703,143301900,126.89767619541713,126.77900298923191,62.11910439223033,3.3737539743358838
2021-01-05,127.65554809570312,128.36686751012184,125.14160594135842,125.58983440978534,97664900,127.5400777544294,126.89587567009475,65.46057567106189,3.1516331760994802
2021-01-06,123.35852813720703,127.69459465788168,123.14415983466812,124.44985429829092,155088000,127.45099040440151,126.4242293323764,47.72726893567185,2.5989086431726918
2021-01-07,127.56792449951172,128.25975221212653,124.58627507251094,125.0734730800105,109578200,127.6674450465611,126.57672202132778,54.79790841942356,2.4720374665828757
2021-01-08,128.6689910888672,129.23414253685505,126.89558328296363,129.0392514479538,105158200,127.90060479300362,126.85569123033304,55.13019926540487,2.4322999767635736
2021-01-11,125.67759704589844,126.83713071211609,125.20989110987996,125.88222675621482,100384500,128.06207547869002,126.69861200574175,53.44417461395719,2.1348183733148858
2021-01-12,125.50218963623047,126.3694013561782,123.61185929052172,125.20986790485577,91951100,128.101747240339,126.53908902314026,50.88262552419455,1.86342771259595
2021-01-13,127.53866577148438,128.08432504103422,125.2001217968136,125.46319795799657,88636800,128.03284072875977,126.67236592291948,48.38912692524074,1.7920179953281945
2021-01-14,125.60939025878906,127.6458743033761,125.46322193987007,127.45099807958694,90221800,127.8901617867606,126.53063583436875,46.775713859614,1.5617460335463846
2021-01-15,123.88471221923828,126.88585381359638,123.7482973680449,125.48272113383378,111598500,127.55399703979492,126.17784601901803,42.58066176698757,1.225954698128703
2021-01-19,124.55703735351562,125.4145105561259,123.68982554382202,124.50831458189415,90757300,126.9373414175851,125.96173819695105,34.466895817089636,1.0025320990614404
2021-01-20,128.64950561523438,129.09773432738962,125.25861162121556,125.36579577837638,104319500,126.73968015398297,126.3201071860555,45.40454358632859,1.1425257406237677
2021-01-21,133.36557006835938,136.0938817254987,130.1695525142569,130.3741822074859,120150900,126.95891843523297,127.25950223702935,54.5533484604561,1.6153974020330253
2021-01-22,135.50927734375,136.26930513798973,131.5629700317484,132.79070380672675,114459400,127.40296663556781,128.35947225125878,58.920663948094905,2.138479798016917
2021-01-25,139.2606658935547,141.37510329816405,133.04401504155618,139.40683420534555,157611700,128.343257359096,129.81296473689824,68.59351895375309,2.823188114535526
2021-01-26,139.4945526123047,140.60536359839995,137.75037522505468,139.92328928555284,98390600,129.18890053885323,131.10384312028577,67.37220736999073,3.3461250453317746
2021-01-27,138.42269897460938,140.605351455325,136.8149514568833,139.75761679075893,140843800,130.26491274152482,132.07969056752893,74.41567200223767,3.6321969938564678
2021-01-28,133.57992553710938,138.35447419549072,133.19991174456135,135.94771521998626,142621100,130.6943413870675,132.2797218968063,59.54808289525117,3.4286167705483876
2021-01-29,128.581298828125,133.2389103783543,126.8761058794983,132.3522064767238,177523800,130.68807765415735,131.78659882098214,49.876071997705594,2.8312931912222155
2021-02-01,130.7054901123047,131.9137466089755,127.57767214071629,130.32547623427098,106239800,131.0472128731864,131.6424509931585,57.28403096223803,2.500490339021212
2021-02-02,131.53372192382812,132.81991691760996,131.16344668453948,132.25476545115475,83305400,131.47803660801478,131.62795378391445,58.57581383259956,2.278888472956538
2021-02-03,130.5106201171875,132.29376682043633,130.1890676099028,132.2840133435427,89880900,131.6903190612793,131.4789759616842,54.3509963037642,1.9976835793794692
2021-02-04,133.8722686767578,133.8820072844467,131.14395684543172,132.8101805826387,84183100,132.28052466256278,131.79808165702735,61.610075918862655,2.0227664272904633
2021-02-05,133.45750427246094,134.10157011842293,132.57924349365368,134.03326822644928,75693800,132.96429552350725,132.01933800575182,63.96467265309248,1.9862801428062653
2021-02-08,133.60391235351562,133.65270793576502,131.6619613464302,132.74515775495385,71297200,133.6105008806501,132.23061458545368,63.403129241489445,1.9467376284619888
2021-02-09,132.72564697265625,134.55050063798447,132.56952194364052,133.32091738610043,76774200,133.90165383475167,132.29661890374734,56.67455885057287,1.8235109258335171
2021-02-10,132.12060546875,133.6819746696006,131.15450660056266,133.18428060554035,73046600,133.81272779192244,132.2731504457477,47.64424420632482,1.657919618039955
2021-02-11,131.86685180664062,133.09641965172585,130.53969283038145,132.61824693347916,64280000,133.55255453927177,132.21897729386674,42.57676060542735,1.4890467101925253
2021-02-12,132.10110473632812,132.257244658681,130.46168022259064,131.10574623455432,60145100,133.04115731375558,132.2032609528616,32.967052115029006,1.358456526524236
2021-02-16,129.97372436523438,132.72561913740805,129.58337464875356,132.21818684146174,80576300,132.36109815325057,131.90598940784463,29.221505359156396,1.070955737334799
2021-02-17,127.68046569824219,129.02714615555675,126.34355329024206,128.0805685718384,97918500,131.5937957763672,131.3425862465643,27.742484168460862,0.6505631941660681
2021-02-18,126.5777816772461,126.86077223279327,124.33331888275549,126.08008757945029,96856700,131.09364264351981,130.7072789706552,32.83082077051927,0.22581859377874025
2021-02-19,126.7339096069336,127.55363670145083,125.6897555852295,127.09498501546292,87668800,130.96168627057756,130.17749638882566,44.05950188734052,-0.09707729639328022
2021-02-22,122.95735168457031,126.58752230648321,122.5670093965397,124.91880883902334,103916400,130.4082478114537,129.2148104282583,27.47827583392767,-0.6502159927975697
2021-02-23,122.82072448730469,123.65019713865051,115.53110938005393,120.7714369236387,158273000,129.78589085170202,128.36226563613116,23.612765725408067,-1.0870759331492081
2021-02-24,122.32304382324219,122.52797184498519,119.2783904200208,121.92294838417055,111039900,129.20106397356307,127.55703606107929,24.38893539921932,-1.456657809097507
2021-02-25,118.06832885742188,123.40624037390658,117.62919844492515,121.66922504247013,148199500,128.07221112932478,126.29187510059164,3.180496978080356,-2.0690236315828656
2021-02-26,118.33183288574219,121.83513850368571,118.27327669448195,119.6297105769618,164560400,126.99180603027344,125.23053613861171,4.784650584032434,-2.504198542876807
2021-03-01,124.70413970947266,124.84075840671721,119.82487925027971,120.76169636502549,116307900,126.35610798427037,125.16034994805983,30.61233851385377,-2.3082775040445256
2021-03-02,122.09860229492188,125.61166793035277,121.99125798161717,125.30915619930848,102260900,125.59703336443219,124.75211692764145,28.469831970129675,-2.3363220963874767
2021-03-03,119.11250305175781,122.67436464921909,118.89781440194187,121.79609628413596,112966300,124.6678831917899,124.00016841085697,25.964765573722417,-2.569876949143463
2021-03-04,117.22908020019531,120.6152873149633,115.75554926545047,118.80996287933978,178155000,123.6223280770438,123.09735664943541,24.489905001388124,-2.873819731351631
2021-03-05,118.48797607421875,118.99542340351381,114.73094647475601,118.05860615538639,153766600,122.64996174403599,122.48277257273986,27.093688009945623,-2.978776716278091
2021-03-08,113.5501480102539,118.0781010413507,113.40376871001352,118.0097916939266,154376600,121.47684914725167,121.2917559644084,24.752571397340333,-3.4209626130891593
2021-03-09,118.16593170166016,119.11250946582403,115.92147625354262,116.15567868178947,129525800,120.79723957606724,120.87497939604197,36.34843232731999,-3.3602085612695163
2021-03-10,117.0827407836914,119.21985186652402,116.56553290549272,118.7514470176131,111943300,120.11902236938477,120.36934758106189,36.368776248561886,-3.360724650180188
2021-03-11,119.01490783691406,120.23472282472085,118.33181442180619,119.58090377809478,103026500,119.56766510009766,120.18875561517552,39.45615918626054,-3.1686971526288374
2021-03-12,118.10736846923828,118.24398715605516,116.28252996168703,117.4925843785623,88105100,119.22123772757394,119.91123732905056,42.81170838805333,-3.0545340525085862
2021-03-15,120.9958724975586,121.00563310100158,117.51208158431191,118.47818030587472,92403800,119.09089115687779,120.0558553515183,47.499324090784484,-2.699858549556808
2021-03-16,122.5377426147461,124.1478999993401,121.7082698545493,122.6646007020175,115227900,119.10622678484235,120.386773653282,50.28602582760065,-2.2682130772171547
2021-03-17,121.74730682373047,122.8207426159824,119.38573914658367,121.05445274468458,111932600,119.36901092529297,120.56817807600848,55.399607770330874,-1.967235427491147
2021-03-18,117.61944580078125,120.20545520924264,117.41451776473627,119.91269661765824,121229700,119.31812613351005,120.17501377264486,49.06095439231659,-2.038296149023779
2021-03-19,117.09247589111328,118.49770511150997,116.78996416261775,117.00465278741832,185549500,118.77443586077008,119.76400872177399,38.138691598562865,-2.112779543029717
2021-03-22,120.41039276123047,120.87880505575174,117.35597829903826,117.42428764978501,111912300,118.65384946550641,119.85019326036819,47.42639096917094,-1.882381089514709
2021-03-23,119.58089447021484,121.23983974643996,119.19055221546797,120.35181837592111,95467100,118.6873059953962,119.81428675501441,50.764299317803754,-1.7465886481294035
2021-03-24,117.19007873535156,119.93222828376645,117.17056496861947,119.8541583265163,88530500,118.6845201764788,119.4643923523927,49.937395874103984,-1.811014758108584
2021-03-25,117.67797088623047,118.72213951191524,116.12637002014175,116.65333091197152,98844700,118.62666266305106,119.22620282357106,48.66680178344096,-1.8019325386989777
2021-03-26,118.28300476074219,118.54648893602595,116.04830307573802,117.44377155344249,94071200,118.9647238595145,119.10044308186055,59.085754927086356,-1.7260171854831299
2021-03-29,118.45867919921875,119.61994551573255,117.81462072071783,118.7124028156756,80819200,118.9856343950544,119.01487456417497,50.67748782690099,-1.6328557178089511
2021-03-30,117.0046615600586,117.49258758203952,115.98977454091903,117.20958959587135,85671900,118.98005730765206,118.74684616362612,49.8223550094707,-1.6572479326660812
2021-03-31,119.20030975341797,120.53722207670454,118.22445786422938,118.71238380882367,118323800,118.99330030168805,118.80730797559838,50.416826901141306,-1.4823212031532051
2021-04-01,120.02979278564453,121.18129841261401,119.53210619432762,120.67385866207343,75089100,119.13061632428851,118.9703059502712,54.337282702095315,-1.2622082107572083
2021-04-05,122.85977935791016,123.1135029854138,120.09811616226364,120.87880081066227,88651200,119.26375252859933,119.48890240462305,54.21639171336282,-0.8496169578359343
2021-04-06,123.16227722167969,124.0600592543952,122.6158024965763,123.44527518865387,80171300,119.30836214338031,119.97868571356395,51.496699213171986,-0.4925485744449247
2021-04-07,124.81147003173828,124.830983795515,122.11811647580448,122.79145672607788,83466700,119.52723094395229,120.6230569559872,57.052974666427836,-0.07562151344224333
2021-04-08,127.21208190917969,127.24135628131242,125.41651759687218,125.83612685765557,88844600,120.21241923740932,121.50159361641286,73.98730013858278,0.44339432814712154
2021-04-09,129.78831481933594,129.82734234724018,126.34355848189794,126.66559142580684,106686700,121.1192648751395,122.60648977680262,78.79593011323738,1.0504892016766547
2021-04-12,128.07083129882812,129.64195373047176,127.4755609392533,129.31992075985053,91420000,121.66643905639648,123.33506864640603,68.73511230032337,1.3771547140404579
2021-04-13,131.1837615966797,131.4082182509909,128.74413188709045,129.24182587765023,91266500,122.4952152797154,124.38156103977586,75.52605138943764,1.8657200855040657
2021-04-14,128.84173583984375,131.7400174141813,128.48067537183306,131.68146867778168,87222800,123.32747650146484,124.97625101311824,75.68853480385825,2.0404091898319052
2021-04-15,131.25209045410156,131.7400164409198,130.41285716116144,130.5885182593821,89347100,124.29705647059849,125.81302960524935,77.58835797520565,2.3463003468975643
2021-04-16,130.92031860351562,131.41799780371278,130.06156400836352,131.05693729907884,84922400,125.19972174508231,126.49400147168487,75.97287051683628,2.5327540648151086
2021-04-19,131.5839080810547,132.1986997366617,130.1201297698555,130.28602285828597,94264200,126.13723809378487,127.17265568626752,76.44527863348767,2.7029086560947633
2021-04-20,129.8956756591797,132.2572359912941,128.6270649312646,131.75955677302224,94812300,127.05802481515067,127.53572501598914,75.73052474615173,2.670744468530742
2021-04-21,130.2762451171875,130.52020812302493,128.12937364388216,129.16377440618163,68847100,127.84916305541992,127.90112769614893,73.8346314981712,2.645467589242955
2021-04-22,128.75393676757812,130.9105617092093,128.2367363124183,129.8273652126756,84566500,128.4723161969866,128.0148355723395,68.23015161674898,2.474078284541619
2021-04-23,131.07643127441406,131.85710086380988,128.96858764628234,128.96858764628234,78657500,129.0592199053083,128.42304833261613,67.54173392252451,2.4968745075056233
2021-04-26,131.4667510986328,131.79853712537644,130.33475947646676,131.57409538849885,66905100,129.65239661080497,128.82887536808502,67.66299197470123,2.5174170099648876
2021-04-27,131.144775390625,132.14014879502187,130.87153796829216,131.74979898431587,66015800,130.10477556501115,129.13766203775702,64.27648381055242,2.4791383783757794
2021-04-28,130.35433959960938,131.7595691601595,129.86641349610298,131.0667075414383,107760100,130.329222542899,129.2998857126707,57.637693296531545,2.357841001313261
2021-04-29,130.2567596435547,133.76008068516452,129.25163297497218,133.17456335438914,151101000,130.36268288748605,129.4274689034552,51.294613564176565,2.228153304826151
2021-04-30,128.28550720214844,130.33478741572688,127.90492552746106,128.59777209122348,109839500,130.37801688058036,129.27520734328098,50.585080590495146,1.9439031677531062
2021-05-03,129.33941650390625,130.83248375117557,128.64656992797262,128.85149050777056,75135100,130.24627794538225,129.28376856469768,44.33792123278366,1.7831198631466094
2021-05-04,124.76268005371094,128.31478827842903,123.64044873461123,128.02202969252124,137564700,129.95491681780135,128.68095676323279,38.98834018356816,1.271733798118575
2021-05-05,125.00663757324219,127.29988066325254,124.87977205806523,126.08006575676235,84000900,129.5088130405971,128.19104753790072,30.90675001166207,0.8760435060151224
2021-05-06,126.6070556640625,126.61680882445819,124.0600736654329,124.80172333933865,78128300,129.20072283063615,127.97984862138895,37.76294554421156,0.683715022227247
2021-05-07,127.28153228759766,128.30790544082245,126.56793953638302,127.90713783845663,78973300,128.89341027396065,127.88673977688345,37.80136894736592,0.5790430915389635
2021-05-10,123.99707794189453,126.62657341198205,123.95797666716017,126.49950732025513,88071200,128.47208186558314,127.36811819888493,34.66374094423182,0.22842863289189097
2021-05-11,123.07823181152344,123.43012839060427,120.00884494360865,120.72243020113098,126142800,127.95793805803571,126.79613334723673,31.794847451975613,-0.12217074690840946
2021-05-12,120.00885009765625,121.83679573122357,119.50054838799285,120.62468591755979,112172300,127.33328901018415,125.89116224729267,29.487265753793366,-0.6403155743891205
2021-05-13,122.15937042236328,123.31283199690465,121.46533953245027,121.77814229209847,105861300,126.69635609218052,125.39359000396877,28.9137594035695,-0.867420976576696
2021-05-14,124.58358764648438,125.013694229742,123.01957387710111,123.4105791838984,81918000,126.20470155988421,125.28558968963752,35.151619087244015,-0.8420825703655339
2021-05-17,123.43013763427734,124.07529756948797,122.35487853339957,123.96777091361953,74244600,125.65365600585938,125.03819608225616,33.934288340830975,-0.904647266525842
2021-05-18,122.04206848144531,124.1339383673377,121.97364310976869,123.71360895337953,63342900,125.05992235456195,124.63871240214806,33.110130951185056,-1.054084983498143
2021-05-19,121.88568115234375,122.11050419640777,120.09683669552412,120.3900925748675,92612000,124.4619881766183,124.27164156884082,33.03119177292399,-1.1716287938919834
2021-05-20,124.44676208496094,124.84754465640827,122.28646646366246,122.41354750232011,76857100,124.1877920968192,124.29499097099017,42.40030184192449,-1.0460668752864422
2021-05-21,122.60902404785156,125.12122331133726,122.39397075203622,124.94527129274346,79295400,123.70704977852958,124.07019538123836,37.076687332262935,-1.0823713479969683
2021-05-24,124.24147033691406,125.06258229000034,123.10756306374581,123.17598843835246,63092900,123.66982051304409,124.09303204199513,48.87161787625786,-0.9682566713862997
2021-05-25,124.04595947265625,125.4340286577924,123.47900216167147,124.94526644040783,72009500,123.60120064871651,124.08675569941661,47.915828041165035,-0.8834126299211675
2021-05-26,123.99707794189453,124.52493396410016,123.57674856075704,124.10460458296265,56575900,123.41477366856166,124.07479866508034,43.929002542367165,-0.810771379034378
2021-05-27,122.46240997314453,124.76933338548339,122.26691102273217,123.59632476739549,94625600,123.07055064610073,123.85981350615558,39.22169135212613,-0.8670428138349138
2021-05-28,121.80746459960938,122.97070334084246,121.74881641359961,122.74587286479516,71311100,122.91414969308036,123.58616698528274,44.44997089588462,-0.9534956450992951
2021-06-01,121.48490142822266,122.53083648398967,121.15255171788874,122.26691215271315,67637100,122.80034037998745,123.3059982443414,45.835488629805745,-1.036094832609649
2021-06-02,122.24732971191406,122.42328171163132,121.26005053476115,121.48487353240775,59278900,122.96023178100586,123.16484244001775,56.65307036877804,-1.0281814573718862
2021-06-03,120.76154327392578,122.04207853123913,120.36076073695506,121.87590368031279,76229200,122.8603869846889,122.84440255120549,45.6745506363899,-1.1287886261576432
2021-06-04,123.05868530273438,123.32261707615766,121.0645647856299,121.27961809499506,75169300,122.75146538870675,122.87297358474268,45.24392402918674,-1.0115004213280656
2021-06-07,123.06846618652344,123.47901844884905,122.02253116137574,123.33239051007368,71057600,122.72563171386719,122.89903926498012,48.785312544040586,-0.9073006413863425
2021-06-08,123.88957977294922,125.57090514170456,123.37150081481444,123.75272900883088,74403800,122.85759680611747,123.03111133270934,56.450594641592794,-0.7498210901913609
2021-06-09,124.27080535888672,124.87686405712522,123.674523845825,124.34900792468662,56877900,123.02796282087054,123.19640386953299,58.19894538792111,-0.5874835478961131
2021-06-10,123.27375030517578,125.3069722948258,123.10757544410626,124.16328026451814,71186400,122.94417626517159,123.2067167276187,45.4819119556293,-0.5331382008337897
2021-06-11,124.48583221435547,124.5738119466235,123.2639453503398,123.68427472987341,53522400,123.07823399135044,123.3772654591836,57.59495195053712,-0.38779399370415035
2021-06-14,127.54542541503906,127.6040735939575,124.21212215861955,124.94525422632002,96906500,123.31423078264508,123.93302011996434,61.98581151994757,-0.025430909502986765
2021-06-15,126.72434997558594,127.66276579909551,126.47997256396104,127.01760585265852,62746300,123.50554438999721,124.30519743404722,59.29458361794623,0.1932627072737887
2021-06-16,127.22286224365234,127.9462246818499,125.57088362966448,127.43791553837022,91815000,123.73595755440849,124.69421940866123,60.855399637682645,0.4021687964201419
2021-06-17,128.8259735107422,129.56889029442954,126.73410372753868,126.88073910539828,96721700,124.19049780709403,125.24511995560536,71.31645058486481,0.6891420579816412
2021-06-18,127.52589416503906,128.55226719332194,127.31084088477134,127.77027153665138,108953300,124.59895706176758,125.54922318352986,68.36178842269992,0.8024151548984406
2021-06-21,129.3245391845703,129.43206585059897,126.30403772378516,127.36951974085984,79663300,125.15893118722099,126.05259865033526,72.99333577090196,1.0254992049822107
2021-06-22,130.96676635742188,131.06452330928863,128.6598425001631,129.15838207282025,74783600,125.78174809047154,126.70782101128013,74.31870333613642,1.3195974323125625
2021-06-23,130.6930694580078,131.29913573311447,130.2336386159377,130.76150230988165,60214200,126.49114281790597,127.23918747084383,79.70782043832867,1.5131447531188371
2021-06-24,130.40956115722656,131.6118938058328,129.9403458033597,131.42616459271213,68711000,127.01620537894112,127.66190396236152,75.00007784193106,1.6249245302908406
2021-06-25,130.11631774902344,130.87877412754855,129.8230618536797,130.45845211286021,70783700,127.51962334769112,127.98915913391644,73.51609053548228,1.670590983770765
2021-06-28,131.7487335205078,132.20816419376467,130.3509020493391,130.40955023475712,62111300,128.08099147251673,128.4904357187953,74.8762965020104,1.8175526714444175
2021-06-29,133.2638702392578,133.4202753370262,131.3284056301101,131.76828191642397,64556100,128.7233532496861,129.12689365485699,76.55895478299976,2.03284635107255
2021-06-30,133.87973022460938,134.31960659055045,132.81423335434383,133.10748923684247,63261400,129.48092324393136,129.76060519749063,82.04381009019724,2.227485827093332
2021-07-01,134.1827850341797,134.24143324031934,132.7067355734526,133.52785520625866,52485800,130.17356273106165,130.35022917571584,81.00017219621392,2.3787720016383673
2021-07-02,136.81224060058594,136.85133441897935,134.65193797296,134.79855843644995,78852600,130.83547810145788,131.21183069903185,80.46285929831743,2.679949682130399
2021-07-06,138.82589721679688,139.9304727602518,136.91975675935547,136.91975675935547,108181800,131.69987433297294,132.2270395680672,86.88910574430142,3.04600794042301
2021-07-07,141.31857299804688,141.6313683204944,139.45152604310684,140.3117243665474,104911600,132.7067108154297,133.43924402539784,88.31029390358151,3.496939311202965
2021-07-08,140.01846313476562,140.8200131513889,137.50625661436462,138.39579381995796,105575500,133.5061743600028,134.3164732399802,80.92913349969177,3.7066694922508248
2021-07-09,141.846435546875,142.37428423087343,139.44175508160217,139.53951201949036,99890800,134.52907017299108,135.32046821423285,88.45130528052941,3.9745679234708575
2021-07-12,141.25015258789062,143.0292274131984,140.76139773464533,142.92170074885988,76299700,135.38089970179968,136.11109279738722,84.23104246617221,4.091598903641966
2021-07-13,142.36447143554688,144.1435457407315,140.39968286953984,140.79068067157974,100827100,136.19502149309432,136.9448766158085,83.73821357658669,4.22555346679539
2021-07-14,145.79556274414062,146.20612993530744,144.35862232189876,144.76918951306558,127050800,137.27377101353235,138.12496809958614,87.66436540512072,4.556054457224576
2021-07-15,145.140625,146.62644380694877,143.7818872173468,145.88354186128097,106820300,138.32598985944475,139.06038901964132,86.06981159850223,4.710827385153891
2021-07-16,143.09764099121094,146.3918438290554,142.59911642566018,145.12109318169695,93251400,139.25322723388672,139.59868928251728,79.27684059108147,4.615430500236101
2021-07-19,139.24624633789062,140.82982210985173,138.48379000590003,140.51701186307943,121434600,139.78876386369978,139.5516968899004,65.37072849364314,4.180858090987385
2021-07-20,142.863037109375,143.7916832596006,139.74479368631023,140.23354853774924,96350000,140.47441864013672,139.9932089191637,68.11807242378983,4.081254947666025
2021-07-21,142.12989807128906,142.8434908596877,141.3772263751189,142.25697909961474,74993500,141.063716343471,140.27810080611374,65.50325070981143,3.8982242431918337
2021-07-22,143.4984130859375,144.86692056753935,142.53067320676791,142.65775422849268,77338200,141.72911834716797,140.7074757767569,66.83142194057231,3.819569199622009
2021-07-23,145.2188262939453,145.37523141238975,143.6157111189225,144.2315469505393,71447400,142.3295887538365,141.3089891790487,65.70485922655561,3.8516579632801893
2021-07-26,145.63914489746094,146.46024929276885,144.37814929731337,144.93533686845095,72434100,142.81624930245536,141.886343274837,63.53395332088993,3.866434883654307
2021-07-27,143.4690704345703,145.85419595024982,142.27650767673055,145.76620876125995,104818600,142.96985626220703,142.09737356280144,54.32724517197526,3.660838953760674
2021-07-28,141.7193145751953,143.66456373234172,139.3341891527353,141.55313976010396,118931200,143.09134565080916,142.0469656977873,53.36163370084003,3.318458895076077
2021-07-29,142.36447143554688,143.2540085881392,141.32831383609212,141.4358404689946,56699500,143.12834821428572,142.08929979615525,51.074087010222655,3.063860719495665
2021-07-30,142.5795440673828,143.03897475076792,140.86890234879084,141.13283410460213,70440600,143.22330474853516,142.15466569898558,52.80060999248439,2.8466302138797346
2021-08-02,142.2471923828125,143.6450238649846,141.98326063074202,143.06829681635188,62880000,143.21492767333984,142.1670025901625,49.74451229970842,2.6174827578459485
2021-08-03,144.04583740234375,144.71053687305948,141.91485839054755,142.53069430623984,64786600,143.08994729178292,142.41751389845334,45.89642985460901,2.5516040658407917
2021-08-04,143.64503479003906,144.4661392860283,142.99010513855148,143.9578450260043,56368300,142.98311941964286,142.58118335066476,46.45012868125078,2.438938739033631
2021-08-05,143.75254821777344,144.51500445327014,142.88256533800865,143.6743456659774,46397700,143.02989850725447,142.73736533294593,51.71173326952221,2.331450579912456
2021-08-06,143.0673065185547,144.01691280393376,142.5680349930517,143.27289769844572,54126800,143.30283137730189,142.7813574910271,61.967897243651564,2.166003817359467
2021-08-09,143.01828002929688,143.61545464971047,142.460272726459,143.12596774569784,48908700,143.3139201572963,142.8129471627964,50.626180165586305,2.007785536246274
2021-08-10,142.53863525390625,144.60427120704347,142.24494003565766,143.36096991463478,69023100,143.3431156703404,142.77637224161106,51.68308047646754,1.8226823363544042
2021-08-11,142.7931671142578,143.6350854630747,142.4701038589951,142.97917458892059,48493500,143.29274095807756,142.77861155796396,46.802634874032705,1.6771916889873069
2021-08-12,145.75949096679688,145.9161304485451,142.77361619956048,143.11626319863927,72282600,143.33135986328125,143.17606214580834,52.20239700951867,1.7807198174465668
2021-08-13,145.96505737304688,146.2979050117812,145.15250700463497,145.8377859484882,59375000,143.35463932582311,143.5479281761068,51.35124534222396,1.8579369554280731
2021-08-16,147.94259643554688,148.01113180908496,143.39037176189015,145.41684086363392,103296000,143.67417689732142,144.13388394403216,68.84832338339803,2.0550140462349304
2021-08-17,147.03211975097656,148.4907815727172,145.95524228570045,147.0712721415507,92229700,144.0536629813058,144.52031538495808,74.08803360618991,2.1133695921579374
2021-08-18,143.28265380859375,147.5509815993363,143.07706266924538,146.65032719515608,86326000,144.11924743652344,144.35529384144283,53.24854669995076,1.8359030690054396
2021-08-19,143.615478515625,144.88814766514,141.46173876765357,141.9805937770935,86960300,144.193242754255,144.25665179800046,53.63486938970001,1.6241429141732908
2021-08-20,145.0741729736328,145.37765255184942,143.6938159198485,144.33994240518913,60549600,144.3951699393136,144.36565462141812,59.19265734578015,1.5560883004658592
2021-08-23,146.56222534179688,147.03212874723278,144.78048523349747,145.1916525804989,60131800,144.57491193498885,144.65853071746864,58.35137834153377,1.6037409908851714
2021-08-24,146.47410583496094,147.68803914447207,146.01398679478913,146.30768202395666,48606400,144.77698843819755,144.90060739980095,59.588107408150556,1.6157699929090086
2021-08-25,145.24058532714844,147.1593809674563,144.69236226933418,146.6600946599799,58991300,144.8832768031529,144.94593779011396,54.68554208531608,1.5083805950918077
2021-08-26,144.4378662109375,145.98464744634347,144.40849817604698,145.23084796686985,48597200,144.9811739240374,144.87819491289045,54.28393461325306,1.3430195066758301
2021-08-27,145.47560119628906,145.62244138047882,143.74281233303097,144.3791397151383,55802400,145.15669686453683,144.95784908401026,57.23370672052019,1.2809403108033166
2021-08-30,149.90049743652344,150.2627279823977,145.48532997591,145.86712924689024,90956700,145.6825441632952,145.61686886434535,67.58647487531886,1.5706883296591911
2021-08-31,148.63766479492188,149.58727102922836,148.1090103253276,149.4502152293265,86453100,146.10000828334265,146.0196416550889,63.32002345283941,1.679060517413859
2021-09-01,149.3033447265625,151.72141211238971,149.1369209108447,149.61662363000326,80313700,146.35314069475447,146.45746873128536,59.02289347974054,1.7979355819403793
2021-09-02,150.4193572998047,151.46686670695442,149.1956397332981,150.63473278654652,71115500,146.67130497523718,146.98572054042128,60.83846759899039,1.959608665894251
2021-09-03,151.05572509765625,151.3787883827347,149.87115971903515,150.5270706537238,57808700,146.893671308245,147.52838781471928,58.10398355227618,2.114708272058323
2021-09-07,153.39547729492188,153.95348484848995,151.14383353713905,151.71164039348162,82278300,147.34819684709822,148.31066641207963,65.41759553992955,2.3987727168740776
2021-09-08,151.8487091064453,153.73812239539555,150.74246333206673,153.67938632559895,74420200,147.96005793980189,148.78240543799507,73.23442229835716,2.47060497379573
2021-09-09,150.83055114746094,152.82765179688866,150.7130640942289,152.2206926173688,57305700,148.47542027064733,149.0554915325905,68.8685501950115,2.4175081872051294
2021-09-10,145.83779907226562,152.21091623055125,145.5734718351498,151.74101276076019,140893200,148.52996499197823,148.62646587121387,51.685458345654176,1.9500759730549646
2021-09-13,146.4055938720703,148.23627083685082,145.62241152835927,147.46288779538614,102404300,148.5187770298549,148.3303496046614,49.63964779916604,1.6069252369040328
2021-09-14,145.005615234375,147.8936003081731,143.8210651320534,147.18873787623096,109296300,148.41388484409876,147.88705168862322,46.81385840327093,1.2080831991701473
2021-09-15,145.896484375,146.2978672735614,143.2924101221302,145.43636543039682,83281300,148.46073477608817,147.62164271347345,51.44456415733366,0.9528992754208616
2021-09-16,145.6615447998047,145.837767899535,144.12456328294863,145.31891283926268,68034100,148.5481403895787,147.3602963249843,52.764183870360654,0.7233679812949276
2021-09-17,142.98895263671875,145.6909306748569,142.69525742327428,145.6909306748569,129868800,148.37052263532365,146.7774504998822,44.769221781915086,0.3220940258071039
2021-09-20,139.93455505371094,141.79459979953563,138.29967015990616,140.7764733460014,123478900,147.6586696079799,145.8650644403927,27.753495729372034,-0.23962063569314296
2021-09-21,140.4142608642578,141.55967381165956,139.77793361611074,140.90374795912805,75834000,147.0712836129325,145.13829063024139,30.978229026881763,-0.6387126205207494
2021-09-22,142.78338623046875,143.35117809396385,140.67858283814957,141.41281345310648,76404300,146.60557229178292,144.82430337693836,36.020200909799975,-0.7551226920068359
2021-09-23,143.74276733398438,143.98751085632557,142.57778577756685,143.56654423015996,64838200,146.12867300851005,144.68009857121118,35.58755269327786,-0.7611899512438356
2021-09-24,143.83090209960938,144.36934095121416,142.49949645653314,142.5973998615385,53477900,145.61261422293526,144.56687237499762,34.026020644322,-0.7502382790150932
2021-09-27,142.31349182128906,142.8910980217354,140.79609357882552,142.41139522826984,74150700,144.8210438319615,144.26642163450316,24.57327990331622,-0.8541551588270693
2021-09-28,138.92620849609375,141.70649116246142,138.7108330139708,140.23803011414577,108972300,143.89800807407923,143.5543932160486,22.659498018118754,-1.1960481913582726
2021-09-29,139.82691955566406,141.41285335127853,139.0437370244845,139.47448816353148,74602000,143.1120343889509,143.05739672799734,26.603027479358687,-1.3784313295710149
2021-09-30,138.52484130859375,141.344291622089,138.30946580198176,140.63942904371518,89056700,142.58968026297433,142.4530560054102,31.555666049882547,-1.6094849723293976
2021-10-01,139.65066528320312,139.91499250291432,136.1851031474959,138.91643462464168,94639600,142.10718536376953,142.0794039091159,33.42953159308061,-1.6823588771162292
2021-10-04,136.2144317626953,139.21988889227816,135.36272922536708,138.77933867425367,98322000,141.479243687221,141.2974076229265,30.393178472275636,-1.9943971303416959
2021-10-05,138.14305114746094,139.2492967831214,136.42984628272845,136.55711770997038,80861100,140.92542702811105,140.8768267595311,33.47269556302493,-2.062293393424852
2021-10-06,139.01434326171875,139.16118342378243,135.46066196016233,136.5375396085011,83221100,140.45062691824776,140.62849562648947,36.2049976408298,-2.022481768282262
2021-10-07,140.2772216796875,141.18767555165522,139.71921409322417,140.05206177202422,61732700,140.2569318498884,140.58165910024923,44.02256756884023,-1.8674996609020411
2021-10-08,139.89541625976562,141.1485021218367,139.56256859533212,141.00166195751657,58773200,140.25413622174943,140.49016005485143,49.90220427373043,-1.7552502978952873
2021-10-11,139.80731201171875,141.76526053635698,138.82833774939965,139.27867248276962,64452200,140.21078273228235,140.3991136491004,48.45315121295624,-1.6543310469747325
2021-10-12,138.5346221923828,140.23804253698972,138.07450316144806,140.2184588719824,73035900,139.9072995867048,140.15051478820473,38.53076933849691,-1.657935596121007
2021-10-13,137.947265625,138.42695344884726,136.27321307906425,138.2703289211617,78762700,139.4933351789202,139.85674823311078,34.034801001424114,-1.6887204750881324
2021-10-14,140.73731994628906,140.85480700337075,138.53462808500012,139.12201855652793,69907100,139.2723650251116,139.9741577948679,42.582170514840335,-1.4710265685910144
2021-10-15,141.79461669921875,141.85335275996707,140.49257924677562,140.74712209396571,67940300,139.2353025163923,140.21688564878133,48.7277625007015,-1.1993620681833477
2021-10-18,143.46864318847656,143.75253907676628,140.14992191440837,140.43381780269812,85589200,139.55976213727678,140.6504533207407,62.15922133407398,-0.8393109924452631
2021-10-19,145.63218688964844,146.03356986995644,143.4686624173773,143.91898215404882,76378900,139.97442408970423,141.31468446326173,64.55552273843719,-0.3750645154350991
2021-10-20,146.1217041015625,146.6014069041576,145.0056739553699,145.5734808631469,58418800,140.51705714634485,141.95562041503516,69.85667496773432,0.03198540243707271
2021-10-21,146.33700561523438,146.49364501495202,144.76085713321953,145.6810949341165,61421000,140.9946528843471,142.53980510839506,68.35019288397983,0.36770969926871544
2021-10-22,145.5636749267578,147.02233691182352,145.5147232295898,146.54264911827497,58883400,141.66245596749442,142.94298775084343,80.05063435170962,0.5648609344661111
2021-10-25,145.5146942138672,146.22934104854468,144.51613655500375,145.55384660101817,50720600,142.18900190080916,143.28588194591327,76.95066954373735,0.7089796979432492
2021-10-26,146.180419921875,147.6684497999659,145.87692540269924,146.190204285219,60893400,142.70086451939173,143.67182034270817,76.5989284217442,0.8669200426402881
2021-10-27,145.72030639648438,146.58179347999342,145.36787510933436,146.21957782913032,56094900,143.08965628487724,143.944951816545,71.4838593110094,0.9440788344072075
2021-10-28,149.36209106445312,149.94946658313845,146.57200880232836,146.66991219108917,100077900,143.7658473423549,144.6672370495994,79.71741042261023,1.2842848831291462
2021-10-29,146.65032958984375,146.78738537232746,143.33160784302547,144.12457450867834,124953200,144.254634312221,144.93164938829867,68.4433166912049,1.3198695058555074
2021-11-01,145.8280029296875,146.55243427503285,144.692389276276,145.85737096055496,74588300,144.7755900791713,145.05116319381716,70.14621398916778,1.2671092401630517
2021-11-02,146.86570739746094,148.3831203302802,145.5245026428988,145.53430194477542,69122000,145.4126216343471,145.29310242096966,74.03702451658964,1.2941127019054477
2021-11-03,148.3048095703125,148.77471301203136,146.66992441982393,147.22793195599735,54511500,145.95315660749162,145.69466337421537,71.99785673668644,1.415321710484875
2021-11-04,147.78591918945312,149.22499720293538,147.47264034437023,148.3928782793543,60394600,146.38110678536552,145.97349748291373,67.97882355526903,1.4527640462493991
2021-11-05,148.31533813476562,149.21730693838492,147.11924549176268,148.9133844562671,65463900,146.727299281529,146.28574290316064,65.61686603635363,1.5077763443092067
2021-11-08,147.49183654785156,148.5996967763102,147.2173248919126,148.44282869869843,55020900,146.8601313999721,146.44655538911942,56.558472728368564,1.4680020769462772
2021-11-09,147.8545684814453,148.46241353148417,147.1192662590711,147.2565220755238,56787900,146.98390742710657,146.63429046809622,56.16648114462574,1.4490464140062045
2021-11-10,145.02120971679688,147.18790692538667,144.95258928599077,147.08006199718062,65187100,146.88992200578963,146.41921303458966,46.05310133082877,1.191658840289108
2021-11-11,144.97216796875,146.50159405628088,144.7858890294142,146.0408184691879,41000000,146.84767150878906,146.22627369247772,48.14509993444568,0.9725095893527111
2021-11-12,147.05064392089844,147.45259776115682,144.58982294106508,145.52120275202367,63804000,146.95738220214844,146.33618972293382,54.272713380987156,0.9555330773733317
2021-11-15,147.06045532226562,148.90361781609556,146.50161841135474,147.42319965826968,59222800,147.0202418736049,146.4327584695114,52.540807821286144,0.9321258014031457
2021-11-16,148.04086303710938,148.52126592519502,146.41339035642437,147.00163818021238,59256200,147.18599591936385,146.6471724118578,56.504415543534414,0.9813734137057111
2021-11-17,150.4820556640625,151.9624587476381,148.03104826490704,148.04084690898938,88807000,147.26599339076452,147.15849017881845,53.36573823564478,1.2035129957087918
2021-11-18,154.77621459960938,155.56053998029552,150.05067998656534,150.6977495476136,137827700,147.8464137486049,148.17418676825724,72.29920423692334,1.706392720105697
2021-11-19,157.40370178222656,157.86449238063588,153.4624776050976,154.56052415802415,117305600,148.67324938092912,149.4047887701198,78.90270859669135,2.2905408524191273
2021-11-22,157.86447143554688,162.45274960273852,157.84485918977177,158.5115259485219,117467900,149.45887538364954,150.53274645884343,78.27685794469808,2.758860291933331
2021-11-23,158.246826171875,158.6291826815126,155.94287351139204,157.96250097049108,96041900,150.1690194266183,151.56129042058097,77.02868634843095,3.124838460924394
2021-11-24,158.7664337158203,158.9625112862029,156.51150425702141,157.5997519763684,69463600,150.9533418927874,152.52197619327956,79.85081622985352,3.417412973344085
2021-11-26,153.7369842529297,157.30565039386215,153.2958059172185,156.44290597018036,76959800,151.3406023297991,152.6839772678996,61.84161149337487,3.2064834977346663
2021-11-29,157.09976196289062,158.0311417015208,155.67816582735122,156.24680128961487,88748200,152.0268827165876,153.27274856056505,68.88971954542154,3.272940010826943
2021-11-30,162.0605926513672,162.27628247322406,156.78602057829323,156.85465595786593,174048100,153.0415987287249,154.44446110600532,73.65327119329604,3.683444399244081
2021-12-01,161.5409698486328,166.9625960118038,161.30566779650317,164.1978529983773,152052500,154.2215815952846,155.390662271689,79.80186027818839,3.921636680557981
2021-12-02,160.55079650878906,160.98217624012287,154.70760276553068,155.6291840170596,136739200,155.33434077671595,156.078680169969,77.18107869076442,3.9845753618213564
2021-12-03,158.6684112548828,161.72727865884264,156.58996176944189,160.80569748404918,118023100,156.16418130057198,156.42397764795754,70.40995656281129,3.8383162415671563
2021-12-06,162.08023071289062,164.59005999270414,161.06060321811478,161.0704018625744,107497000,157.23702239990234,157.17814472328195,73.56927768540582,3.9521522010772685
2021-12-07,167.8253631591797,168.21753329951792,165.0410224817036,165.76652602150847,120405400,158.65020098005022,158.59777384806833,77.00751988075504,4.454602310926447
2021-12-08,171.64891052246094,172.51166970574545,167.35474180898728,168.75672548182462,116998900,160.16211918422155,160.33792540465402,77.84371210153547,5.102507430973986
2021-12-09,171.13912963867188,173.28621440591945,170.5116723744327,171.48227664120193,108923700,161.33089882986886,161.77808596918973,73.90440023218717,5.511310888361692
2021-12-10,175.93328857421875,176.10976886642817,171.26657639018677,171.77639006130698,115402700,162.6544407435826,163.66544631652692,75.45803733564554,6.151231564781909
2021-12-13,172.29598999023438,178.5607631577719,172.09009882408355,177.5705467754529,153237000,163.68526349748885,164.81618547302128,68.23591792348421,6.292339540294307
2021-12-14,170.9136199951172,174.25679709582377,168.8351708696383,171.81558876579217,139380400,164.59003448486328,165.62917674263406,65.61143735328974,6.220912119329796
2021-12-15,175.78623962402344,175.98231720834798,168.9332180976385,171.67834915746462,131063300,165.8057349068778,166.98345179348598,68.94374535921462,6.482755881058608
2021-12-16,168.88421630859375,177.59019978284007,167.4038131560954,175.76664959457935,150185800,166.88768005371094,167.23688706216703,66.18482832022545,6.0634378130220625
2021-12-17,167.7861328125,170.07047310742206,166.3645517595425,166.59983885479875,195432700,167.65099225725447,167.3101198288781,61.999110443448735,5.5782168504785545
2021-12-20,166.4234161376953,167.23715245654458,164.17829975707315,164.98222247126822,107499100,167.9626225062779,167.19189267005373,55.3293902483577,5.025781810604144
2021-12-21,169.5998992919922,169.80577551895627,165.8057299805719,168.19791539703556,91185900,168.53826032366072,167.51296021964552,59.244310237756345,4.789083135710797
2021-12-22,172.1979522705078,172.41364208964774,168.7763410121153,169.64889893145047,92135300,169.37020002092635,168.13762582642715,62.885027528734,4.75631109941429
2021-12-23,172.82540893554688,173.38424572693862,171.8352074670007,172.4038429011369,68356600,170.38141414097376,168.76266357430978,66.10889892292846,4.726485550245911
2021-12-27,176.79605102539062,176.88428369318993,173.599943060433,173.61954034677024,74919600,171.4325441632952,169.83378190112057,66.53449349466598,4.966001249087327
2021-12-28,175.77638244628906,177.7764122059735,175.03128182666063,176.62934291428257,79144300,172.00047411237443,170.62612864047637,59.995020501110986,5.015722308831499
2021-12-29,175.86468505859375,177.0901887398254,174.6489800212977,175.8156619193921,62348900,172.30160086495536,171.3246028295587,55.84879937507806,5.004562409511976
2021-12-30,174.7078094482422,177.03137470215592,174.5999645211849,175.95292543158308,59773000,172.55650656563895,171.77569704538317,54.86371726026213,4.846500474922891
2021-12-31,174.09014892578125,175.71760635907094,173.7862114626908,174.59994765921613,64062300,172.4248537336077,172.08429062943625,47.165294903951576,4.618159937770173
2022-01-03,178.4431610107422,179.29612187161166,174.22743969189926,174.34508327556517,104487900,172.8639373779297,172.93214001361036,59.25055235437752,4.7338808805361055
2022-01-04,176.1783905029297,179.35490114678188,175.60975505040156,179.05097865451486,99310400,173.23999241420202,173.36497341218626,57.71771097370138,4.589932622757573
2022-01-05,171.49209594726562,176.6392118468071,171.21758429607112,176.09018854441808,94537600,172.93326786586218,173.11525641686353,43.670570348362546,4.051010261108786
2022-01-06,168.6293182373047,171.86465117218228,168.27637255423144,169.31559735445745,96904000,172.9150608607701,172.51713132625568,49.573503662941015,3.354242550633728
2022-01-07,168.79595947265625,170.72735431349597,167.6783008049415,169.50185073224034,86709100,172.98719133649553,172.0209750791091,51.74400586922011,2.783410254356397
2022-01-10,168.8155975341797,169.11952007524562,164.8743732254317,165.76654355936012,106765600,173.15806143624442,171.59359140645182,54.33236281155076,2.3060237678292594
2022-01-11,171.64891052246094,171.74694181889706,167.4724003083723,168.94300439273908,76138300,173.3044193812779,171.60096728858636,53.75757060205524,2.1317428128594145
2022-01-12,172.09011840820312,173.70777719583765,171.39404073246158,172.66855252404713,74805200,173.29671696254186,171.66618743786862,49.785262185542955,2.00610061038833
2022-01-13,168.8155975341797,173.15877570962883,168.42342735235042,172.33524076743157,84505800,173.0103018624442,171.28610878404342,42.77650080567441,1.6235861015741762
2022-01-14,169.6783447265625,170.37442243944997,167.73713612609606,167.9822368621362,80440800,172.50189426967077,171.07174024304598,35.560956705095165,1.3742159792280972
2022-01-18,166.47239685058594,169.15869092282202,166.09004036060844,168.14887724519528,90956700,171.83732386997767,170.45849445738466,32.663624049940466,0.9074348165801496
2022-01-19,162.97238159179688,167.72734198246087,162.68807131265714,166.66850497918634,94815000,170.91644505092077,169.4603460753063,28.687182291677175,0.25217844552435054
2022-01-20,161.2860870361328,166.35476859042288,160.9625522612085,163.7076835662155,91420500,169.95775059291296,168.37044487008316,28.193677300357976,-0.39859210541879975
2022-01-21,159.2272186279297,163.07039571920242,159.1193737240524,161.197822824496,122848900,168.896112714495,167.15134803779603,26.93241308362434,-1.0681529274056345
2022-01-24,158.45269775390625,159.11937944541725,151.6683120872291,156.88406222991276,162294600,167.46822248186385,165.99152799994408,15.097472227861275,-1.6423500750108246
2022-01-25,156.6487579345703,159.5703540851256,153.94285159644792,155.86443270388338,115798400,166.07324872698103,164.74582532456094,15.344391554162002,-2.2174074261014027
2022-01-26,156.56053161621094,161.16842196351905,154.72718309601152,160.29586403596446,108275300,165.00670841762,163.65445283011428,18.3366974038522,-2.6497193313992966
2022-01-27,156.09976196289062,160.6292188937634,155.17818077822113,159.26645936487785,121954600,164.1117401123047,162.64716071448447,20.416577498877757,-2.9949855619528023
2022-01-28,166.99200439453125,167.01161663852113,159.60957278691356,162.4625484172025,179935700,163.9828861781529,163.2264732051574,47.17268381716383,-2.3624655706948943
2022-01-31,171.3548126220703,171.57050245050323,166.18808530239932,166.8253561445004,115541600,164.1642586844308,164.3102517940791,53.50280797177715,-1.4919485044561327
2022-02-01,171.1881561279297,171.41364461299403,168.93322639800166,170.5999083862923,86213900,164.13134765625,165.2273057052592,49.313919998836695,-0.8062117369417763
2022-02-02,172.39404296875,172.43326746235797,169.93323706636977,171.32540739423024,84914300,164.15305655343192,166.18287067372464,50.442478269291946,-0.16356988635149605
2022-02-03,169.5116729736328,172.7862303680274,168.746959829252,171.06071151115776,89418100,164.20277622767858,166.62671098037907,51.02510885236707,0.1118558361398243
2022-02-04,169.22698974609375,170.90562127726093,167.54835821492657,168.53001022690665,82465400,164.1705365862165,166.9734148158077,49.323776900328646,0.3036607363376902
2022-02-07,168.51039123535156,170.75836779564654,167.81341170266444,169.68837067678015,77251200,164.31610761369978,167.17834500508025,53.299446740770534,0.3933101560193961
2022-02-08,171.6222381591797,172.1327014444133,168.28461203735645,168.57911066263827,74829200,164.93395451137,167.77086409229352,64.18208646495214,0.7073046393686298
2022-02-09,173.0456085205078,173.40881495712398,171.6909240051843,172.81983276089403,71285000,165.7739203316825,168.47416334938876,69.44829145586614,1.0587964754961092
2022-02-10,168.9619140625,172.26026492516206,168.4023802889261,170.9448550221314,90865900,166.46925571986608,168.53919677780362,65.08898859290409,0.996350960421637
2022-02-11,165.54579162597656,169.90432887481495,164.95679443820137,169.16808987950634,98670700,166.97590528215682,168.14007609089333,60.16225397928868,0.6635607931571883
2022-02-14,165.78140258789062,166.46855602542965,163.50396264767951,164.2990984096048,86185500,167.62823704310827,167.82558629049296,63.69997248638396,0.41406098621487786
2022-02-15,169.61965942382812,169.77672735442647,167.1262696855739,167.83306039444423,62527400,168.56103188650948,168.06479604160432,67.6089599960496,0.520051016278245
2022-02-16,169.3840789794922,170.15957757586978,166.92994864069578,168.69692548039376,61177400,169.5099116734096,168.2407004333227,68.02205204404945,0.5783723888164616
2022-02-17,165.78140258789062,168.75580709374077,165.37892165346722,167.89194849865083,69589300,169.4234401157924,167.91279405393178,47.95272412739569,0.3300816450213233
2022-02-18,164.2303924560547,167.4109355405672,163.1407580714809,166.70415983864797,82772700,168.91455296107702,167.42180717421482,36.68549892949251,0.008062941844229954
2022-02-22,161.30506896972656,163.63157949063682,159.17487088048674,161.95294792646703,91162800,168.2086181640625,166.60624208028304,33.25640095007357,-0.47768193780893853
2022-02-23,157.13302612304688,163.10145646710572,156.8188903266126,162.50264821161971,90009200,167.11854553222656,165.34314661931822,26.506467295199187,-1.1856201539355027
2022-02-24,159.75405883789062,159.86204116175165,149.21111050582687,149.7804704881103,141147500,166.42157309395927,164.5979349151279,34.8568197178309,-1.5176760308683868
2022-02-25,161.8253631591797,162.09039845532038,157.91837681162906,160.83388489976153,91974200,165.89288548060827,164.22825868100148,39.11668611906483,-1.5953060623127442
2022-02-28,162.09036254882812,162.38486112479202,159.44971644975743,160.06816196139965,95056600,165.43431200299943,163.94320586337835,40.43296689603674,-1.616807633503015
2022-03-01,160.2056121826172,163.5432381527931,158.99818435052663,161.67809026330085,83474400,164.61883871895927,163.44486003927688,32.34129587793639,-1.7655788921845499
2022-03-02,163.5039520263672,164.2892766091773,159.96018776566925,161.37376901896334,79724800,163.93729182652064,163.45273897088893,36.05051352291892,-1.598901584331827
2022-03-03,163.18003845214844,165.81087409586732,162.5125221564551,165.3789447380311,76678400,163.52430071149553,163.41637890172353,40.503133115686936,-1.4759321087799435
2022-03-04,160.1761474609375,162.51248390357455,159.1257876596409,161.4719352294381,83737200,163.14075469970703,162.98434804295206,41.05915609185742,-1.6023953952244483
2022-03-07,156.377197265625,161.99224900519644,156.12195810912027,160.3627027706807,96418800,162.46902574811662,162.10339460597513,36.00234386710819,-1.9862655594982357
2022-03-08,154.55128479003906,159.89147377341504,152.94137619759366,155.90596926887457,131148300,161.39271327427454,161.096446630517,26.14232929988225,-2.410039867913355
2022-03-09,159.9601593017578,160.41172572463688,156.48511848812208,158.5171299440332,91454900,160.7195761544364,160.9449416533491,37.17939456441503,-2.2831147653902235
2022-03-10,155.6114959716797,157.4471806159037,153.11809123534883,157.26066431923064,105342000,159.99315425327845,160.23381556245985,36.439765862948036,-2.5045555374322532
2022-03-11,151.89102172851562,156.35754167605256,151.66524594480387,156.01395745746433,96970100,159.1117706298828,159.1214430512673,34.446879328602805,-2.9462970444705263
2022-03-14,147.8563995361328,151.29218107346347,147.3459513496218,148.67117238387235,108732100,158.1511513846261,157.6194372492494,33.50980312915823,-3.580664986477217
2022-03-15,152.24441528320312,152.7156190595178,147.6208424416319,148.1312907310734,92964300,157.80196489606584,156.90276765377655,44.03736963841573,-3.6868304656452153
2022-03-16,156.66184997558594,157.0643309184818,151.62598505111097,154.16846031293665,102300200,157.58109283447266,156.87064529668447,46.38677457257528,-3.3756054329440985
2022-03-17,157.67291259765625,158.04594508735755,154.73778320390613,155.69979780602094,75615400,157.28448922293526,156.97761427014737,45.024610475824474,-3.0126451504866907
2022-03-18,160.97129821777344,161.46212424049523,156.82872538769567,157.56496442177837,123511700,157.20455605643136,157.51010546316417,48.7500200265407,-2.4308233395435934
2022-03-21,162.3456268310547,163.29783055310392,160.01910120084528,160.50992724401203,95811400,157.35741424560547,158.1548416455496,52.41793889708003,-1.837645298120833
2022-03-22,165.7225341796875,166.31151652158337,161.8842704228794,162.47325276477528,81532000,157.51588439941406,159.16386731676798,52.50226740393865,-1.0825799182192384
2022-03-23,167.08700561523438,169.4724129582103,164.57396373096856,164.90773681905242,98062700,157.79495348249162,160.2202857565635,54.30548320345827,-0.369820660837064
2022-03-24,170.87615966796875,170.94486751449384,167.08698259633016,167.92137775453384,90131400,158.55924006870814,161.64106894475086,61.59082328968099,0.4950921365988563
2022-03-25,171.51419067382812,172.0639132434852,169.58033557633107,170.68960681934257,80546200,159.6404538835798,162.9574851752945,67.6026542617524,1.2179853528738818
2022-03-28,172.37811279296875,172.5057173789197,168.8441592815926,169.01103833923784,90371900,160.91379874093192,164.21356885765107,71.20507281388635,1.8393913711077232
2022-03-29,175.6764373779297,175.7255079917634,173.10449911531725,173.44808328507239,100589400,162.03639003208704,165.74195132702155,69.6828445914802,2.568400424978904
2022-03-30,174.50827026367188,176.31450624555694,173.45789549385026,175.27395758161924,92633200,163.3861596243722,166.91079385190827,75.7145841232321,3.017104723883307
2022-03-31,171.40625,174.76349791877144,171.200096496919,174.57698164903633,103049300,164.78010450090682,167.51018800498716,77.01081066012017,3.086816108271819
2022-04-01,171.11175537109375,171.67130419323556,168.78524495629924,170.83689401317795,78751300,166.44120134626115,167.99039698713472,85.90482786891039,3.0827634491959373
2022-04-04,175.1659698486328,175.21505544007368,171.23936219447407,171.36698173645647,76468400,168.07845524379186,168.94714003533446,85.75803063001044,3.3678702022684206
2022-04-05,171.84800720214844,175.02856526846452,171.21975048299214,174.2432406248137,73401800,169.1631807599749,169.333922324243,74.53222535216823,3.288183370884667
2022-04-06,168.67727661132812,170.44425332917226,167.00847109179495,169.19755100896808,89058800,169.94920676095145,169.246369562521,66.61732650681807,2.9353427194400865
2022-04-07,168.98158264160156,170.17919933632717,166.73360604638012,168.0195678303507,77594700,170.52136993408203,169.21106463973175,63.2985940468651,2.649724539447618
2022-04-08,166.96920776367188,168.6282022656161,166.09553796415852,168.6282022656161,76575500,170.85162571498327,168.91215038959044,57.51677569316792,2.2352219917617333
2022-04-11,162.70884704589844,165.92866496258833,162.46343400359692,165.61454405743055,72246700,170.63636234828405,168.08504327709818,45.23731554409218,1.5451388331340183
2022-04-12,164.58375549316406,166.7531977294746,163.58246639550293,164.93715076417277,79265200,170.45755876813615,167.618204905907,46.10679595522363,1.136432316234533
2022-04-13,167.27349853515625,167.90175523000033,163.71011188136575,164.31873134170252,70618900,170.20022583007812,167.57224405647355,44.19853120405098,1.017836258580644
2022-04-14,162.2572479248047,168.12753750441655,162.01183493170848,167.4894547350742,75329400,169.53901563371932,166.86357790558438,36.93547449279545,0.513163101945338
2022-04-18,162.0413055419922,163.54323192882495,160.56882751734665,160.91239673580466,69023900,168.80067225864954,166.22060825710543,35.13963977995279,0.09468971960563977
2022-04-19,164.3285369873047,164.7408440040976,160.90258113171808,161.99221543879506,67723800,167.9901079450335,165.96833208779864,33.19760910881104,-0.05179591729776689
2022-04-20,164.1616668701172,165.7814017275046,163.05241024771163,165.66359329680822,67929800,167.25106484549386,165.72744339210777,34.21205199667513,-0.17928517587469628
2022-04-21,163.36651611328125,168.38275818896258,162.865879009956,165.81083486701775,87227800,166.67679813929968,165.41265308826425,36.803034872176106,-0.3405576163207229
2022-04-22,158.82147216796875,164.78991818851023,158.53679967564108,163.40580023778472,84882400,165.79892076764787,164.53382896555817,32.29631628968545,-0.8255972776487113
2022-04-25,159.8914794921875,160.17615197605645,155.55257953271186,158.16376241881838,96046400,164.7078857421875,163.9148490357754,25.928157852844265,-1.1108488807155936
2022-04-26,153.92303466796875,159.36138008917553,153.84450071149385,159.27303500519898,95623200,163.42753056117468,162.58260712006785,23.92910644020853,-1.797792614045079
2022-04-27,153.697265625,156.85817138310125,152.52909731194325,153.0493716898695,88063200,162.35752977643693,161.39789492072546,26.17106983942361,-2.3335187947076292
2022-04-28,160.63755798339844,161.5014166726903,156.01396974444066,156.32810562375522,130216800,161.76152801513672,161.2965166624152,39.040743932500945,-2.1730129213977136
2022-04-29,154.75746154785156,163.15059075650376,154.36480666392433,158.87058661487254,131747600,160.8892604282924,160.42464264714008,35.44005894499378,-2.491564298461782
2022-05-02,155.06178283691406,155.32681813716053,150.45783177864857,153.83471762858417,123055300,160.3430415562221,159.70959467244327,39.93279396013438,-2.6884713508977427
2022-05-03,156.55384826660156,157.7612909458003,153.4518394989138,155.2482493800242,88966500,159.76947675432478,159.2888284849977,39.3211448831399,-2.6930802454420757
2022-05-04,162.973876953125,163.42542850637253,156.33789953237485,156.74038046635485,108256500,159.46236092703683,159.78016828074803,44.798112566643525,-2.153861789018322
2022-05-05,153.8935546875,161.0694268466523,152.1069412471219,160.84365112993797,130525300,158.86495426722936,158.99528646831496,40.78717674532898,-2.431207945043667
2022-05-06,154.6210479736328,156.74453495515866,151.5734500834341,153.3725141927135,116124600,158.33493586948939,158.41205466902403,41.917483183237884,-2.5627622160267833
2022-05-09,149.48928833007812,153.19555733402424,148.9289324864445,152.31076363237673,131577900,157.27498953683036,157.2223524904979,34.7795288924531,-3.0459976737925274
2022-05-10,151.8979034423828,154.09021465537515,150.3446125608553,152.89083834180113,115366700,156.39900643484933,156.51242595074922,37.97420549538221,-3.1977484915870207
2022-05-11,144.02330017089844,152.82199025284592,143.34496277337416,150.90495956472975,142689800,155.01734815325057,154.84720918010245,33.344588673379064,-3.908373484546331
2022-05-12,140.14993286132812,143.72839581595062,136.45350338099348,140.35638928215414,182602000,153.6836667742048,152.88757233759924,33.73479562588294,-4.729577654898435
2022-05-13,144.6230010986328,145.59626984264398,140.69062395231782,142.14559929622243,113990900,152.59306117466517,151.78562950573703,37.443736581166775,-4.962246958552868
2022-05-16,143.0795440673828,145.02608166695018,141.7425351609862,143.08938461134267,86643800,151.8185261317662,150.62481811395648,40.38275768829665,-5.211112678056452
2022-05-17,146.7169952392578,147.23803400578663,144.20026129048028,146.3434146138869,78336300,151.31993538992745,150.10377506399666,44.16237876758111,-5.056539998109912
2022-05-18,138.43931579589844,144.86874449034136,137.5348560399396,144.3673719089334,109742900,149.7343466622489,148.54851382825024,31.841729233589717,-5.538139364025369
2022-05-19,135.02801513671875,139.26514939022877,134.29069437332384,137.5152426451712,136095600,148.3251004900251,146.7457806693794,33.181939148018145,-6.124474653562885
2022-05-20,135.263916015625,138.32133932083437,130.36811151110442,136.73855719175506,137426100,146.91096714564733,145.21486538221214,33.10390630188576,-6.495241267235826
2022-05-23,140.6906280517578,140.83808619870993,135.32292649026942,135.46055909436765,117726300,145.7778799874442,144.61163373815157,37.31384044519657,-6.278807981422148
2022-05-24,137.98712158203125,139.5699040628069,135.0083469444269,138.42951103300464,104132700,143.99311174665178,143.72836545066886,28.754651180893973,-6.253348709706728
2022-05-25,138.14442443847656,139.39294348204788,136.00127092128338,136.0897458139781,92482700,142.86817387172155,142.98383998237657,34.21368268329846,-6.1495903776809655
2022-05-26,141.3493194580078,141.89984995235616,134.8215728806199,135.06734649422762,90601500,141.9201932634626,142.76590391246074,37.32637027020726,-5.742556294020886
2022-05-27,147.11024475097656,147.1495619264336,142.80428649817537,142.93209356986327,90978500,141.75026157924108,143.3451493575962,47.755144236154685,-4.898651717423377
2022-05-31,146.32376098632812,148.11299992246586,144.35757226573517,146.54988348979353,103718400,141.35210854666573,143.74229757476047,44.57416233830853,-4.244387272910956
2022-06-01,146.19595336914062,149.17472776391935,145.18335248498283,147.36582293275725,74286600,141.5072980608259,144.06945168067784,52.49044048790504,-3.693613318348838
2022-06-02,148.65367126464844,148.712654512819,144.37720576236944,145.33080827666313,72348100,142.11470794677734,144.6806809585406,60.07451475923707,-3.0239455352941604
2022-06-03,142.92225646972656,145.46846714813478,142.01781149904664,144.4165490295479,88570300,141.99322618756975,144.44622436003206,48.0434368946082,-2.922023004743153
2022-06-06,143.66941833496094,146.05834558258064,142.45037585050028,144.54437177114056,71598400,142.03536006382532,144.34265022335592,50.69126549973964,-2.749267106888283
2022-06-07,146.19595336914062,146.48104410293644,141.66388825021798,141.9096618141491,67808200,141.9981427873884,144.58975730946054,49.37307476653016,-2.381039410892072
2022-06-08,145.45863342285156,147.33633206027957,144.9670862924701,146.06814706425965,53950200,142.49952261788505,144.70560745791266,60.31797868837604,-2.1242251215859937
2022-06-09,140.22857666015625,145.44880522785593,140.12043568225837,144.5935179486459,69473000,142.87099129813058,144.1086700182118,57.25651507409301,-2.316022156657084
2022-06-10,134.81175231933594,138.3803751202598,134.74292850458303,137.9084939649238,91437900,142.8386938912528,142.86908099169503,49.448778003353496,-2.8720084175143086
2022-06-13,129.65048217773438,132.91434748083088,129.2179182819536,130.6237359424125,122207100,142.05011204310827,141.1066011498336,36.453550048473325,-3.686606001646851
2022-06-14,130.5155792236328,131.62648045825296,129.25721986088914,130.8793342743823,84784300,141.5164304460798,139.69446489300685,40.399143706086804,-4.213800287529239
2022-06-15,133.1404571533203,135.01817091312645,129.9257495131237,132.01973022353556,91533000,141.15900421142578,138.82059719438197,43.95340467162824,-4.36943175600868
2022-06-16,127.86124420166016,130.1518557555823,126.85848380018383,129.84709891808183,108123900,140.19557026454382,137.35935012868575,34.47959092838069,-4.862704945337157
2022-06-17,129.3358917236328,130.8301993524765,127.61547659200777,127.87109072638007,134520300,138.92597361973353,136.2895556746787,27.309198067173625,-5.07612140308288
2022-06-21,133.57301330566406,134.74289788395257,131.06613492456364,131.16443535080262,81000500,138.01520592825753,135.92735002547676,35.04032650758052,-4.847476491318957
2022-06-22,133.06182861328125,135.43107463782408,131.64617032424826,132.51128316690097,73409200,137.07705415998186,135.54528050385068,34.72791907389329,-4.653875108659037
2022-06-23,135.93246459960938,136.24704700188127,133.33709602733944,134.5069807437755,72433800,136.1683965410505,135.59690504995183,35.34874231056631,-4.220160897025693
2022-06-24,139.26515197753906,139.51092556990343,137.4071042192977,137.53489628676303,89116800,135.90717479160853,136.08600464029678,45.54170766778215,-3.566407910218544
2022-06-27,139.26515197753906,141.06421647374572,138.5868144624807,140.28756352140977,70207900,135.59258433750696,136.5098909519291,44.53123549386143,-3.013565451492525
2022-06-28,135.1165008544922,140.995401345449,134.99853432316218,139.7272161311599,67083400,134.80119487217493,136.3241056056042,36.77540983128837,-2.8770306751098644
2022-06-29,136.87620544433594,138.29186353568556,134.35948661563768,135.13613945781051,66242400,134.18816430228097,136.3977189174351,39.99996088581538,-2.5968970149352515
2022-06-30,134.4086456298828,136.03074512479165,131.50852062340732,134.92968437677243,98964500,133.7724549429757,136.13250914576147,42.75217046285472,-2.5446671864364703
2022-07-01,136.58128356933594,136.68942454210836,133.36657601668242,133.74014164921843,71051600,133.89885003226144,136.1923457355714,52.39739521422296,-2.3014314773549813
2022-07-05,139.1668243408203,139.2159820551499,134.6150930089742,135.44090360755794,73353800,134.57858875819616,136.5889428829379,63.86027427947633,-1.878381085593162
2022-07-06,140.50384521484375,141.68355545577728,138.69495517869038,138.96039485817002,74064300,135.29203632899694,137.11092986052537,64.35034528115752,-1.4188683603808272
2022-07-07,143.87583923339844,144.07245506921953,140.85773290060996,140.86755844211166,66253700,136.0588493347168,138.01291777690847,65.09958522788,-0.7736908521345356
2022-07-08,144.55418395996094,145.0555716697527,142.54867812328092,142.8042772492725,64547800,137.25120217459542,138.88508660131546,76.96956967306572,-0.2052799389720974
2022-07-11,142.42086791992188,144.1609490492264,141.34929872199137,143.20734636825597,63141600,138.18584333147322,139.356524110463,70.6998841822052,0.07221656175286739
2022-07-12,143.3941192626953,145.94032961653699,142.59781536832085,143.29580384328963,77588800,138.8873508998326,139.89487013076064,67.32574015212205,0.36644365306344184
2022-07-13,143.0303955078125,143.97415763799123,139.7173575069719,140.57265975093034,71185600,139.5993913922991,140.3129401810342,67.67785551620528,0.5637724575119876
2022-07-14,145.9600067138672,146.4318877608006,140.82825345087886,141.64422349086814,78140700,140.31564440046037,141.06588238541195,67.74532216279798,0.9456512186596342
2022-07-15,147.63128662109375,148.30962416813094,145.69458942189468,147.24788039896364,76259900,140.91322544642858,141.9412696168362,65.73017170891251,1.3673888022588017
2022-07-18,144.58370971679688,149.0076347954927,144.21995456531678,148.19166459198905,81420900,141.29312242780412,142.29359496349764,58.97186153314722,1.439115659695915
2022-07-19,148.447265625,148.67337315386493,144.4264128251581,145.41933284394,82982400,142.24531991141183,143.11408438503128,72.70603181071796,1.7871156271777124
2022-07-20,150.45272827148438,151.12124012126654,147.8278685836861,148.56518922635394,64823400,143.21507154192244,144.09257023655834,72.93263701703624,2.199379110512041
2022-07-21,152.7236785888672,152.93996049681533,149.37132401649703,151.8880425808107,65086600,144.5232881818499,145.24338468353287,81.14349587294075,2.6784718465849835
2022-07-22,151.48501586914062,153.637995053217,150.81651886265266,152.76304161776633,66675400,145.5878404889788,146.07560217494722,76.17418316469515,2.924494806360997
2022-07-25,150.36424255371094,152.4189056629446,149.70557129384864,151.4063199200849,53623900,146.38765607561385,146.64742089211572,70.73171834194619,2.9945138430587974
2022-07-26,149.03707885742188,150.50187953761252,148.25060053874955,149.68590959456228,55138700,146.99717276436942,146.96604195415654,65.80482119480801,2.90937594056183
2022-07-27,154.13937377929688,154.67025318814936,149.58765663017232,150.00055450326258,78620700,147.73028237479073,147.9224861975086,67.86455857238849,3.216537851854099
2022-07-28,154.6898651123047,154.97495580550648,151.79956601189164,154.3261100889187,81378700,148.45425959995814,148.82480338614806,67.72089087325513,3.4644499074728117
2022-07-29,159.7626495361328,160.86372535437394,156.8035410889223,158.51413057382698,101786900,149.69295828683036,150.28318287281272,77.49383481215591,4.023868652579523
2022-08-01,158.779541015625,160.82437877972106,158.17002740354454,158.287993908895,67829400,150.79191698346818,151.41603062518772,74.38458074585984,4.337879027849624
2022-08-02,157.304931640625,159.66436723257505,156.9313659642097,157.39342153843546,59907000,151.81152670724052,152.20121742724604,71.85436033146817,4.416831377102852
2022-08-03,163.32147216796875,163.77368717681702,158.0324196674791,158.1208945604064,82507500,153.0516313825335,153.6839180593424,74.28499347520128,4.908306320982746
2022-08-04,163.00689697265625,164.3635721856505,161.650221759662,163.20351287288528,55474100,154.14988926478796,154.92698191445092,72.35571205952199,5.212335605353957
2022-08-05,162.7804412841797,163.2726712063917,160.46695464111716,160.67369781797885,56697000,155.4496558053153,155.97410983041476,78.82200480181052,5.373070509921831
2022-08-08,162.30789184570312,165.20220622926755,161.64830554399492,163.7845816314674,60276900,156.43970053536552,156.81861409911988,74.59614311940517,5.4000745909450245
2022-08-09,162.35711669921875,163.24313957743516,160.71307055191537,161.47110884266755,63135500,157.29001399448939,157.5570811124664,72.70080995550424,5.363619091845379
2022-08-10,166.61001586914062,166.7084528561764,164.30636805182522,165.07424565037454,70170500,158.28189522879464,158.76413908002297,74.61930307235744,5.613195838677427
2022-08-11,165.87164306640625,168.33279265478845,165.57630211146738,167.4172371966445,57149200,159.30951145717077,159.7118062782074,75.9669132146642,5.685863598072103
2022-08-12,169.425537109375,169.49444148391456,166.76748363956287,167.18096997345785,68039400,160.67103249686105,161.00697038902976,81.62654278010558,5.961502380534711
2022-08-15,170.49859619140625,170.6954851482581,168.68719375370597,168.85455011811328,54091700,162.20399802071708,162.2725204960133,85.91181408915615,6.195121497206912
2022-08-16,170.34107971191406,171.01052019393777,168.99237457923107,170.09496475942944,56377100,163.36126273018974,163.34832839146674,82.48647206511276,6.294991325327288
2022-08-17,171.83746337890625,173.41259006684885,169.8882371550574,170.08512611334214,79542000,164.58609117780412,164.48021305645867,83.12652804708875,6.42086876153121
2022-08-18,171.4436798095703,172.18202470973497,170.42968734841074,171.049901871482,62290100,165.42045048304968,165.40867529020687,77.54573756547046,6.414905456598291
2022-08-19,168.85455322265625,171.04005523372263,168.6478100500787,170.34108214913311,70346300,166.14009421212333,165.86812568120013,72.08561623216329,6.130589003274821
2022-08-22,164.9659423828125,167.22034880392278,164.54261684090196,167.05299243394208,69026800,166.68730926513672,165.74783457474845,65.186562243272,5.5277671109879805
2022-08-23,164.6312255859375,166.0882370598649,164.06023703885776,164.4835626089626,54147100,166.78086308070593,165.59895337624033,53.35126693475969,4.96577520461949
2022-08-24,164.92654418945312,165.49753265907893,163.6664368846458,164.71981604973067,53841500,166.91798073904855,165.50929881800204,54.916647647156296,4.492436303846347
2022-08-25,167.3876953125,167.49598648924476,165.7338100913049,166.15712058661168,51218200,167.2470703125,165.7597516839351,60.588172173475165,4.266722026117918
2022-08-26,161.07733154296875,168.3918767523516,161.01826634968077,167.91934018438116,78961000,167.15917314801897,165.13542899847292,47.77027340872847,3.5378659006858015
2022-08-29,158.8721160888672,160.36848406338322,157.33636131300617,158.64567953529183,73314000,166.91024453299386,164.3003206105255,44.14293722749334,2.7505925935307687
2022-08-30,156.4405059814453,160.03377814075716,155.26899644924123,159.61046764917498,77906200,166.18385096958704,163.25234532664814,31.794075819932985,1.9084626423923794
2022-08-31,154.77679443359375,158.0845804641707,154.69803583504827,157.81877207178803,87991100,165.391361781529,162.12227187424088,30.77446607784428,1.0942076268013068
2022-09-01,155.50527954101562,155.95812264539694,152.26639832599292,154.20578537018633,74229900,164.39705766950334,161.24000622981086,23.260153355531585,0.5019017100293865
2022-09-02,153.38868713378906,157.86798246463846,152.56174446332417,157.26746135406307,76957800,163.174921308245,160.19316368367464,18.399935972188487,-0.13672028813223847
2022-09-06,152.12855529785156,154.64876971078968,151.301612760168,154.0384095074989,73714800,161.87402670724052,159.11788256556488,17.679868290648756,-0.7360304298649112
2022-09-07,153.53636169433594,154.2353197614945,151.22287508520006,152.41407808901712,87449600,160.56680515834265,158.37367978273434,17.420253872878845,-1.0848839573733642
2022-09-08,152.05967712402344,153.93014485598613,150.30732474708108,152.23687268905203,84923800,159.18223353794642,157.5318127615729,16.773537470692915,-1.4636370975559316
2022-09-09,154.9244384765625,155.36745741692656,152.34515853161906,153.05397081020374,68028800,158.18722534179688,157.18416285690486,26.345662941424607,-1.515173414618289
2022-09-12,160.89027404785156,161.7073775664421,156.82446488060694,157.10995164172124,104956000,157.89610617501395,157.67831101569774,43.53527916582561,-1.062376826406279
2022-09-13,151.4492950439453,158.04517283101427,150.98659772699438,157.41511914732905,122656600,156.9545397077288,156.84777555279743,33.777541754627634,-1.4486413365072508
2022-09-14,152.89646911621094,154.65866080063967,151.22289024182777,152.38454574724284,87965400,156.09524863106864,156.3209346945859,35.603242654559125,-1.6193174074710441
2022-09-15,150.0021514892578,152.82756164210238,149.0275457934619,152.24671887947383,90481100,154.85342407226562,155.47843026720884,29.407684397156714,-1.9654699528837227
2022-09-16,148.3581085205078,148.99801648832616,146.06431507986616,148.8601926989242,162278800,153.94490814208984,154.52905403431538,33.062421592528636,-2.3454222984733235
2022-09-19,152.07936096191406,152.15811955641868,146.78297692105565,146.98970508767258,81474200,153.4597113473075,154.20242829132854,41.305470422935734,-2.319525254267859
2022-09-20,154.46173095703125,155.62340128977206,150.70110246996018,151.01612178316293,107689800,153.31837027413505,154.2370019800889,47.46402871366938,-2.082755601741212
2022-09-21,151.3311767578125,156.2731696529989,151.21304637695786,154.89491678247586,101696800,153.07225472586495,153.84955861711873,45.74415313901971,-2.1232480254629422
2022-09-22,150.36639404296875,152.06950527712038,148.56483082094806,150.01198791697018,86652500,152.70519147600447,153.38513667389873,43.68955287867704,-2.2077390238596593
2022-09-23,148.09230041503906,149.1161471568303,146.2513651484526,148.84049957750184,96029900,152.3268781389509,152.67942517271746,43.521205627956114,-2.4301854342462548
2022-09-26,148.42703247070312,151.38041235260212,147.31458790825445,147.33428131353384,93339400,152.06248365129744,152.11243947911555,45.36723446530205,-2.550070116755478
2022-09-27,149.40162658691406,152.315634453065,147.619756600354,150.3664080888261,84442700,151.76714542933874,151.75099776015537,44.76830034922532,-2.5371908346161547
2022-09-28,147.51145935058594,148.29903022974963,142.58916013289422,145.34565069913458,146691400,151.44227273123605,151.1857259722128,44.304712189939735,-2.648968944845251
2022-09-29,140.26585388183594,144.439969608928,138.4938229117654,143.82960922766318,128138200,150.39523097446985,149.72974302682923,33.459243033499746,-3.2843537244994536
2022-09-30,136.0523681640625,140.8762311475777,135.85547916959945,139.084506748129,124925300,148.6210948399135,147.90609304512702,20.818861772527328,-4.080852298871434
2022-10-03,140.23631286621094,140.84668823250414,135.55028904590418,136.06221241134372,114311700,147.8201675415039,146.8834556879382,34.96964287321349,-4.324622233619749
2022-10-04,143.82957458496094,143.94770494729045,142.01815723981503,142.77619544864433,87830100,147.17253221784318,146.47627154087456,38.50755760069194,-4.179684669506656
2022-10-05,144.1249237060547,145.0897052260287,140.7876052377075,141.83114535247526,79471000,146.7527302333287,146.16275849623193,42.02508938310132,-3.994937250134143
2022-10-06,143.1699981689453,145.24720918960443,142.9632699990137,143.54409774342406,68402200,146.3821509225028,145.76372378592706,42.82599998987224,-3.8808421666899164
2022-10-07,137.91297912597656,140.8762129387206,137.28292541213156,140.32490279514894,85925600,145.3702665056501,144.716957831267,31.20914582904922,-4.16658865269909
2022-10-10,138.2378387451172,139.6849958050268,136.41659718830158,138.2378387451172,74899000,144.21141706194197,143.85307528644702,27.23753185035865,-4.317066885479051
2022-10-11,136.8202362060547,139.15341644364526,136.0720520706598,137.72593753469053,77033700,143.174921308245,142.91536340906137,28.612841169610007,-4.498850696209331
2022-10-12,136.19020080566406,138.17881432870348,136.0130052056416,136.96793266354493,70433700,142.16233607700892,142.01867506194174,28.89799044488045,-4.640264190160707
2022-10-13,140.76791381835938,141.35858069211028,132.2818600306571,132.8922353283637,113224000,141.6391656058175,141.85190689613077,39.79699894103778,-4.333004046914311
2022-10-14,136.22955322265625,142.27413585110418,136.04250345541635,142.0673926816115,88598000,140.7679170880999,141.1022597396675,34.7900062105372,-4.404928665430759
2022-10-17,140.19696044921875,140.67933626371678,138.09021652620234,138.87778757684748,85250900,140.11044093540735,140.98155316760767,39.31918968217685,-4.0945929192386075
2022-10-18,141.51608276367188,144.42023589257636,138.4248798871267,143.22904806022734,99136600,139.6821997506278,141.05282378041625,42.94971658044755,-3.699561219282799
2022-10-19,141.62437438964844,142.69743186765362,139.30104887468818,139.488098622933,61758300,139.77923692975725,141.12903052831388,51.919824181435374,-3.339264558620897
2022-10-20,141.1616973876953,143.6228470143876,140.43319169039492,140.7974520498777,64522000,140.1441890171596,141.13338610956475,58.07656850822092,-3.0558352598692977
2022-10-21,144.98141479492188,145.5524033439164,140.43319980718348,140.6497821885837,86548600,140.48312486921037,141.6464566009457,57.58819484537139,-2.494244132807978
2022-10-24,147.1275177001953,147.89539516122247,143.73113431154985,144.90264390563777,75981900,140.71869223458427,142.37726474751233,55.52990180275607,-1.8546275578200948
2022-10-25,149.97259521484375,150.12027319083927,147.0389093560302,147.75756076988446,74732300,141.13638305664062,143.38997547648984,59.03285157559247,-1.105410353366807
2022-10-26,147.02911376953125,149.6280876881736,145.73945849202812,148.6140950432804,88194300,141.41203417096818,143.87519391556202,55.61612345785382,-0.7406271847931123
2022-10-27,142.5498046875,146.73375950209572,141.89021831932845,145.76899295091448,109180200,141.7432359967913,143.6984753518204,56.90419746960375,-0.8037120115735377
2022-10-28,153.3197784423828,155.05242232533004,145.52285843662315,145.89694295512044,164762400,142.82051740373885,144.9813157638954,67.12888541369895,0.015164871099955235
2022-10-31,150.95706176757812,151.84308459846838,149.55913065750443,150.7798662143987,97943200,143.83029065813338,145.77808189771977,65.71806757233168,0.46808343621754034
2022-11-01,148.30889892578125,153.03431011919787,146.812530481506,152.6700647115565,80379300,144.69591195242745,146.11552416812796,62.89549339435795,0.6063504222350673
2022-11-02,142.7761993408203,149.80524150264998,142.74666674943285,146.63527983930877,93604600,144.8393609183175,145.67028085782027,52.094446879200156,0.2664143284657712
2022-11-03,136.72177124023438,140.5808515547038,136.59378666921566,139.85234595133585,97918500,144.87451934814453,144.47714624214217,50.497600386998535,-0.48592775106931185
2022-11-04,136.45553588867188,140.68586767189302,132.51116441667403,140.11393200286335,140814800,144.60727473667689,143.4075981950128,45.91172590599694,-1.0910700607890362
2022-11-07,136.988037109375,137.21483428526327,133.78323487446542,135.2032111952328,83374600,144.28384290422713,142.55165671692777,44.965635692192436,-1.5102718293077828
2022-11-08,137.55996704101562,139.46311921929427,135.57792562085092,138.457315240062,89908500,143.99352809361048,141.8860980934728,45.527229886597695,-1.7758711482237004
2022-11-09,132.99435424804688,136.6231842073022,132.71824941976038,136.57387654941147,74917800,143.41014644077845,140.70053224741602,41.75647824639252,-2.3279323627881183
2022-11-10,144.82748413085938,144.82748413085938,137.55998303216782,139.2757903878347,118854000,143.39915139334542,141.2507924985418,49.86626670406815,-1.789976430694992
2022-11-11,147.6181182861328,147.92380470701315,142.36224081918826,143.79208769866335,93979700,143.43419429234095,142.09976927022063,50.42150791598999,-1.1254877030709167
2022-11-14,146.21783447265625,148.19002000915992,145.37964960100956,146.89824089020306,73374100,143.16599709647042,142.64884463054537,46.69190479775438,-0.7037543579667442
2022-11-15,147.95338439941406,151.45401749484597,146.49397099909157,150.10307492440734,89868300,143.23201642717635,143.35611659972787,50.832029102681076,-0.22686807510427798
2022-11-16,146.7207794189453,147.78576172673738,145.241639832554,147.05606249393267,64218300,143.52994319370814,143.80473830895687,53.98781723577824,0.051018707330115376
2022-11-17,148.62396240234375,149.37338778779454,144.11750943503958,144.39361431634185,80389400,143.19452776227678,144.44730152140846,44.593769883919194,0.4199757269178406
2022-11-18,149.18601989746094,150.57641479286625,147.88438481730566,150.19183908207188,74829600,143.06802477155412,145.07913063821547,47.872827458700776,0.7490950640751919
2022-11-21,145.9516143798828,148.27879437989566,145.66565404043791,148.07172328326632,58724100,142.89964730398995,145.1954618037711,47.20801816224062,0.7404001437612067
2022-11-22,148.0914306640625,148.32809838668408,144.8866286056601,146.06995217218372,51804100,143.27930668422155,145.5815909851433,56.84557767809382,0.8958478710991926
2022-11-23,148.96908569335938,149.71851100166924,147.2631338671993,147.3716047055876,58301400,144.15411485944475,146.0332569462388,68.20047002310207,1.0774406755261907
2022-11-25,146.0502471923828,146.80954307968733,145.07400962299127,146.24746279975653,35195900,144.8394513811384,146.03552231239132,63.21651023881818,0.9745938962896332
2022-11-28,142.21432495117188,144.6006680593858,141.38601049309779,143.12152865000314,69246000,145.21275765555245,145.5260293308954,56.598577754214105,0.5769099571753316
2022-11-29,139.20672607421875,142.7961034526806,138.39813776001694,142.28333095673383,83763800,145.33038330078125,144.68345556333853,51.95868826943153,0.018837331420883174
2022-11-30,145.97134399414062,146.65175056417294,138.59537264763534,139.43354266054223,111380900,146.25731113978796,144.8551740207788,64.66780726232895,0.12101391361360925
2022-12-01,146.24745178222656,147.05605527210508,144.5710966759583,146.1488515092609,71250400,146.3587374005999,145.04081105563853,52.172581290572914,0.22171340795819106
2022-12-02,145.75439453125,145.94175459663157,143.62443017730817,143.93013162674256,65447400,146.2256142752511,145.1359555190534,46.93281837380938,0.2587501723045875
2022-12-05,144.5908203125,148.82115263004172,143.7427797370437,145.7149657221435,68826400,146.1093989780971,145.06327082484628,47.301352209121156,0.19199812495710944
2022-12-06,140.92257690429688,145.25152526861334,139.94633926052808,145.02472805518372,64727200,145.60719844273157,144.51117830210637,39.0409671955145,-0.15511190623965376
2022-12-07,138.97994995117188,141.37614872094412,138.05302012289312,140.21256620226913,69721100,145.05428205217635,143.77368118864845,38.1955300112855,-0.5802639451047753
2022-12-08,140.66616821289062,141.52407940202735,139.1377360156072,140.380207847569,62128300,144.4858681815011,143.35934612521407,37.783829517707666,-0.7722344396328822
2022-12-09,140.1829833984375,143.54556411340621,138.94049659830839,140.3604729146931,76097000,143.84279414585657,142.9358310949772,36.14570766140678,-0.9523829383262807
2022-12-12,142.4805908203125,142.4904463340837,139.09828382013,140.71547582717935,70462700,143.59486389160156,142.87513239168857,44.500053917010355,-0.8993866351208055
2022-12-13,143.44692993164062,147.88434781351052,142.23403992363941,147.42088296434414,93886200,143.26311383928572,142.9513720636822,42.356390074170505,-0.7705290139265628
2022-12-14,141.2183837890625,144.6204015969479,139.19689014923398,143.32862218685506,82291200,142.70949227469308,142.72030696039957,37.78743231936604,-0.8385669914424341
2022-12-15,134.60169982910156,139.8279959453362,134.13823489702543,139.14758934094417,98931900,141.89173889160156,141.63782600955983,33.84357711280374,-1.4101434208726005
2022-12-16,132.63934326171875,135.73567419543238,131.87019204577976,134.78903348962257,160156900,141.2078116280692,140.4380283098477,35.733156418585864,-1.9984309658769348
2022-12-19,130.5290985107422,133.31974292728304,129.49371311284926,133.23099818687768,79592600,140.58798108782088,139.11683766996697,36.71496523727006,-2.6049044816604976
2022-12-20,130.46009826660156,131.39688354522443,128.0836106828586,129.56275008486864,77432800,139.48003496442522,137.96260574951825,20.129081321114768,-3.0558805664176987
2022-12-21,133.5662841796875,134.9073711645486,130.90383628158227,131.13063344213398,85928000,138.57423727852958,137.37642954020748,27.979396248612247,-3.1265976475463617
2022-12-22,130.3910675048828,132.68866590052642,128.48791532003168,132.48159480562174,77852100,137.4768567766462,136.44504793549754,25.5951945232069,-3.39966566354272
2022-12-23,130.02621459960938,130.57842423400893,127.83708708710822,129.09928483618836,63814900,136.436527797154,135.58920349071246,26.26159680233657,-3.6039702877378375
2022-12-27,128.2216796875,129.58249292838534,126.92990018333715,129.55291134024313,69007800,135.5293208530971,134.60686698361746,27.96023784003627,-3.866918629737171
2022-12-28,124.28717041015625,129.20777268194055,124.11953639524314,127.86668551604973,85438400,134.4798366001674,133.23090744048932,26.1523289288849,-4.342728827163086
2022-12-29,127.8075180053711,128.66541412512194,125.95366582047207,126.2100445910704,75703700,133.5613615853446,132.5077888491402,30.302077608979033,-4.38519935798206
2022-12-30,128.12303161621094,128.14275768545937,125.6578071138234,126.62418137813751,77034200,132.69993645804269,131.9231545514163,31.430194621351347,-4.343331031599632
2023-01-03,123.33064270019531,129.07955877586164,122.44315755676651,128.46818597294893,112117500,131.33208302089147,130.77748630458683,22.616894289919742,-4.643330392758827
2023-01-04,124.60269927978516,126.87071595607891,123.34050157319417,125.12532731236189,89113600,129.98606654575892,129.9541813679466,23.287598343062825,-4.723982582272299
2023-01-05,123.28134155273438,125.99309725880703,123.02496279365805,125.36199835089351,80962700,128.70484924316406,129.06446939258498,23.90235422778389,-4.83874451430799
2023-01-06,127.8173599243164,128.4780403774463,123.15314460938177,124.257571392045,87754700,128.2202535356794,128.89818813014918,39.492911082201665,-4.511667701909971
2023-01-09,128.33998107910156,131.55465346679887,128.08360234953716,128.65553802002677,70790800,127.91315623692104,128.82376052334283,43.03066415757418,-4.162305347063608
2023-01-10,128.9119415283203,129.4345696464241,126.33823803970584,128.44847658636624,63896200,127.79764502389091,128.83551799067317,47.24096457681965,-3.795528248633019
2023-01-11,131.63356018066406,131.65327120715185,128.64569958998982,129.42470644063985,69458900,127.88146373203823,129.20859028267196,51.835875972856236,-3.2478042106598934
2023-01-12,131.55467224121094,132.39284227281698,129.6120678053339,132.01813716022232,71379600,127.73777716500419,129.52140121047717,46.52353803636977,-2.7879567320827903
2023-01-13,132.88587951660156,133.04365799858422,129.82900042275443,130.19384999657817,57809700,127.91597802298409,129.9699983179604,54.605034499735524,-2.289712608869195
2023-01-17,134.0494842529297,135.38070076927318,132.26465833803292,132.95492042575748,63646600,128.20335442679269,130.5139297759563,57.21361824228569,-1.7804336432384105
2023-01-18,133.32965087890625,136.682361304903,133.15214630173037,134.91726132660978,69672800,128.56820951189314,130.88935925634962,59.529112304019776,-1.4185586698801274
2023-01-19,133.38880920410156,134.3551761664197,131.90966964997585,132.21535608370812,58280400,129.21832656860352,131.2226192493832,69.8495390398505,-1.1141532982034335
2023-01-20,135.95263671875,136.10055969629155,132.3534032973474,133.3986594670003,80223600,129.8001207624163,131.85328824529876,68.53686495519088,-0.6584403044311671
2023-01-23,139.14756774902344,141.32683964763805,135.9822029643826,136.19914460303502,81760300,130.58758762904577,132.82585884579538,72.1826365414314,-0.039030323369189546
2023-01-24,140.54783630371094,141.1690797184196,138.34885309206118,138.35870860544603,66435100,131.817387172154,133.8554558401841,90.11956800777114,0.5584095216928233
2023-01-25,139.88714599609375,140.44921115138996,136.87955949987148,138.93063463423644,65799300,132.90913336617606,134.6596811943054,86.66040826036435,0.9674208911856965
2023-01-26,141.9579315185547,142.24389182095663,139.9265676340099,141.17890975078,54105100,134.2431755065918,135.63278123753864,93.24202965214583,1.4420375227375644
2023-01-27,143.9005126953125,145.18243632337052,141.09015728986634,141.16904651814795,70555800,135.3919721330915,136.73514543190848,92.31968496286277,1.9524184245467495
2023-01-30,141.01129150390625,143.5258315295515,140.863383580403,142.94404030165967,64015300,136.29706573486328,137.30529824150818,79.64940292528408,2.0995605354868587
2023-01-31,142.28334045410156,142.3326481092963,140.301299106578,140.71545632636276,65874500,137.25216565813338,137.9690372031873,80.2949888404278,2.2923901906778497
2023-02-01,143.40750122070312,144.57109881294525,139.35467333783802,141.967813832125,77663600,138.0931614467076,138.69416573885607,78.75732054463288,2.507020093468924
2023-02-02,148.72250366210938,149.07748257847402,146.1093490595337,146.829192495351,118339000,139.3194351196289,140.0312774619565,83.39093814827675,3.0705961939049473
2023-02-03,152.3513641357422,155.19131670929613,145.774125819744,145.97134140477755,154357300,140.70982687813895,141.67395568512794,84.7536197771087,3.7666336187083687
2023-02-06,149.619873046875,150.97083056548323,148.68308779153134,150.44820252682044,69858300,141.8219975062779,142.7334113333609,76.32546939327285,4.051140760753469
2023-02-07,152.499267578125,153.07120329051187,148.54504029445562,148.54504029445562,83322600,143.1912558419364,144.03552549932945,80.20509555610266,4.4575736607374665
2023-02-08,149.80723571777344,152.43024651571073,149.0676660222592,151.73998447588093,64120100,144.36400059291296,144.80508686178865,73.88809163098247,4.510456454933518
2023-02-09,148.7718505859375,152.1837390894266,148.32811173185976,151.64138491373802,56007100,145.2796587262835,145.3339886916752,69.51955301032157,4.417892805055374
2023-02-10,149.13726806640625,149.46317743221437,147.3694730974516,147.60650220064647,57450700,145.9932087489537,145.841092608306,66.64542823741547,4.324175182595013
2023-02-13,151.94204711914062,152.3469510828992,149.0483754519819,149.07800220373113,62199000,146.8070809500558,146.65455320975065,68.1368031877867,4.425214403590985
2023-02-14,151.30007934570312,151.86301769491905,148.9891025921519,150.233471212628,61707600,147.6222904750279,147.27395669454432,68.17743926741778,4.402735288215695
2023-02-15,153.4036865234375,153.57157647071767,150.98407305919312,151.21121650909475,65573800,148.43984440394811,148.09125400506343,68.21067514885671,4.502758943758437
2023-02-16,151.80377197265625,154.39127521881363,151.44823591009165,151.60624021713144,68167900,149.00436292375838,148.58625640074249,62.713038407048536,4.402183052240872
2023-02-17,150.6581573486328,151.10257366904202,148.97924287733272,150.46064065840176,59144100,149.69342476981026,148.8625098604612,66.43996661127883,4.181828887429077
2023-02-21,146.6386260986328,149.4236611977066,146.56950203742764,148.33729678255915,58867200,150.0045166015625,148.56599202555074,56.78664906527478,3.6408841983323157
2023-02-22,147.0632781982422,148.09037388155102,145.3349810354075,147.0237658241407,51011300,150.26564352852958,148.3656301819096,55.823591494690625,3.209450957574859
2023-02-23,147.5471954345703,148.4755403448602,145.41399433616917,148.22864074401951,48394200,150.18169294084822,148.25650554893105,47.787160618957245,2.873461605946858
2023-02-24,144.89056396484375,145.36460696451104,143.9128361503219,145.28559728630728,55469600,149.64877864292689,147.8077133377194,35.41920265760916,2.365551066705194
2023-02-27,146.0855712890625,147.32006943922315,145.6213987790375,145.8781840387877,44998500,149.39632851736886,147.57809439789847,42.651522842639594,2.0359858317189605
2023-02-28,145.5819091796875,147.2311969873109,145.0091001993268,145.2263730908277,50547000,148.90223148890905,147.31193636880369,34.0408813887731,1.714399159324131
2023-03-01,143.50794982910156,145.40413732845008,143.2116672358624,145.0091039171703,55479000,148.45228249686105,146.80473816351008,35.04020153674668,1.2774624260982819
2023-03-02,144.1005096435547,144.8905915062189,142.11542689154663,142.58948505088003,52238100,148.11861528669084,146.44417436084936,38.66796665918949,0.9678448291273014
2023-03-03,149.15699768066406,149.23600736765022,145.50288630750634,146.20407279147852,70732300,148.12002454485213,146.80588413682466,50.03898780070812,1.1176039361231176
2023-03-06,151.92227172851562,154.36164111130708,151.55686512341583,151.88275935147126,87558000,148.11861201695032,147.48806914905012,49.96086063123104,1.442792004553894
2023-03-07,149.7199249267578,152.11978182875635,149.25575246867027,151.79387254523385,56182000,148.00574384416853,147.78564991941116,47.05449680098164,1.505441122363095
2023-03-08,150.9741668701172,151.5667319547554,149.94707113557456,150.9149133755646,47204800,147.83220672607422,148.21078551283864,45.323134097316505,1.6374226531953866
2023-03-09,148.72247314453125,152.62348469471294,148.36693703717327,151.65564226284476,53833600,147.61211395263672,148.27901053039767,44.213649341465064,1.5425446077529443
2023-03-10,146.6583709716797,149.0681136196498,145.7794089470896,148.34717096498875,68572400,147.3264149257115,148.06292525590194,42.73929604992001,1.2859733776460303
2023-03-13,148.6039581298828,151.2408445051467,145.86830586973156,145.97694231528436,84457100,147.4667957850865,148.1350629724327,53.858112520294036,1.2255045988417521
2023-03-14,150.69766235351562,151.49761478500946,148.23855155589501,149.4039106364519,73695900,147.7263946533203,148.47674288991044,56.695826420097234,1.3311820509647418
2023-03-15,151.0926971435547,151.34946732376167,148.06076257128353,149.3150168625453,77167900,147.97964477539062,148.82553679039634,56.55353661618441,1.4303203565233105
2023-03-16,153.91722106933594,154.5196567133458,149.75942505583248,150.27298045799404,76161100,148.62440599714006,149.5044280275883,66.58203323184424,1.7170110189859713
2023-03-17,153.07777404785156,154.7962009363973,152.36670189187112,154.14438228182223,98944600,149.12384905133928,149.98087416362338,63.01474209429419,1.8550946984723566
2023-03-20,155.44798278808594,155.8627873790452,152.23828797454271,153.14689176758554,73641400,149.8285685947963,150.70982198021838,67.17082847575014,2.131215717821135
2023-03-21,157.30471801757812,157.42322503802845,154.59869218400178,155.36903302560913,73938300,150.81405203683036,151.58914145186634,74.19471368043503,2.4713781220246176
2023-03-22,155.8726806640625,160.12922799549253,155.85292447362312,157.32445173541882,75701800,151.65492139543807,152.16028001349252,70.0538320574971,2.5954866769232297
2023-03-23,156.9590301513672,159.54654859691777,155.72453196517867,156.86027933820688,67622100,152.2122094290597,152.80011336520914,65.36965518568127,2.7498048864216855
2023-03-24,158.26268005371094,158.35156031348998,155.89244937558198,156.88991856429575,59196500,152.66509573800224,153.52845559034273,63.25354889866605,2.943367522695212
2023-03-27,156.3170928955078,158.77621864094067,155.9121738846932,157.95651005912973,52390300,153.13632202148438,153.90027389769807,63.93989574224967,2.906272976982308
2023-03-28,155.69491577148438,156.5245100617194,154.04562789125012,156.0109545619661,45992200,153.47351837158203,154.1395594808696,60.248756251867526,2.794458015581597
2023-03-29,158.7761993408203,159.05272568787126,157.37381141804607,157.39355253600993,51305700,154.19164167131697,154.757778128863,71.06778272539086,2.920808424396114
2023-03-30,160.34649658203125,160.45513302219786,159.27001781009866,159.5267880006936,49501700,155.16936492919922,155.50294058928543,79.28990991638125,3.1117812206362885
2023-03-31,162.85501098632812,162.95377687892702,159.90210067407045,160.42552675181378,68749800,156.18729727608817,156.48321664222448,79.7771014387402,3.426051298709865
2023-04-03,164.1092529296875,164.22775993608965,162.18343872786127,162.23282167038158,56976200,157.145268031529,157.50002148055287,79.04187857512926,3.7332844630672923
2023-04-04,163.5759735107422,164.77095946962157,163.06241797980005,164.5339454319251,46278300,158.03693062918526,158.31014841791145,76.87079745541591,3.888908846587384
2023-04-05,161.72914123535156,163.00315186770885,159.79345641920935,162.69699871298138,51511700,158.5949249267578,158.76601412690349,67.55437115712465,3.8191930812618295
2023-04-06,162.6179962158203,162.91427882271006,159.99098020805553,160.41564039126865,45390100,159.27636936732702,159.27961173875906,71.39058582673717,3.7919547099329236
2023-04-10,160.02059936523438,160.02059936523438,158.09478511621296,159.41816361866267,47716900,159.60298483712333,159.37841008895577,60.14908439423034,3.520201197763157
2023-04-11,158.80584716796875,160.34649846878187,158.51943515436048,160.33662790848967,47644200,159.71020834786552,159.3020683661575,53.42954474465094,3.170269339754128
2023-04-12,158.1145477294922,160.05023261805474,157.7985089324277,159.22065338009935,50133100,159.87034170968192,159.1437322812688,55.301296720061025,2.8048313836605416
2023-04-13,163.50682067871094,163.74384976611952,159.4181631056541,159.62556544083142,68445600,160.3380410330636,159.72547740092776,62.86380641757399,2.916708532144156
2023-04-14,163.1611785888672,164.2574136863755,161.7884170766324,162.5488571823505,49386500,160.68793378557478,160.18357089265302,60.00002492000678,2.9435501366706376
2023-04-17,163.180908203125,163.33892759169828,161.99579292794192,163.04264500551295,41516200,161.17820630754744,160.58321586738262,65.20792495620123,2.93260902526697
2023-04-18,164.40550231933594,165.33384720086153,163.59566442028418,164.0400957436715,49923000,161.8003910609654,161.09285406097638,68.79794099458444,2.9883053030926874
2023-04-19,165.5511474609375,166.0745734796078,163.4870550672227,163.74384033117565,47720200,162.28431592668807,161.6872931809712,65.9535524800061,3.0892777223363908
2023-04-20,164.5832977294922,165.78816920558748,163.50681889136789,164.03024493447634,52456400,162.58694458007812,162.07342712077403,60.26809322319087,3.055974337499407
2023-04-21,162.9735107421875,164.38576938158798,162.45008473615934,163.00313749199609,58337300,162.5954088483538,162.19343827029581,50.300270343837774,2.866639967628487
2023-04-24,163.2796630859375,163.5463189024918,161.85751882372426,162.95375377005053,41949600,162.53615243094308,162.33826824571472,47.791775044393574,2.710055221303662
2023-04-25,161.73899841308594,164.24749178401862,161.69948603710247,163.1413863693782,48714100,162.40493992396765,162.25836560136423,45.35917548536916,2.4335890191258613
2023-04-26,161.72914123535156,163.23029532612622,160.78105501874768,161.0378252295865,45498800,162.40493992396765,162.18780235256256,50.0,2.188464909006342
2023-04-27,166.3214569091797,166.46959064736794,163.1413887265841,163.1413887265841,64902300,162.66947283063615,162.73895629344483,58.54988389264014,2.33781490601001
2023-04-28,167.57571411132812,167.74361912541863,165.79804878354395,166.40048449959994,55275900,163.20912388392858,163.38385733582928,68.59508229228634,2.528239952198419
2023-05-01,167.48683166503906,168.33616700655767,166.548616072207,167.18067853080987,52472900,163.82919420514787,163.93092057972393,72.61974908692737,2.641531175551478
2023-05-02,166.4498748779297,168.2374411469596,165.46227619804043,167.98065584567004,48425700,164.42457471575057,164.26678115281803,71.33477058630548,2.617468986607946
2023-05-03,165.37339782714844,168.80036649116937,165.08700083730753,167.3979781580158,65136000,164.55790165492468,164.41433004272878,56.13246706370692,2.4829153247054876
2023-05-04,163.73394775390625,164.96844587189068,162.27230620168868,162.8451151367803,81235400,164.59881373814173,164.32361240421912,51.73433773405496,2.2184181156661964
2023-05-05,171.41748046875,172.13842316096267,168.64231599957478,168.85958887715515,113453200,165.18714032854353,165.26946147948993,67.03430769250188,2.5988412241196386
2023-05-08,171.3483428955078,171.6940084046762,169.97558155808977,170.34098818753938,55962800,165.6830575125558,166.07997900162565,65.07938612131488,2.8617618448530777
2023-05-09,169.6398162841797,171.38785496168964,169.47192632998963,170.9039412906591,45326900,165.97510528564453,166.55462397263287,58.66836698712661,2.8988483924459842
2023-05-10,171.40760803222656,171.87178057282452,169.76819076413835,170.87431142683658,53724500,166.46255602155412,167.20168851391202,63.99353948896631,3.0358899194077082
2023-05-11,171.59524536132812,172.42482451357537,170.03483786854437,171.6940112425966,49514700,167.07839420863561,167.78749609356748,68.77421395601051,3.1236298209794597
2023-05-12,170.66561889648438,172.13916641173466,169.11293731632776,171.70401959715826,45533100,167.6059624808175,168.17124580062307,65.65808831616499,3.0826167515569125
2023-05-15,170.171142578125,171.29856159606754,169.57775779377548,171.24911034897144,37266700,168.20825849260603,168.43789870428998,68.70573707730834,2.9759090649145037
2023-05-16,170.171142578125,171.2293268320526,169.90411791612752,170.0920236008516,42110300,168.81125858851843,168.66899788746798,68.73579800401635,2.858392682902206
2023-05-17,170.7843017578125,171.02164360752573,168.53934785672587,169.81512066054435,57951600,169.1300332205636,168.95103840351393,62.02928878897281,2.7826601508402575
2023-05-18,173.11827087402344,173.30617657836305,170.6755268984154,171.0908902546592,65496700,169.5259301321847,169.50666939958188,64.11783773447331,2.8777998896821657
2023-05-19,173.22706604003906,174.44348843481356,173.00949259181542,174.44348843481356,55809500,169.93594687325614,170.00272228497616,64.60653914728923,2.928222947434932
2023-05-22,172.2776336669922,172.78201528070161,171.5359102025042,172.06006024351018,43570900,170.35221535818917,170.3060438025783,64.89560192696503,2.858619935033147
2023-05-23,169.66676330566406,171.46668610985583,169.3898544266195,171.2194449613945,50747300,170.6588843209403,170.22080640298975,60.17558553827861,2.5632362362644585
2023-05-24,169.9436798095703,170.51728111058472,168.63825433413288,169.2019563309073,45143500,171.10243661063058,170.18385619053382,65.7336893276702,2.3246897975263607
2023-05-25,171.08102416992188,171.98097065861623,169.79536692698053,170.50742278182787,56058300,171.07840401785714,170.30347858778558,48.72435401981792,2.20203057315814
2023-05-26,173.49403381347656,173.8302932098977,171.19964403606525,171.4073332194312,54835000,171.2316676548549,170.72888595121105,56.90752115188884,2.273326473516107
2023-05-30,175.34341430664062,177.01476677794446,174.6214744245607,175.00716998790764,55964400,171.63906751360213,171.34415639860165,68.19630281947255,2.4508071587382005
2023-05-31,175.29397583007812,177.37080753192686,174.80937774220615,175.37309480914308,99625300,171.91666521344865,171.8707989894652,63.925584996276626,2.5579857412378715
2023-06-01,178.1026153564453,178.13228308457525,174.97748387661747,175.73899077622127,68901800,172.38147735595703,172.7017078383959,69.63000672949369,2.8368577468240517
2023-06-02,178.95315551757812,179.77399801140302,177.28180279681203,179.03227450268932,61996900,172.97344425746374,173.5352341956202,75.11988011988012,3.0908677042617114
2023-06-05,177.59828186035156,182.9090174472027,176.0752677783844,180.6146272002442,121946500,173.5039542061942,174.07697388425106,71.39600533466026,3.146573701629137
2023-06-06,177.23233032226562,178.13227652640924,175.4719596724279,177.98393789122082,64848400,174.0083247593471,174.49768807598633,69.92173576133281,3.1251668965098247
2023-06-07,175.85769653320312,179.21028600208987,175.36321422162453,176.47084977063176,61944600,174.37071010044642,174.67902253694857,63.72389904189857,2.9631233492517026
2023-06-08,178.57733154296875,178.84434109966037,175.50165126625262,175.93678298136524,50214900,174.7606430053711,175.19879707108458,64.46533277159116,3.0193493076005495
2023-06-09,178.96304321289062,180.21901740774703,178.63668307937917,179.4970774647442,48900000,175.17035566057478,175.70069655665873,64.97927520188847,3.059761467353667
2023-06-12,181.76177978515625,181.8606822718443,178.9729077272824,179.26960009694577,54274900,175.84779466901506,176.50884098712507,72.58594463699507,3.2798153764309745
2023-06-13,181.28709411621094,182.11782073883157,180.4266997635254,180.78272761470595,54929100,176.67781829833984,177.14594140433653,80.80763704149595,3.376978808795826
2023-06-14,181.9199981689453,182.3551449189476,180.0113041223616,181.34639700670587,57462900,177.53326960972376,177.78248230628435,81.16319623665734,3.465107988686725
2023-06-15,183.95729064941406,184.46167222814515,181.75190392659053,181.92992539273135,65433200,178.4530029296875,178.60579008536834,82.00593953507777,3.6571857150923393
2023-06-16,182.8793487548828,184.92651290759443,182.2365277422246,184.66937243020826,101256200,179.12338256835938,179.17559790797026,74.98704084368576,3.6800069653895093
2023-06-20,182.96835327148438,184.0463362605814,182.37498350716317,182.37498350716317,49799100,179.66802106584822,179.68129862310548,72.39995266365555,3.6630495364293836
2023-06-21,181.92994689941406,183.363942649416,180.57505504326872,182.85956101105992,49515700,180.1420189993722,179.98111839327996,68.42408503391275,3.52518381127922
2023-06-22,184.9363555908203,184.98580683232038,181.64310210019994,181.71233685638003,51245300,180.63014330182756,180.64181668628535,68.76707598751588,3.6168237933246985
2023-06-23,184.619873046875,185.49016657654983,182.96830425516916,183.50235349943313,53117000,181.03490883963448,181.17222420103064,66.03243319783525,3.6221576641473234
2023-06-26,183.22547912597656,185.97479955864205,183.18591209060443,184.76826151663462,48088700,181.43685150146484,181.44599152435677,65.88509854529603,3.4738247696586484
2023-06-27,185.9846954345703,186.31105559004374,183.62107045135676,183.83864388833905,50730800,182.06202043805803,182.05115204571857,71.76614697134478,3.53813021574868
2023-06-28,187.1615447998047,187.80436573389431,185.5297592960992,185.8561043245189,51216800,182.86943817138672,182.73253774626338,78.39068759969004,3.6420711246898065
2023-06-29,187.497802734375,187.97251662731944,186.85498175364998,186.99343619982474,46347300,183.5066146850586,183.36790641134493,75.45173064732967,3.708825220496095
2023-06-30,191.82945251464844,192.33381899614628,189.1493519786864,189.51527911897426,85213200,184.42564392089844,184.49611255845207,79.96337077038646,4.064404335346268
2023-07-03,190.3361053466797,191.74043305970056,189.64381815695955,191.6415305781977,31458200,185.03809574672155,185.27477826354908,71.26058343290279,4.177546553406927
2023-07-05,189.21859741210938,190.8503829545932,188.51642591121868,189.45595434700246,46920300,185.60463169642858,185.80062081669047,69.05909209907814,4.1294374411137085
2023-07-06,189.69329833984375,189.90098754652763,187.1121001189567,187.74503686210437,45094300,186.1598674229213,186.31964448644425,68.82204239615808,4.082553880804511
2023-07-07,188.5757598876953,190.54380484505052,188.14062814608695,189.29771490007704,46815000,186.48975808279855,186.62045987327772,61.70435404012046,3.910148549555487
2023-07-10,186.52862548828125,187.89340155065938,184.9759437256739,187.17144648236777,59922200,186.75042070661272,186.60821528861155,58.81514725515159,3.5672088815346967
2023-07-11,186.00448608398438,187.21102424790124,184.54082252577857,187.07256979091423,46638100,186.96728733607702,186.52771806132793,57.18304164500664,3.2160603130100185
2023-07-12,187.67581176757812,189.584506155405,186.39015480100775,187.58679348705417,60750200,187.37770625523157,186.6807972221613,63.198597424920386,3.037618778948172
2023-07-13,188.4373016357422,189.0801376574393,187.6856939986458,188.39774969290625,41342300,187.62777382986886,186.91499781063874,58.96665301439116,2.9239430505316477
2023-07-14,188.5856475830078,189.07023054213465,187.53734760154848,188.13071726198152,41616200,187.91104343959265,187.13775111362128,60.24541599224836,2.813393446562287
2023-07-17,191.84925842285156,192.17561856911308,189.6933076328095,189.78231082986184,50520200,188.5270276750837,187.76595208818532,70.31695087563395,2.9550640694620256
2023-07-18,191.59210205078125,192.18548682934457,190.2965608776665,191.21630577539946,48288200,188.92755671909876,188.27610541653146,64.97620431281038,3.0118697292956824
2023-07-19,192.94699096679688,196.04243976648678,190.5240157315845,190.9690618542327,80507300,189.34080287388392,188.89889015656686,65.30614716475681,3.130134593072057
2023-07-20,190.9987335205078,194.3018715848771,190.3756810082794,192.9370956401489,59581200,189.5908693586077,189.178869271759,58.534237454573855,3.0317046519612916
2023-07-21,189.82186889648438,192.8184304455329,189.11969738642375,191.95803606721273,71951700,189.44747052873885,189.26460255505575,44.21655913203331,2.8261568973004216
2023-07-24,190.6229248046875,192.759091941705,190.1284425094743,191.27564505606543,45377800,189.46795763288225,189.44571218834,50.860595205719655,2.696810188778329
2023-07-25,191.48330688476562,192.29426504028103,190.7910347339605,191.19651381171818,37283200,189.62972259521484,189.71739148119676,56.90170212845108,2.6333717632612377
2023-07-26,192.35360717773438,193.48102617402893,191.18663623876353,191.53276478098633,47471900,189.81974465506417,190.06888690740178,57.91641239120643,2.6230850228990903
2023-07-27,191.08775329589844,195.02382842734414,190.4251487828704,193.85685736898512,47460200,189.9991727556501,190.20473575920136,57.40965785929815,2.4841531072791554
2023-07-28,193.6689453125,194.4601200346163,191.99759267326004,192.5217427199515,48291400,190.50919560023718,190.66663036630786,70.41857493926108,2.5529009341744313
2023-07-31,194.28208923339844,194.32165626732748,193.10521896564188,193.8963936498011,38824100,191.10045296805245,191.1486915485866,73.55088602187509,2.6265820693444084
2023-08-01,193.45135498046875,194.55899044039094,193.12499487022708,194.07440747187567,35175100,191.51299176897322,191.45571333950426,67.25765799283624,2.5881074961602053
2023-08-02,190.45480346679688,193.026102358892,189.73286353794578,192.88764791924382,50389300,191.65709904262,191.32225868980996,55.31807749762893,2.289428350880655
2023-08-03,189.0603485107422,190.2471029357017,188.58564975883863,189.4559433793295,61235200,191.69100625174386,191.02067066593426,51.17416253640244,1.9180915499549371
2023-08-04,179.981689453125,185.31220853119976,179.91245468139763,183.47273360328953,115956800,190.84332275390625,189.54880650422638,27.20361293862541,0.8810760511866249
2023-08-07,176.87632751464844,181.10909486166798,175.39288059142936,180.1201302461886,97576100,189.79219600132532,187.85914263894932,24.520522538888443,-0.18916241218477126
2023-08-08,177.8158416748047,178.2806562533865,175.6203390114105,177.7070549630004,67823000,188.7113996233259,186.52003584373003,23.418986794130944,-0.9505656352447147
2023-08-09,176.2235870361328,178.93334011391454,175.0566010766963,178.8740046582552,60378500,187.6560320172991,185.14717600271706,23.71561844454,-1.6632914292142686
2023-08-10,176.0060272216797,178.7553475423464,175.64011515660735,177.49935830249015,54686900,186.66918618338448,183.92835616524542,24.553666530456,-2.2200951398394864
2023-08-11,176.06544494628906,176.88739582771854,174.83748251539495,175.60001780962375,52036700,185.6293661934989,182.87996800271793,22.434633167350754,-2.626297258282534
2023-08-14,177.71923828125,177.94700304207137,175.59008429106805,176.2436858942371,43675600,184.6462184361049,182.19187070652222,24.697279102384286,-2.7826909339515282
2023-08-15,175.72877502441406,177.73908330799745,175.33266097169337,177.1449122289164,43622600,183.45873042515345,181.33012461557448,20.64716465390852,-3.0322934076397416
2023-08-16,174.8572998046875,176.80817714322055,174.78797154296882,175.41186545531423,46964900,182.2994123186384,180.46708130745623,20.93876447011445,-3.2628142417880497
2023-08-17,172.3122100830078,175.78815784652573,171.79724982185638,175.42175166053434,66062900,180.7739312308175,179.37976514419643,11.710462171287503,-3.6092657649523403
2023-08-18,172.79747009277344,173.40155375891743,170.29201204567954,170.62871045348956,61172200,179.23931557791573,178.5021258040067,11.30374129206659,-3.8008607095019897
2023-08-21,174.13436889648438,174.42156439236868,172.05474771785234,173.37184868637627,46311900,177.85953085763114,177.91975821633707,15.83090866887271,-3.801008858816033
2023-08-22,175.5108642578125,175.95649623435884,174.54037449165708,175.34251507159627,42038900,176.79210662841797,177.59857235520047,21.959116266338654,-3.648002692174771
2023-08-23,179.3631591796875,179.78899610380492,176.6002283968818,176.78838784399545,52722800,176.09945024762834,177.8338505984654,33.34076056611242,-3.1792478078228044
2023-08-24,174.66912841796875,179.3433458832632,174.30270712253693,178.91750900229638,54945800,175.71998160226005,177.41188764106585,39.25448938423895,-3.150211559674773
2023-08-25,176.8774871826172,177.41224254469248,174.1145567754665,175.6594223889941,51449600,175.7200644356864,177.34063424660602,50.002433934686,-2.9153971440349835
2023-08-28,178.44219970703125,178.83831375215576,176.81810794476928,178.34316364035902,43820700,175.76480429513114,177.48750964132938,51.28099506250971,-2.5733814643749326
2023-08-29,182.3340606689453,183.10649358507428,177.75887876406125,177.95693577395411,53003900,176.2012666974749,178.13371644501152,61.42242338291485,-1.9656323341823452
2023-08-30,185.82980346679688,186.027875570887,182.9480417259573,183.14609871926743,60813900,176.90296500069755,179.15986138124956,66.35884045803971,-1.1882125664343732
2023-08-31,186.04766845703125,187.28554353881972,185.66145203594442,186.0179606639307,60794500,177.61598096575057,180.07823565802047,66.53543366793704,-0.5482025774799979
2023-09-01,187.62225341796875,188.0777829772235,186.45369150574666,187.65196121049496,45766500,178.32333918980189,181.08410469268023,66.44738642756859,0.08508498998048708
2023-09-05,187.8599090576172,188.13719185182467,185.79018566129048,186.45368485534252,45280000,179.18984876360213,181.98754527467185,71.3935432899664,0.5992391181909511
2023-09-06,181.13580322265625,187.01818850408822,179.70976859554776,186.57254135003106,81755800,179.63831329345703,181.87397966773645,59.17776857822967,0.45884158373573314
2023-09-07,175.8376922607422,176.48139642487362,171.85668142571674,173.48077306769622,112488800,179.89013344900948,181.0691413468039,54.76958215218502,-0.0790267787820369
2023-09-08,176.45166015625,178.4916910043361,176.06544373133067,176.62002446653017,65551300,180.1511470249721,180.45347718806337,54.926552542611375,-0.4505555295029353
2023-09-11,177.6201934814453,178.55107781991234,175.6197834207467,178.3233130703228,58953100,180.40013449532645,180.07570602718098,54.72099571849973,-0.6432884389752189
2023-09-12,174.58990478515625,178.38275585399316,173.12426491742679,177.7489644157226,90370200,180.334351675851,179.3442658615777,48.806184831292214,-1.0286915154568987
2023-09-13,172.5201873779297,175.58021106580875,172.29240747476095,174.7978655233742,84267900,179.84556797572546,178.43438873042464,40.69983936385931,-1.4840281746391497
2023-09-14,174.03533935546875,174.39184798430878,171.89628758242847,172.31221179761187,60895800,179.800297328404,177.84784881376387,49.0571605496507,-1.7029945940279845
2023-09-15,173.31240844726562,174.78796097983732,172.13396406629226,174.76815074757482,109259500,179.5456488473075,177.24312343156413,44.451278855530106,-1.9128118372915424
2023-09-18,176.2436981201172,177.64002479353724,174.46115503817452,174.76814563074643,67257600,179.38861301967077,177.10986672337123,46.71785154714138,-1.821565067230182
2023-09-19,177.33303833007812,177.88760394386657,175.4118538031827,175.7980702206982,51826900,179.03139713832311,177.1396229375988,41.852168772402074,-1.6424179221740474
2023-09-20,173.7877655029297,177.95692035427507,173.69862701203755,177.52118590379774,58436200,178.17125156947546,176.69270861297625,30.4123258437954,-1.7661572457667205
2023-09-21,172.24285888671875,174.58987998681354,172.17354574949883,172.85685511620576,63149100,177.18519374302454,176.0993953161419,28.474285594641458,-1.9662172749941078
2023-09-22,173.09454345703125,175.36233909077248,172.36173107244514,172.97571228348323,56725400,176.14750017438615,175.6987484015938,26.824601819197966,-2.032611779178751
2023-09-25,174.37205505371094,175.25342159707597,172.46076787560256,172.510285906062,46172700,175.18408203125,175.52185595520945,29.174362937273827,-1.9595568413640763
2023-09-26,170.29200744628906,173.50057001651604,169.99491440180657,173.12426626356617,64588900,174.40952519008093,174.82454282068676,31.768241404770436,-2.205462817840697
2023-09-27,168.7768096923828,171.3614931122097,167.4102060653185,170.94556895520947,66921800,173.90517643519811,174.01817840357955,36.3982782318132,-2.493861192111609
2023-09-28,169.03433227539062,170.36133082824708,165.9941036111019,167.69742105029528,56294400,173.375367300851,173.3536655864877,35.51268953234283,-2.67085115174649
2023-09-29,169.5492706298828,171.39122924497295,168.68769934956754,170.3514112168,51861100,172.7988728114537,172.84641292560704,33.82308324688289,-2.7380037453841624
2023-10-02,172.06463623046875,172.6093042881744,169.2719827950215,169.55917827580257,52164500,172.61849648611886,172.74217603292192,44.83180959114409,-2.558757909066287
2023-10-03,170.72772216796875,171.9458021063211,169.1630613901914,170.58908076573104,49594600,172.49046325683594,172.4735821842615,46.218120543926666,-2.495811917973157
2023-10-04,171.97549438476562,172.52016238398562,169.3115850792172,169.43041623876405,53020300,172.34333147321428,172.40717047766205,45.60438773237542,-2.3185155724095523
2023-10-05,173.2134246826172,173.74818018223615,171.0050441901672,172.1042780995679,48527900,172.33626120431083,172.51467103832275,49.79331614950567,-2.0544340748042202
2023-10-06,175.76837158203125,176.26352163595584,171.5001654241457,172.1141617663429,57266700,172.30230930873327,172.94849777748388,48.991642718275635,-1.6203068345641327
2023-10-09,177.25381469726562,177.3132302836497,174.09475506108697,175.09495269037185,42390800,172.29665047781808,173.5225400334548,49.83471284859289,-1.1432167330517586
2023-10-10,176.6596221923828,177.9767230488949,176.22388776036024,176.3724418317021,43698000,172.5017830984933,173.9408176546452,56.83307701579584,-0.8038000529623162
2023-10-11,178.0559539794922,178.10547200469523,175.87729686757618,176.4714678376734,47551100,172.91700417654855,174.48950249795814,63.92972084761467,-0.4173268983312255
2023-10-12,178.95713806152344,180.57131695227565,177.30332359387822,178.3233466007442,56743100,173.33576093401228,175.08518723976687,64.01508712669758,-0.03788935014389949
2023-10-13,177.11517333984375,180.1652842541005,176.41205364228972,179.6602366589199,51427100,173.53169795445032,175.35585205311045,56.385358496892444,0.11288521095315218
2023-10-16,176.98641967773438,177.34292828713865,174.79784999846225,175.0355274416581,52517000,174.00987025669642,175.57326106972698,69.09583937253264,0.2194560397816474
2023-10-17,175.431640625,176.6893258679855,173.10444466932296,174.93649062028842,57549400,174.48521532331193,175.55437834376337,68.94016445199894,0.17642282124077724
2023-10-18,174.13436889648438,175.85749653944856,173.4114540423014,173.87689630601963,54764400,174.84950365339006,175.36504375079286,63.70403778659757,0.03721075633438886
2023-10-19,173.758056640625,176.11496052795673,173.4906713911534,174.33241738277906,59302900,175.15013122558594,175.15077880277047,61.39409035893241,-0.10230179078428137
2023-10-20,171.2030792236328,173.71843472751576,170.96540176933075,173.60950111647477,64244000,175.08859143938338,174.62441885888546,47.67257135461022,-0.41425652289333925
2023-10-23,171.32191467285156,172.32211231863303,168.2816861592976,169.25219112217718,55980100,175.13103376116072,174.18408496741426,51.718243536013794,-0.6444648780508544
2023-10-24,171.7576141357422,171.98537887782854,169.786911928572,171.37139778577966,43816600,175.11547088623047,173.86055552319132,49.338900293811804,-0.782726568065641
2023-10-25,169.44036865234375,171.38134856384042,168.99472147795794,170.21280159213268,57157000,174.84596688406808,173.27119727374497,39.255412248615386,-1.0669827846381565
2023-10-26,165.27117919921875,169.71763198356828,164.06301189675906,168.71741923518283,70625300,174.0961674281529,172.20452819714149,22.623894918135605,-1.610116212291672
2023-10-27,166.58827209472656,167.32109955610002,165.21175565878588,165.29098147440297,58499100,173.33434295654297,171.45569405015283,21.938439179884938,-1.9122319578225415
2023-10-30,168.63818359375,169.5096524459554,167.23195938000526,167.38051344932887,51131000,172.76138305664062,171.08002598929912,30.396834216239554,-1.9636148074437472
2023-10-31,169.11355590820312,169.24228464861295,166.27138428536674,167.70733154956028,44846000,172.12264033726282,170.81782997848634,27.11606029296803,-1.9435732108949253
2023-11-01,172.28250122070312,172.53997379429074,168.46983997695696,169.34130885799144,56934900,171.64588056291853,171.01311947744858,34.695658319460975,-1.6529287646143018
2023-11-02,175.84759521484375,176.05554977286621,173.75806140886317,173.8174769968696,77334800,171.55533926827567,171.65771624243462,47.30640429356666,-1.1219841218177748
2023-11-03,174.93649291992188,175.10485722122255,171.66851493448934,172.5498813500308,79829200,171.40891592843192,172.0948864660996,45.7840959015879,-0.7658962329331871
2023-11-06,177.49148559570312,177.68954259678722,174.50079012453784,174.66913933099835,63841300,171.55604771205358,172.8144330167134,54.06890315580071,-0.2743647534549041
2023-11-07,180.05633544921875,180.67031655305914,177.233974683982,177.44192920138337,70530000,171.97904532296317,173.78002000771409,61.14005104706181,0.31846832850743567
2023-11-08,181.115966796875,181.67053238037917,179.8285737718667,180.5812114444328,49340300,172.5046103341239,174.7581462462689,63.494344894285796,0.8638384195615174
2023-11-09,180.64065551757812,182.33406032637882,180.0464693782347,181.18532362684607,53763500,173.17872292654855,175.5424808157768,68.73778713302323,1.2433617971721276
2023-11-10,184.8351287841797,185.00371491529177,181.98922784820692,182.425536381392,66133400,174.14395250592912,176.7815005448972,73.09247608359166,1.8611416636082367
2023-11-13,183.2485809326172,184.46825067234977,182.66353769728988,184.26002212518753,43627500,174.96473584856307,177.64377792992653,68.89355091538405,2.1973854150946863
2023-11-14,185.86639404296875,186.53076740007103,184.7359652497266,186.12420582715117,60108400,176.13802337646484,178.74012674499883,76.74348812897738,2.6446112187648794
2023-11-15,186.43161010742188,187.90910668353808,186.20354524355434,186.2729648412074,53790500,177.64948272705078,179.76565785998855,89.03223409489306,3.0099522470808893
2023-11-16,188.11734008789062,189.35684600106327,187.06622636374277,187.9785160308428,54412900,179.18727329799108,180.87921549037551,89.17939065900774,3.3963608318435945
2023-11-17,188.09751892089844,188.78172866103995,186.98692637498098,188.65281519385715,50922700,180.5772258213588,181.84165594777858,88.23818316255456,3.658816458073204
2023-11-20,189.8427276611328,190.29887250675844,188.2859160609316,188.2958266614519,46505100,182.05788094656808,182.90846550955914,88.79725973096517,3.961967102253851
2023-11-21,189.0395050048828,189.91212191624118,188.1470668951287,189.80304480232138,38134500,183.2548097882952,183.72593744226896,84.41002496025348,4.090252926657428
2023-11-22,189.7039031982422,191.31029805901488,189.22793715258507,189.88239992204348,39617700,184.24454607282365,184.5229995430654,82.3016184121505,4.197149620157205
2023-11-24,188.37515258789062,189.2973377280717,187.66119596873028,189.26759079649733,24048300,185.20445033482142,185.0366199490421,80.72962607326686,4.1270726262596895
2023-11-27,188.1966552734375,189.0692722786972,187.31412766791345,188.3255687303111,40552600,185.96910531180245,185.4579579922948,77.46398154803009,4.010897729873506
2023-11-28,188.80152893066406,189.47582799498892,187.8099242301234,188.1867388581487,38415400,186.59376198904855,185.90376745074406,74.94422503923616,3.922421305305562
2023-11-29,187.78018188476562,190.47734794655034,187.3835460471391,189.2973359031836,43014200,187.06977735246932,186.1539560419469,69.05018215063369,3.7269272333324466
2023-11-30,188.35531616210938,188.7222202024886,186.61009727764167,188.2462390361622,48794400,187.62082454136439,186.44747072463525,71.92782036802834,3.577169914357171
2023-12-01,189.63449096679688,189.95179660734362,187.64135580786584,188.73212704562349,45704800,187.96363612583704,186.87240675692348,66.35135149185528,3.5211156469943035
2023-12-04,187.8396759033203,188.45448112204545,185.87630278327032,188.38506152852514,43389500,188.29157148088728,187.00137597644306,65.4229177046619,3.293895681495428
2023-12-05,191.79617309570312,192.76794143388682,188.58336852388663,188.61313058416235,66628400,188.71512712751115,187.64068225901107,68.27619289483337,3.393955077930002
2023-12-06,190.70541381835938,193.12491645797843,190.49717018406523,192.81752143695684,41089700,189.02039882114954,188.04931313359086,62.758971294045615,3.3466595051156673
2023-12-07,192.6390380859375,193.3629052381858,191.96473906125271,192.0044117201268,47477700,189.34337724958147,188.6612764605704,63.3021444385191,3.425715228613626
2023-12-08,194.0669708251953,194.34461894265894,192.04408867717459,192.56963798027982,53406400,189.76976667131697,189.38203570918705,66.21760326330278,3.562523148119908
2023-12-11,191.55819702148438,191.8656072016425,189.81297812056516,191.48879255742054,60943700,189.89230019705636,189.67219055082668,54.47487264972166,3.428980181646523
2023-12-12,193.0753631591797,193.08527375940776,190.11045957675134,191.45904261144975,52696900,190.18057577950614,190.12594689860708,60.14965808882783,3.406303302298113
2023-12-13,196.29808044433594,196.33773797632358,193.214189106248,193.45216455954898,70404200,190.6515884399414,190.9488980380376,64.69286674028581,3.6068011055868965
2023-12-14,196.4468231201172,197.9441408874326,194.51319682969313,196.35758232148717,66831600,191.22813633510046,191.68195471564823,68.9831830784347,3.7346486451992575
2023-12-15,195.911376953125,196.7343956614167,195.34615492740625,195.87170428604514,128538400,191.77918788364954,192.24587768064515,67.84410443483834,3.749540343594788
2023-12-18,194.24545288085938,194.97924583916173,192.75804576345098,194.4437708037096,55751900,192.1680395943778,192.51248770734037,62.00262543659154,3.5855835961900766
2023-12-19,195.28663635253906,195.29654695271066,194.24544836840317,194.51318587990949,40714100,192.70421491350447,192.88237419336687,66.53557678539377,3.499323474497686
2023-12-20,193.19436645507812,196.0204310779547,193.19436645507812,195.24698053858313,52242800,193.04986136300224,192.92397316159503,59.99183342197263,3.2249577067133828
2023-12-21,193.0456085205078,195.42546903656068,191.87552215973167,194.45370060278358,46482500,193.29351261683874,192.94019120945006,57.38829366377746,2.961380387239018
2023-12-22,191.9746551513672,193.76945704279927,191.34993941630188,193.54137709244142,37149600,193.5888682774135,192.81145306837234,59.246066353039446,2.6356938381212274
2023-12-26,191.42930603027344,192.2622504150879,191.21115176796184,191.9846022868164,28919300,193.56266348702567,192.62716679662583,49.031992598324635,2.3069862832764443
2023-12-27,191.52845764160156,191.8755253676685,189.48575421105227,190.87400998463178,48087700,193.62145233154297,192.48067224262257,52.291580812221994,2.031070962483767
2023-12-28,191.95484924316406,193.0257841884141,191.5482876644632,192.51014548202977,34049900,193.5725816999163,192.41056250936145,47.920494714395566,1.8257660273721683
2023-12-29,190.91366577148438,192.76796185552627,190.12037892679615,192.27215946893213,42672100,193.34734562465124,192.2109762776445,40.18518747191935,1.5610507610695947
2024-01-02,184.08148193359375,186.8579779090344,182.34617384027908,185.57879946992125,82488700,192.81329454694475,191.12704369843775,31.663410946703493,0.7908454940085505
2024-01-03,182.70315551757812,184.31947592788424,181.8900324473893,182.67340858873573,58414500,192.07242257254464,190.00385860765647,24.387815926167917,0.06844386988814222
2024-01-04,180.38282775878906,181.552914127362,179.36147605378457,180.62080322049852,71983600,190.9356188092913,188.72105449447415,8.867220034830012,-0.6834176667464646
2024-01-05,179.65895080566406,181.22568820887324,178.6574354024576,180.46216340525032,62379700,189.73648507254464,187.51277400263282,7.864570407885026,-1.3224399077579392
2024-01-08,184.00218200683594,184.04185467153414,179.97626898919978,180.56131218264795,59144500,188.88582829066686,187.0446950698599,24.905939190192854,-1.4615592325850457
2024-01-09,183.58570861816406,183.59561921893004,181.19593746369003,182.37594957443397,42841800,188.1244179861886,186.58349687630047,26.290245834484438,-1.587122857314199
2024-01-10,184.6269073486328,184.8351358915854,182.37596012806688,182.80235807668967,46792900,187.3630087716239,186.32261827261146,26.290295867306355,-1.5843534582205905
2024-01-11,184.03192138671875,185.4796709750172,182.07845882443647,184.97394287034564,49128400,186.70854840959822,186.0171920211591,28.166346932809347,-1.6115916586477965
2024-01-12,184.35914611816406,185.17226924419936,183.63527891547233,184.49797017252533,40477800,186.0880868094308,185.7961192340931,29.475165092536912,-1.588463014780075
2024-01-16,182.08837890625,182.71307958868692,179.41103406753936,180.63071876275188,65603000,185.38192422049386,185.30175385704737,27.89360658209985,-1.733383962959124
2024-01-17,181.14633178710938,181.39423295178236,178.78632298828933,179.74818071767538,47317400,184.64742606026786,184.74769758105566,27.407375620798078,-1.9023214109173523
2024-01-18,187.04638671875,187.55209963440907,184.26989072089356,184.5277024783634,78005800,184.32727813720703,185.0541894660816,42.15276275048822,-1.5423412811706498
2024-01-19,189.95181274414062,190.3385380102556,187.23482528040057,187.74053828049293,68903000,184.1842041015625,185.70720590315614,46.773179368760324,-1.0109571514955746
2024-01-22,192.26223754882812,193.69015075906108,190.64591702187175,190.68558968364889,60133900,184.28053065708704,186.58121012257908,52.087149225265705,-0.3988022831255478
2024-01-23,193.54141235351562,194.10663433692045,192.20275498822556,193.38276708914043,42355600,184.95623997279577,187.50923708670396,67.67977323021468,0.1873934219044031
2024-01-24,192.86712646484375,194.73134826169684,192.7084660713482,193.77940103141137,53631300,185.68223789760046,188.2236223371226,69.50895629049076,0.5907388359009929
2024-01-25,192.53988647460938,194.62226243680658,191.48878789336808,193.58107445570798,54822100,186.55059923444475,188.79912422212084,75.26781393171593,0.8739135190317597
2024-01-26,190.8045654296875,193.12491668531047,190.3285994330514,192.63904008919584,44594000,187.34671456473214,189.06651638312974,72.23088942549124,0.9473847285104284
2024-01-29,190.120361328125,190.5864167388377,187.98841731539085,190.39800942846193,47145600,187.78372737339564,189.20702904246244,64.28891649543245,0.9395708505869322
2024-01-30,186.4613494873047,190.18979301004535,185.89614265093053,189.33701232459805,55859400,187.98913029262,188.84093843510806,55.832619439052415,0.6308545218852544
2024-01-31,182.85189819335938,185.52924295226458,182.80233006356883,185.46973396127981,55467800,187.86234392438615,188.0423997362082,46.73946739243161,0.09386009250931693
2024-02-01,185.29127502441406,185.38051582576702,182.27680306565713,182.44537406733116,64885400,187.9522977556501,187.675583107969,52.16651730237056,-0.13333750629095675
2024-02-02,184.28973388671875,185.75730456104918,177.7451370154647,178.35001646911297,102551700,187.9473397391183,187.22413654513565,49.88329499607734,-0.3897168268048574
2024-02-05,186.1043701171875,187.6611968198497,184.27982102914154,186.57042555488334,69668800,188.23419625418526,187.0748343547426,56.85739417353903,-0.4413852922777153
2024-02-06,187.7107696533203,187.72068025311026,185.2020110139772,185.2912518041467,43490800,188.70308467320032,187.1596257278863,60.960257865041726,-0.348690419982006
2024-02-07,187.81985473632812,189.4460858813363,187.02656792958788,189.03952431241242,53439000,188.75833238874162,187.2476562623452,51.60101322754665,-0.2633906083424904
2024-02-08,186.739013671875,187.94875754592414,185.77715585449096,187.8000228857875,40962000,188.52884674072266,187.17983725028253,42.8064126427074,-0.2797796088281359
2024-02-09,187.50352478027344,188.63539609029752,186.65957913376621,187.304938639922,45155200,188.1889386858259,187.22299558761466,38.55257526404541,-0.22844498108761968
2024-02-12,185.81565856933594,187.32482556974608,185.45822467844926,187.07660801079692,41781900,187.63709912981307,187.03535065184417,31.77352758008719,-0.3202667798148582
2024-02-13,183.7206573486328,184.88232857566155,182.20156746712615,184.44546335353002,56529500,186.98377990722656,186.59339154474932,29.777411621503276,-0.5556797761408347
2024-02-14,182.8369903564453,184.20715569890234,181.13919127121986,183.9986614989588,54630500,186.29071589878626,186.09253805297547,29.062335984363827,-0.8042795786089982
2024-02-15,182.549072265625,183.17458519121215,180.05697410890977,182.24128500065143,65434500,185.70103781563895,185.62007594799542,30.998713186745263,-1.0128537492850285
2024-02-16,181.0101318359375,183.53203018346474,180.37469562592958,182.11221816970058,49752500,185.05030713762557,185.00541673305435,29.825206394861624,-1.2874885469204003
2024-02-20,180.26548767089844,181.12927978468986,178.7166127841021,180.49384354523508,53665600,184.60774557931083,184.37342619143357,34.24557613456125,-1.5473878397498595
2024-02-21,181.0200653076172,181.5859933284812,179.3718974749363,180.64276986037862,41371400,184.4769003731864,183.92631140692473,44.55103735946514,-1.673184364937839
2024-02-22,183.0554656982422,183.64127060390982,181.15909521547567,182.17181186595948,52292200,184.31719970703125,183.81019864576706,43.18559788674753,-1.5903071456484952
2024-02-23,181.21865844726562,183.72068024032762,180.93071762862238,183.69089534874325,45119700,184.09783717564173,183.46465995263355,41.09332129644381,-1.6537776275293652
2024-02-26,179.8683624267578,181.4569455981047,179.36198894745647,180.94066402116508,40867400,183.65240805489677,182.98515361585015,31.413852099589874,-1.7923746662226279
2024-02-27,181.327880859375,182.6086766905276,178.27976221818815,179.80879073754454,54318900,183.1964874267578,182.7641839149868,30.808045123751725,-1.7641073467425201
2024-02-28,180.12648010253906,181.814356133641,178.84568442217187,181.20870480571682,48953900,182.64696066720145,182.4124900733271,28.29353472436884,-1.8176950360513615
2024-02-29,179.46127319335938,181.26830407372196,178.2499704416867,179.97756989489093,136682600,182.12712206159318,182.0189944893314,28.97306352775206,-1.892030158195979
2024-03-01,178.37904357910156,179.24283570733874,176.11530099131116,178.26982726346276,73563100,181.47537340436662,181.53366770130077,24.112705762563948,-2.0150400361338825
2024-03-04,173.85154724121094,175.63870116419773,172.55087478393426,174.8940486462885,81510100,180.62079402378626,180.5093849732888,20.76662664886993,-2.4496196764453373
2024-03-05,168.90704345703125,170.8133520831047,168.41060844555398,169.5424796657224,95132400,179.56267874581474,178.9624061044545,18.228319528215124,-3.156619757177225
2024-03-06,167.9141845703125,170.01907946057096,167.47731930724007,169.84035496658896,68587700,178.49676404680525,177.48930989990222,18.14333951586056,-3.7537667429342036
2024-03-07,167.79502868652344,169.51268953107953,167.28867044448495,167.9439531253601,71765100,177.44290379115515,176.19673907145173,18.275017373061814,-4.188344289536843
2024-03-08,169.5126953125,172.4615205019895,167.73546463179477,167.79503440936114,76267000,176.6216583251953,175.30553323692484,25.466129729673412,-4.344073014979102
2024-03-11,171.518310546875,173.13669366515666,170.82330450374639,171.70695829072324,60139500,175.99685995919364,174.80057021158487,32.28795319425828,-4.25658549610219
2024-03-12,171.99488830566406,172.78918743932962,169.79071540599014,171.9154568772979,59825400,175.35220445905412,174.42647929079544,31.51694578399095,-4.101515447892325
2024-03-13,169.90985107421875,171.95516088785197,169.54247886546352,171.53815729817867,52488700,174.4132319859096,173.8242621952519,23.13314376562795,-4.099608659946995
2024-03-14,171.7665252685547,173.06718266017282,170.82330171470906,171.67717059661035,72913500,173.73807961600167,173.5498972716923,30.69751383367432,-3.903284788818354
2024-03-15,171.38922119140625,171.38922119140625,169.0758321837892,169.94956266563446,121752700,173.13242667061942,173.26180712765415,31.967903075803804,-3.735086243076182
2024-03-18,172.48138427734375,176.44294118443133,172.282813299669,174.31819990832292,75604200,172.5005340576172,173.15775074761277,30.88805201620825,-3.473617549464649
2024-03-19,174.82455444335938,175.35077434046616,171.79629786095623,173.09695515946524,55215200,172.1218250819615,173.379991240379,39.08424620739704,-3.0422582173009403
2024-03-20,177.39608764648438,177.39608764648438,173.84161109695287,174.46712406809783,53423100,171.97431182861328,173.91547076119306,46.05760032810608,-2.464492465444181
2024-03-21,170.14813232421875,176.22450721449738,169.6219124199128,175.78764197696165,106181300,171.38638959612166,173.41315896959648,37.28137621752385,-2.56192607627338
2024-03-22,171.0516357421875,171.81614985448238,168.84746321582597,170.53533912024872,71160100,171.18639591762,173.09828920594197,45.12782958674903,-2.536992865361185
2024-03-25,169.63185119628906,170.7140758962492,168.24182406010684,169.3538487990515,54288300,171.23816789899553,172.6360974713216,51.437597187090105,-2.6018058648564875
2024-03-26,168.49998474121094,170.19778406175462,168.37090678526505,168.78791039294236,57388400,171.28001076834542,172.08461577397352,51.155515236812754,-2.7132264122751906
2024-03-27,172.07431030273438,172.36225110852925,168.89712909220745,169.19499314475576,60273300,171.58567374093192,172.08324171114162,57.4284889372737,-2.484470370019892
2024-03-28,170.25735473632812,171.00200728609337,169.29426955996547,170.5254338962422,65672700,171.63886369977678,171.83979011449983,51.288228188656454,-2.4218748223249804
2024-04-01,168.81768798828125,170.02899062252595,168.27160644825386,169.969420845431,46240500,171.44596208844865,171.43684316433738,45.234730989056914,-2.4600782241481056
2024-04-02,167.6361846923828,168.13261974429108,167.0305333230549,167.87447897129715,49329500,171.13462611607142,170.9300887014101,42.49571787354329,-2.556225560016827
2024-04-03,168.44039916992188,169.46305411699578,167.37803608655156,167.5865303145986,47691700,171.02966526576452,170.59813009721168,47.35335180177209,-2.5382700322468565
2024-04-04,167.61631774902344,170.69420560535343,167.61631774902344,169.07582268557752,53704400,170.73322187151228,170.20055511745323,42.23622554303147,-2.56101484569254
2024-04-05,168.37091064453125,169.17513298848516,167.74539764368038,168.3808338913719,42104800,170.5176282610212,169.95660252106364,44.43225356822381,-2.4894540572041137
2024-04-08,167.24896240234375,167.99361496437555,167.04046816897213,167.82482886831443,37425500,170.14388384137834,169.59558383856768,40.35857317499716,-2.494518210247179
2024-04-09,168.46026611328125,168.86734648560252,167.1496854743383,167.49718091534808,42373800,169.68929181780135,169.44420814186282,37.76250654285896,-2.373430077311582
2024-04-10,166.58372497558594,167.8843822327512,165.91850390321875,167.59645660291815,49709300,168.91698019845145,169.06281038635925,28.63865390169184,-2.401208410613407
2024-04-11,173.79197692871094,174.208995705804,166.9610408919762,167.13975023930564,91070300,169.17725481305803,169.6933659253395,57.210239861255964,-1.8205906138271928
2024-04-12,175.2912139892578,177.0883063929916,172.96790166012116,173.0175330436537,101670900,169.48008183070593,170.43974566719527,58.19581945215484,-1.2253459008162793
2024-04-15,171.458740234375,175.37065085788137,171.27009249111015,174.1097015871075,73531800,169.6105739048549,170.57561160948592,53.2303488259777,-1.0507464291793838
2024-04-16,168.17233276367188,172.5210932508517,167.0702464097302,170.52542991803605,73711200,169.58717019217355,170.25517443004406,49.4616566024472,-1.1641412119794836
2024-04-17,166.8021697998047,169.43326939438703,166.8021697998047,168.4006911997193,50901200,169.21058872767858,169.7947738126788,40.66128729714521,-1.349017461011897
2024-04-18,165.8489990234375,167.4375970919546,165.36250241682455,166.83194578270678,43122900,168.8957061767578,169.26867050744664,41.944841292412086,-1.5545265219183193
2024-04-19,163.82354736328125,165.21355928091162,162.91010879598218,165.02492670994252,68149400,168.53898184640067,168.5426540882246,41.06572735094623,-1.8593969838726423
2024-04-22,164.65757751464844,166.06745127090076,163.5952143613438,164.33986695337822,48116400,168.32622419084822,168.02464387841445,44.6043376254066,-2.0105335789258163
2024-04-23,165.7100067138672,165.85894631264824,163.74412823991455,164.17107024309314,49537800,168.13119615827287,167.71602558980814,45.09805318151659,-2.022078911534919
2024-04-24,167.81491088867188,168.09291330855643,165.0249482926904,165.35258209827205,48251800,168.1453813825335,167.72921029632332,50.340863317868994,-1.8401681819817668
2024-04-25,168.6787109375,169.39357866495865,166.95111140447554,168.32127707377066,50558300,168.16736711774553,167.85581038181354,50.52633226877074,-1.6077678266477449
2024-04-26,168.0928955078125,170.1183436596222,167.97374080476908,168.66876193087458,44838400,168.22764805385046,167.88742173194674,51.47006289789617,-1.4540973508865136
2024-04-29,172.26296997070312,174.77493022282954,171.8658279731322,172.13389200399433,68169400,168.49926975795202,168.47082816378094,56.00501192742343,-0.9844738318015516
2024-04-30,169.1155548095703,173.74233280675443,168.78790588015656,172.09416491333778,65934800,168.68011474609375,168.55679171655288,53.8438372488461,-0.8563919555512598
2024-05-01,168.0928955078125,171.47858587357683,167.90424778215495,168.37089789825708,50383100,168.27303750174386,168.49493888872084,39.34672744770414,-0.827863114121584
2024-05-02,171.79629516601562,172.1835138606425,169.67155396857694,171.27999852318183,94214900,168.02340044294084,168.93511972569348,43.964328234631296,-0.5006492272858907
2024-05-03,182.07249450683594,185.66667884285496,181.3576269377945,185.31916830374013,163224100,168.78152574811662,170.6867696965125,64.99290643171744,0.5811741269361619
2024-05-06,180.41441345214844,182.8866500436298,179.13360267463952,181.04984964293004,78569700,169.6559600830078,171.9837888639306,68.12696651096502,1.2898648858309514
2024-05-07,181.09947204589844,183.58164691028847,180.02718583647587,182.14198851894085,77305800,170.6771959577288,173.199213288193,71.60856494229493,1.8850561672490187
2024-05-08,181.4370880126953,181.76473696457006,180.15627709627628,181.5463043299869,45057100,171.79063088553292,174.2975965847933,74.00609939217568,2.356824329047555
2024-05-09,183.25401306152344,183.34336772059504,180.8115463302817,181.25833477563273,48983000,173.17852129255022,175.49178544835732,80.1169015277044,2.844524752254358
2024-05-10,181.99139404296875,184.01958970422,181.07671637844012,183.83068607894495,50759500,174.41665104457311,176.35839992763886,76.51485056076184,3.093488241864975
2024-05-13,185.2026824951172,186.01794745703555,183.55227916041125,184.3675441223296,72044800,175.80898502894811,177.53763760330264,77.96986238745032,3.509462838262749
2024-05-14,186.3460235595703,187.2110023802185,185.2126171602605,186.42556271379902,52393600,177.13263593401228,178.71208906413835,77.34469461745505,3.8865816771830453
2024-05-15,188.62281799316406,189.54743236218252,186.2864023770235,186.82328796013638,70400000,178.55721500941686,180.03351958800846,78.25161472443665,4.319378253066162
2024-05-16,188.7421112060547,189.99483406684226,188.56315946625315,189.36847263644847,52845200,180.03215898786272,181.1946651370813,79.64220830965856,4.618756473341165
2024-05-17,188.7719268798828,189.70649303935699,188.08591490450098,188.4140082479681,41282900,181.21137019566126,182.20496670278817,76.89586955516566,4.803055115932182
2024-05-20,189.93516540527344,190.81008101901142,187.91690657220929,188.2350632210391,44361300,182.6984852382115,183.23565986311957,86.26310132684986,4.985506924934299
2024-05-21,191.2375946044922,191.6153866469515,189.815856788038,189.98487181213304,42309400,184.35167803083147,184.30258449530257,89.92379054269956,5.1755360911849095
2024-05-22,189.7959747314453,191.7048842739564,189.1696284842733,191.15806201805708,34648500,185.63736942836218,185.03503652678828,83.67659107973313,5.150437857307054
2024-05-23,185.7992401123047,189.89540846653745,185.55068591274116,189.87551988281993,51005900,185.9035655430385,185.13693033819047,59.11414058336829,4.753251717473489
2024-05-24,188.88128662109375,189.47782271626807,186.9525037733123,187.72800676525614,36327000,186.50834219796317,185.63617784257758,69.35832179152175,4.633759144601612
2024-05-28,188.8912353515625,191.88382214222983,188.00638309980087,190.40243380522858,52280100,187.0648967197963,186.07018551044226,68.38225394560355,4.4881268663536105
2024-05-29,189.18951416015625,191.13818582461732,188.41402624535667,188.51345399670836,53068000,187.61864144461495,186.48609599707078,68.32345984810725,4.346675079051636
2024-05-30,190.1837158203125,191.06856812279528,189.52754429358754,189.6567821553814,49889100,188.1136202130999,186.979111973503,67.04166369595971,4.265625804579059
2024-05-31,191.13818359375,191.45634025792617,188.81171987650453,190.33287039705309,75158300,188.76696232387,187.53365485620262,72.84013838720985,4.229654419843939
2024-06-03,192.90786743164062,193.86232215027837,191.40660565779223,191.7843976924141,50080500,189.3173326764788,188.25021653292768,70.73304521413093,4.294441881323706
2024-06-04,193.2260284423828,194.19041988861153,191.91365507081835,193.51434462038463,47471400,189.8087615966797,188.91365812085505,69.37296769625266,4.321642145376188
2024-06-05,194.7372283935547,195.76127042413225,193.74301165159252,194.269945311189,54156800,190.2455051967076,189.690134157215,67.99295932754393,4.414254973483764
2024-06-06,193.3552703857422,195.3635924798522,193.04706561878618,194.55827933508485,41181800,190.57501656668526,190.17881898768528,62.6361721336142,4.326268317121617
2024-06-07,195.7513427734375,195.80105664694403,193.01724660656404,193.52429170702464,53103900,191.07354627336775,190.92182215911893,66.92386530556368,4.399170377199653
2024-06-10,192.0031280517578,196.15896182874013,191.03873662001607,195.76126603853862,97010200,191.22125789097376,191.06599627813745,54.45585245310909,4.107151496304027
2024-06-11,205.95199584960938,205.96194772636147,192.51019617172983,192.53006958414636,172373300,192.27228655133928,193.05079622100038,70.52134420004418,4.944286824247996
2024-06-12,211.83778381347656,218.9265393804105,205.7034527218097,206.1707358379729,198134300,193.8467014857701,195.55572789999724,77.35012765003518,6.013338479165043
2024-06-13,213.00100708007812,215.49648572091758,210.37627540407073,213.4981154669776,97862700,195.78968484061105,197.881765124008,86.30570355710135,6.875179227456698
2024-06-14,211.26112365722656,213.92561727783075,210.07800329190465,212.61325905037393,70122700,197.38824462890625,199.66567959510382,80.97988430847637,7.333266842928282
2024-06-17,215.41693115234375,217.68374402084368,211.48977821080922,212.13601299934342,93728300,199.2829371861049,201.7658464694025,82.93823848176865,7.940114810866305
2024-06-18,213.0507049560547,217.3656172672209,211.7681719978675,216.3316233309755,79943300,200.98730795724052,203.2704942676228,78.18222777300194,8.136321074237827
2024-06-20,208.4673614501953,213.00100258632773,207.64217489543017,212.6927826496957,86172500,202.29328264508928,203.9634098919658,69.9068946967424,7.831699478699846
2024-06-21,206.2900390625,210.66458669732776,205.91223184266303,209.17326157128963,241805100,203.37555803571428,204.27362711470371,66.06916301156342,7.330096163761851
2024-06-24,206.936279296875,211.46990537136972,205.39524025887107,206.51871007112354,80727000,204.3775874546596,204.6286474056599,65.24088248536695,6.905120181709208
2024-06-25,207.86090087890625,210.15753911842552,207.40355450398363,207.94042486793816,55549700,205.42293548583984,205.05961453542608,65.69296463879434,6.567229949531281
2024-06-26,212.0167236328125,213.61741321993355,209.42181728774156,210.2768443064002,66213200,206.65718514578683,205.9872290817443,67.53430668643225,6.559179532045022
2024-06-27,212.86183166503906,214.49234667698786,211.12195219378995,213.44841596012938,49772700,208.0505109514509,206.90384275951692,70.01225423434829,6.5455397655648255
2024-06-28,209.40191650390625,214.8204096554565,209.08377504858177,214.52214161134154,82542700,209.02555193219865,207.23691925876884,63.70528948885903,6.184255664835405
2024-07-01,215.49647521972656,216.25207446959737,210.6944066158183,210.86342163866271,60402900,210.70364815848214,208.33819338689653,72.52619467866457,6.316898096980793
2024-07-02,218.9961395263672,219.10550398155982,213.85604047340246,214.89995598050683,58046200,211.63537270682198,209.7592528721593,65.64138839070235,6.6280082879722215
2024-07-03,220.26873779296875,220.26873779296875,217.76330717829083,218.72769869983824,37369800,212.23758370535714,211.16051752826723,61.36727125498743,6.897740541065133
2024-07-05,225.031005859375,225.14037030398515,220.36812707547224,220.36812707547224,60412400,213.09686933244978,213.00991597241494,64.78490570566785,7.410358527662453
2024-07-08,226.50247192382812,226.53229721329785,221.95889400104966,225.7766827586142,59085900,214.18553706577845,214.8089234326034,68.85607114608091,7.844915684381249
2024-07-09,227.3574676513672,228.0733048889389,225.0608295018841,226.61180512644188,48076100,215.03843252999442,216.48206266177192,66.08623150063335,8.16418473204854
2024-07-10,231.6326141357422,231.73204187894612,227.9241899064988,227.97390377810078,62627700,216.36571175711495,218.5021361916346,73.80887583404498,8.662322483452584
2024-07-11,226.25390625,231.04602295166967,224.46431311990926,230.0518062316796,64710600,217.6361792428153,219.53570553275,72.33455998583659,8.52481470824327
2024-07-12,229.20672607421875,231.29458734662404,227.357482286545,227.59609977127653,53046500,219.27308545793807,220.8251749382792,78.22673889738397,8.55548438933323
2024-07-15,233.04440307617188,235.8580383346859,231.7419815445035,235.11237576276483,62631300,221.13795144217355,222.4544053566649,79.81375269296097,8.788154420094259
2024-07-16,233.46197509765625,234.9035862928846,230.98637002864072,233.64092682357534,43234300,222.96659960065568,223.92208132213042,79.57725026513528,8.903606435423171
2024-07-17,227.5563201904297,230.12140106352723,225.3292693500046,228.12301581337556,57345900,224.07657078334265,224.40664650457035,67.25542322596168,8.421488318817552
2024-07-18,222.8834991455078,229.10730558155058,220.9845567217071,228.94822726389444,66034600,224.7924041748047,224.20356019002867,60.256360605131206,7.575028419673288
2024-07-19,223.01275634765625,225.4883615119168,221.9887143107171,223.5198165983548,49151500,225.76460702078683,224.04478634437902,64.94868511901969,6.835833592655575
2024-07-22,222.66477966308594,226.46267958300487,221.7998008147913,225.69712847330965,48201800,226.27662876674108,223.86078545353996,59.01024652733558,6.151032285053105
2024-07-23,223.70870971679688,225.6275559695254,221.3921828247117,223.07241159149987,39960300,226.61324092320032,223.84050868864088,56.313243741907684,5.627686281557459
2024-07-24,217.27610778808594,223.499913948863,215.87427379105335,222.70453756630337,61777600,226.39948163713728,222.96525523523354,46.47784124398067,4.6403821502428
2024-07-25,216.23220825195312,219.57277716709376,213.3787958392943,217.663867640833,51391200,225.77099609375,222.06751563746283,38.65096722183909,3.730697387495752
2024-07-26,216.69949340820312,218.22064384945838,214.76075857434793,217.4352041073067,41601300,225.07078334263392,221.3517793402282,37.01947983199322,3.012742644104236
2024-07-29,216.97787475585938,218.0317421116191,214.50226952108,215.70527849563507,36311800,224.32938385009766,220.76859206231236,36.04283029932213,2.438116298592206
2024-07-30,217.53463745117188,219.05578793157815,214.87012855591783,217.92238139381377,41643800,223.32238551548548,220.3373981141603,28.936455428976572,2.004539789357409
2024-07-31,220.795654296875,222.52559687691686,219.35404306544518,220.1593561933901,50036300,222.93251037597656,220.39849893852227,41.29400311526479,1.9021374317582058
2024-08-01,217.09716796875,223.1817695634113,215.76492117798517,223.07240511518174,62501000,222.06754193987166,219.95832147588598,31.133835535937408,1.5051949381561656
2024-08-02,218.58847045898438,224.29527941783883,216.45091075724687,217.8825699715424,105568600,221.03497532435827,219.77567467363244,25.70182241974335,1.296011189533317
2024-08-05,208.05972290039062,212.26525508834706,194.86646368766287,197.93858949976783,119548600,219.22052873883928,218.21354777053352,18.134159628381624,0.2774513397611429
2024-08-06,206.03152465820312,208.7755724881847,199.90716125146164,204.11269368890086,69660500,217.68304334368025,216.5892780222228,20.088387377763368,-0.6855210671552356
2024-08-07,208.6065673828125,212.40446750854989,205.19639601521322,205.70344110024527,63516400,216.66326250348772,215.52491660363478,28.93194430746631,-1.2267579085920488
2024-08-08,212.0763702392578,212.96122253044004,207.6222834948103,211.87752992550045,47161100,215.88209206717355,215.06511042171786,35.30981051250781,-1.3600303296184961
2024-08-09,214.9894256591797,215.5262960046125,210.7441160828828,210.8733691090516,42201600,215.33385249546595,215.0550191200461,40.354811741154634,-1.2165666336241543
2024-08-12,216.52230834960938,218.49313190431408,214.60125621149956,215.06908018890428,38028100,214.82053811209542,215.2506576839879,41.07888093152661,-0.9680210545216994
2024-08-13,220.2449951171875,220.8621181746332,217.9954546002453,217.9954546002453,44155300,215.03260149274553,215.91656934174785,53.951398583362405,-0.4652935674463379
2024-08-14,220.69288635253906,221.99681536538918,218.68223972219693,219.54821978702563,41960600,215.35122135707311,216.55341160985336,56.03258319242482,-0.030387049482357043
2024-08-15,223.67898559570312,224.30607198028108,221.72805861485108,223.55954635601313,46414000,215.84975651332311,217.5034881413,58.83695769771719,0.5489053136134316
2024-08-16,225.00283813476562,225.77922361016536,222.6139468974481,222.88270038911833,44340200,216.422968183245,218.5034014737621,59.89860556299209,1.1021179907947385
2024-08-19,224.84356689453125,224.94310972106823,222.00676340736013,224.67435623990076,40687800,216.94503457205636,219.348756863198,59.104674157747596,1.5102815792138813
2024-08-20,225.46070861816406,226.11765487642407,224.4056213968942,224.72414631778543,30299000,217.27825273786272,220.16368376386015,56.220991300391454,1.8620873591572717
2024-08-21,225.35121154785156,226.92389412945442,224.00747444255492,225.4706659840429,34765500,217.86782727922713,220.855354135059,62.172140867648444,2.107763490436639
2024-08-22,223.48985290527344,227.28220046938023,222.86276654997636,226.73474533285912,43695300,218.21792602539062,221.20662063775427,57.14997366758656,2.1277402429947188
2024-08-23,225.78916931152344,227.16278137803022,223.29080225181497,224.61464290366072,38677300,219.48431505475725,221.81762712759019,84.0347472139017,2.3025650445801773
2024-08-26,226.12757873535156,226.2271215594374,222.8528263811224,225.70952621277567,30602200,220.91974748883928,222.39228734195837,91.25431097941066,2.4402916090384963
2024-08-27,226.97366333007812,227.7898720189865,223.84820980142854,224.9530683997657,35934600,222.23168291364397,223.00313747370765,90.58605198171698,2.5878813738311806
2024-08-28,225.44078063964844,228.79516410710562,224.6345202420592,226.864148811834,38052200,223.186283656529,223.32815656249977,82.2961161325341,2.551741614545193
2024-08-29,228.7255096435547,231.8410150307569,227.8197366882459,229.03408635152135,51906300,224.1674325125558,224.04780363997378,82.60852870988448,2.7563769759342165
2024-08-30,227.93917846679688,229.3326870197365,226.42621547495946,229.12366833084764,52990800,224.98292323521204,224.56665361688354,78.09884332281808,2.8225648492363007
2024-09-03,221.738037109375,227.9391727978887,220.1454429272487,227.4912604304481,50190600,225.08956909179688,224.18950474921573,53.27507584541192,2.3475775208981418
2024-09-04,219.82691955566406,220.75260404502964,216.47252073588626,220.6331648046219,43840200,225.0277143205915,223.60782672340886,48.21503382352386,1.796229609557713
2024-09-05,221.34983825683594,224.43546851590304,220.49382156548631,220.60331260233696,36615400,224.86134665352958,223.30676159453247,44.89088792507319,1.4652784117684519
2024-09-06,219.79705810546875,224.1965806221913,218.75191919539128,222.91254804497814,48423000,224.48950522286552,222.838801129324,38.69438254970395,1.0654193312060443
2024-09-09,219.8866424560547,220.24497537072617,215.7061019102892,219.79706302441255,67180000,224.13543919154577,222.4451799728881,39.20214961838557,0.7471442239038311
2024-09-10,219.09034729003906,220.45399594379384,215.72600018375593,217.905857501112,51591000,223.68041338239397,221.99786894850823,36.230679521480106,0.4257467992538011
2024-09-11,221.6285400390625,222.05654079085224,216.88063262193214,220.43410202901993,44587100,223.41450827462333,221.9486250939155,42.718104078678344,0.37156479924493624
2024-09-12,221.738037109375,222.51442259643306,218.8017058249269,221.46928361366915,37455600,223.2893785749163,221.92054669597675,46.32114921829187,0.33361496667890833
2024-09-13,221.46926879882812,223.00212806640087,220.8820056188433,222.54426752163744,36766600,222.98081425258093,221.86037630969028,40.0822957616912,0.278640104805163
2024-09-16,215.31790161132812,216.213726272445,212.92901053484562,215.53686848493908,59357400,222.2086944580078,220.98804634990867,30.41135374608254,-0.2583141079711879
2024-09-17,215.78570556640625,215.89519659483264,213.50632075947794,214.75053008791312,45519300,221.40955461774553,220.29440091210836,29.444035127264,-0.6387432855763961
2024-09-18,219.66766357421875,221.67831024616868,216.5322467283196,216.54221012404864,59894900,220.99718911307198,220.2108359337231,40.23573776702572,-0.6198493439250399
2024-09-19,227.8097686767578,228.75538000957175,223.58941994126667,223.94775287051627,66781300,220.93177904401506,221.22402696612772,48.66974917322032,0.0515300697528005
2024-09-20,227.1428680419922,232.01021467188832,226.56555305015522,228.90467282845125,318679900,220.8748997279576,222.01320577624298,48.839212193710345,0.5237522939948462
2024-09-23,225.42088317871094,228.38707413181643,224.7639369712135,226.2868480598011,54146000,221.13796016148157,222.46756276323873,56.174863779423205,0.7503919701164818
2024-09-24,226.31671142578125,228.28755007923567,224.6843092769655,227.59078065470555,43556100,221.6015167236328,222.98078258491105,61.26465903426634,0.990869274877042
2024-09-25,225.32135009765625,226.2370864319121,222.98224544035924,223.88801837861104,42308700,221.88519614083427,223.29285825327707,57.022158310648024,1.0885834188147783
2024-09-26,226.4660186767578,227.44147457763864,224.36579263659118,226.24703661091274,36636700,222.3615504673549,223.71594630974118,61.96427173367336,1.2440471684514591
2024-09-27,226.73475646972656,228.45675318264773,226.24703611440785,227.40166606122023,34026000,222.85070146833147,224.11845433107257,62.20720794233645,1.3731098484497295
2024-09-30,231.92062377929688,231.92062377929688,228.58613663255096,228.97432934379907,54541900,223.76714978899275,225.15874359083583,69.77597986758705,1.8722667780044446
2024-10-01,225.16207885742188,228.58613014733984,222.70352002656801,228.4567427059963,63285000,224.01954541887557,225.1591882930473,54.81941802531519,1.702864586275183
2024-10-02,225.7294464111328,226.31670960653594,221.98686997976517,224.84356992020335,32880600,224.30464608328683,225.23522270879204,55.37675584589954,1.5959962969112098
2024-10-03,224.6245880126953,225.75930638603796,222.28548343692833,224.09704443839323,34044200,224.53002602713448,225.15380474931249,54.15683844923293,1.4059427358884875
2024-10-04,225.74935913085938,226.9437971307691,223.09172964492672,226.8442543024003,37245100,225.27513013567244,225.2332120001854,65.84039579440639,1.3307435651870207
2024-10-07,220.66305541992188,224.64452599576788,220.30472246057153,223.4600360693569,39505400,225.6235122680664,224.6238577894836,56.49529417215388,0.8509166417970278
2024-10-08,224.72413635253906,224.93315503301397,222.2158058701156,223.26094483680066,31855700,225.98468889508928,224.63722826455768,56.70186324098362,0.7892476834318813
2024-10-09,228.47666931152344,228.68570318762718,223.78849648056692,224.1866374402548,33591100,226.0323246547154,225.14915373748644,51.000306688089054,1.0312846309174404
2024-10-10,227.97897338867188,228.43684913724616,226.11764095959848,226.72481576308653,28183500,226.0920464651925,225.52646302431117,51.26050072209358,1.1694599477123404
2024-10-11,226.4958953857422,228.34727968813561,226.28686151162026,228.23778864704394,31759200,226.16883305140905,225.65572067250199,51.63243251259104,1.1460815666459894
2024-10-14,230.228515625,230.65651637799863,227.54102629778745,227.64055393917852,39882100,226.4482476370675,226.2654266661684,55.468991328596864,1.4124632921143245
2024-10-15,232.76669311523438,236.38983016358188,231.29353829774286,232.527799450427,64751400,226.9800578526088,227.13226219271053,59.9786658464579,1.8075461726325273
2024-10-16,230.70628356933594,231.0447048824563,228.7752681420796,230.52712470524975,34082200,227.28293391636439,227.6087983762606,55.546883732813825,1.9321220705437554
2024-10-17,231.07456970214844,232.76670668063704,229.4521309302649,232.348638945834,32993800,227.59292057582311,228.07090121971234,55.6623599809512,2.0370847353931936
2024-10-18,233.911376953125,235.0859033854084,232.92595759952005,235.0859033854084,46431500,227.73511723109655,228.84963131750072,52.76704605225204,2.322403814935541
2024-10-21,235.384521484375,235.75281781754072,233.36392650842956,233.36392650842956,36254500,228.46529170445032,229.7209500064173,66.65590976534375,2.6369940670421386
2024-10-22,234.76739501953125,235.12572795126604,231.52250221800776,232.80651969699693,38846600,229.11085946219308,230.39380934149918,64.70211822735908,2.804187235262958
2024-10-23,229.69100952148438,234.05072423456664,226.7049068825192,232.99563706556216,52287000,229.47274671282088,230.30010269883053,57.29854821684734,2.4982686551329607
2024-10-24,229.50189208984375,229.75073396519565,227.35189464165862,228.91461372105516,31109500,229.74078478131975,230.1936746176323,55.5555605756389,2.2150322669784828
2024-10-25,230.33799743652344,232.1396101862481,228.50652487676712,228.6757355296476,38802300,230.43185206821985,230.2129176601511,66.3856716306826,2.034578745316452
2024-10-28,232.31878662109375,233.6426273223557,231.4727332926884,232.23917058038825,36087100,230.97432708740234,230.4937001882768,63.83750070199064,2.028023371326867
2024-10-29,232.58753967285156,233.24448591818899,231.24380255804743,232.02018805231754,35417200,231.26796068464006,230.7728787862201,58.579149428332684,2.0212150069871484
2024-10-30,229.03407287597656,232.38845656475567,228.48661770128336,231.5324398883544,47070900,231.34332493373327,230.54103799818762,51.952856038187825,1.70937959236079
2024-10-31,224.8634796142578,228.76531846185907,224.32597264925337,228.27758291037028,64370100,231.22672380719865,229.78403021366364,47.25199020208206,1.1128870888854863
2024-11-01,221.87738037109375,224.30607958110733,219.2496106921502,219.9463649274566,65276700,230.63021414620536,228.7298102346543,35.57924380748014,0.39465983640729974
2024-11-04,220.98153686523438,221.75792231303782,218.69220372782075,219.96627293386246,44944500,229.78841727120536,227.69670711873164,28.425680733862947,-0.24401467054764225
2024-11-05,222.4148712158203,222.91255498009295,220.11557465497725,220.7725208689619,28111300,229.19617353166853,226.99246233167682,34.46477868171931,-0.6272798241488431
2024-11-06,221.68824768066406,225.02273483375984,220.16533664224426,221.57875664968802,54561100,228.52572195870536,226.2852337115418,32.64632401397452,-0.9783745732317755
2024-11-07,226.42620849609375,226.82436463330757,223.52970043689453,223.5894200604507,42137700,227.9910670689174,226.30403034948208,37.07016798438766,-0.8643422509321965
2024-11-08,226.15716552734375,227.8511489598711,225.60910803907555,226.366414165256,38328800,227.33197021484375,226.28444837319697,33.36888424410769,-0.786612750900531
2024-11-11,223.4368133544922,224.90161465065876,220.7164746065314,224.20409384410638,42005600,226.52264295305525,225.90476370403633,31.017282695779457,-0.9337574726313562
2024-11-12,223.4368133544922,224.79200315214243,222.5698957238352,223.75568869738083,40398300,226.07591465541296,225.57570365743044,37.374484121190164,-1.0384006879745584
2024-11-13,224.32366943359375,225.8482560889112,221.97201694486657,223.21759527142092,48566200,225.70604160853796,225.40876576091887,39.8329945929363,-1.0378061331387585
2024-11-14,227.4127197265625,228.06041440281584,224.204108600429,224.2240421118748,44923900,225.4970932006836,225.67595962300467,44.72329001192903,-0.7790934969121963
2024-11-15,224.20408630371094,226.1172926822584,223.47667285882866,225.59912786989784,47923700,224.91747174944197,225.47970984709883,35.9833319715663,-0.8234792145471772
2024-11-18,227.21340942382812,228.92732633570628,224.3734848929754,224.45320372664565,44633700,224.53360530308314,225.71086979066274,41.52002430836958,-0.608810006935073
2024-11-19,227.4724884033203,229.34584301691135,225.8582238051146,226.17708394083317,36211800,224.42206355503626,225.94575227235043,47.25003358860674,-0.41301660651672023
2024-11-20,228.18994140625,229.11664435033194,225.0909420304879,227.25326410482543,35169600,224.65966796875,226.2449774902037,56.669022206314686,-0.19767775858753112
2024-11-21,227.71163940429688,229.34583747298603,224.9115819089953,228.07036655131708,42108300,225.07640075683594,226.44053241208277,63.004406520943554,-0.06486739345879755
2024-11-22,229.05685424804688,229.9038535446,227.2532593649619,227.2532593649619,38168300,225.65320914132255,226.78937532354468,67.64616443398793,0.14723612679543407
2024-11-25,232.04624938964844,232.42491005721112,228.92733167542056,230.64124862727573,90152800,226.3411647251674,227.49029186569186,69.70631686608114,0.5502064616318592
2024-11-26,234.22850036621094,234.73670603206307,232.50462429580293,232.50462429580293,45986200,227.23689705984933,228.38871966576107,74.21560735403833,1.033736500313438
2024-11-27,234.09896850585938,234.85628986853752,232.9829351774668,233.640604190904,33498400,227.78495134626115,229.1500861777742,68.02430281740627,1.3904570773685236
2024-11-29,236.490478515625,236.96877632211965,233.14236346053607,233.97938842310504,28481400,228.5230451311384,230.12880515615433,72.0731708907052,1.8448690735341131
2024-12-02,238.7424774169922,239.93822952974793,236.32108052902282,236.4306920263062,48137100,229.6163068498884,231.2772947909327,83.36224742300958,2.359512355271079
2024-12-03,241.79165649414062,241.90126799408412,238.05492154808562,238.96170621081686,38861000,230.927367074149,232.67920968469377,85.31437613577314,2.9790732305324354
2024-12-04,242.150390625,243.2465056559754,240.3966217802532,242.01088645785893,44383900,232.20070430210657,233.94203381006795,85.00974514001597,3.4591515879079395
2024-12-05,242.18026733398438,243.6749612569442,241.27349790971317,243.12691898237586,40033900,233.25552913120814,235.04046494659016,82.96256636408594,3.7982441513786114
2024-12-06,241.98097229003906,243.7646488451358,241.2236661935451,242.0507319698173,36870600,234.52530670166016,235.96586592571668,95.83764158203614,4.004731949436831
2024-12-09,245.8771514892578,246.36542364679892,240.89483838917155,240.97455722335047,44649200,235.85843113490515,237.2873706675222,96.01968186651156,4.431678485751377
2024-12-10,246.8935546875,247.33200068563022,244.47214254503118,246.0166626912396,36914800,237.2456501552037,238.56819520351922,96.1629832631036,4.796757896276375
2024-12-11,245.61807250976562,249.91282389632013,245.38887516358946,247.0828737526952,45205800,238.49051666259766,239.50817884435207,90.35531416635222,4.926376999788374
2024-12-12,247.0828857421875,247.8601253939288,244.81093690846672,246.01666340683192,32777500,239.87417711530412,240.51813976406345,92.89495700077173,5.088640578063149
2024-12-13,247.2522735595703,248.40815863747187,245.36895982515324,246.9433725816478,33155300,241.1738499232701,241.41602427013106,92.50464271583728,5.171292374644452
2024-12-16,250.15196228027344,250.49077111704125,246.7739547032778,247.11276354004562,51694800,242.4671151297433,242.5808160048167,92.47309672578992,5.408430148835208
2024-12-17,252.58334350585938,252.93211150871377,248.89643481128522,249.1953766416157,51356400,243.7781753540039,243.91448633828907,92.56005768538115,5.72654365773414
2024-12-18,247.1725616455078,253.38051965426092,246.86366065893745,251.26802371656945,56774100,244.71200343540735,244.34889637925158,74.35040740751268,5.478888809376372
2024-12-19,248.90640258789062,251.1085917693189,246.21595643132494,246.6245097734382,60882300,245.5988551548549,244.9565638737368,73.70623600828344,5.360731851686438
2024-12-20,253.5897979736328,254.09798847685343,244.82092317346877,247.16260139536695,147495300,246.6593780517578,246.10766175372294,75.94013024529495,5.580671965730062
2024-12-23,254.36703491210938,254.74568039470608,252.55346551957817,253.8688035675433,40858800,247.55761936732702,247.20891150817445,73.86537120564518,5.7513941246372156
2024-12-24,257.28668212890625,257.2966260773909,254.386956808638,254.58626151312842,23234700,248.63878304617745,248.55261425760537,76.18064309075439,6.052514179541021
2024-12-26,258.1037292480469,259.1799258751944,256.7186620602343,257.27667867815336,27237100,249.7761731828962,249.8260962563309,76.81206784566182,6.2846374778780785
2024-12-27,254.68588256835938,257.78489719249416,252.16483330495137,256.917949151404,42355300,250.6836667742048,250.4740677646014,69.30067060887949,6.122231922607256
2024-12-30,251.30787658691406,252.60328106925755,249.86300878941353,251.33776924994547,35557500,251.07157570975167,250.58524227424306,58.3820528714539,5.655751515569136
2024-12-31,249.5341796875,252.38406352835983,248.54767617168994,251.5470385357527,39480700,251.26019178118025,250.44510059601066,53.982572562925,5.084330913912851
2025-01-02,242.9874267578125,248.21885574509324,240.96460876578237,248.0494437119358,55740700,251.0722885131836,249.4507440842509,46.57677699747907,4.056447520344818
2025-01-03,242.49916076660156,243.31625226562878,241.03435939639962,242.49916076660156,40244100,250.74487958635603,248.52386630856435,43.87971272856924,3.1659484574773558
2025-01-06,244.1333465576172,246.45510633108967,242.33971076643533,243.4457849039297,45045600,250.5220990862165,247.93846367510474,45.992309387550875,2.5625472210955422
2025-01-07,241.3532257080078,244.681407317594,240.496267218822,242.12049100282684,40856000,249.89361790248327,247.06043194615847,38.65914377847339,1.8388181251455364
2025-01-08,241.84146118164062,242.84789810210984,239.20084146962273,241.06422159829904,37628900,249.12634059361048,246.3645691775561,35.424482595840885,1.289786271512753
2025-01-10,236.01217651367188,239.31046533751606,232.1757893628752,239.16098682233465,61710900,248.32917022705078,244.98425015570487,35.02667698998553,0.37992052923866027
2025-01-13,233.5708465576172,233.8398957390806,228.90740850459227,232.7039288898965,49630700,247.23377336774553,243.46246300929317,29.80838040882651,-0.5320167927324349
2025-01-14,232.45480346679688,235.28475371553364,231.6476711610837,233.91960476413306,39435300,245.72413090297155,241.99477507029368,19.287405490959188,-1.3294638095816822
2025-01-15,237.02854919433594,238.11470496290485,233.60071548412043,233.80997931617492,39832000,244.4856676374163,241.33261162016598,27.308146856456574,-1.574236442129063
2025-01-16,227.4525604248047,237.1680713225123,227.22337827123218,236.51041752509497,71759100,242.3546589442662,239.48193812745114,16.747931364182293,-2.5119663957726175
2025-01-17,229.16647338867188,231.4682996512766,227.67177943063626,231.2989028272768,68488300,240.28771209716797,238.10654282894723,18.37970919960864,-3.081306306543553
2025-01-21,221.85243225097656,223.62613445935494,218.6039696546368,223.20762199269615,98070400,237.94246564592635,235.9393280852178,16.937499443010182,-4.075712010507374
2025-01-22,223.03822326660156,223.32719072748344,219.0125058897086,219.0125058897086,64126500,235.92320469447546,234.21918077606898,20.21826564172798,-4.713764922503174
2025-01-23,222.8688507080078,226.2269251350915,221.51366083038826,223.94503224654224,60234800,234.01853833879744,232.70580343366083,20.92560815282657,-5.17345701010845
2025-01-24,221.991943359375,224.831867935065,220.6267944226493,223.9848686181573,54697900,232.51886095319475,231.2772887570894,23.877913665513674,-5.544610576526509
2025-01-27,229.04689025878906,231.32878288695173,223.18768539696657,223.22755241503756,94863400,231.557984488351,230.97990229064936,35.613746971342636,-5.209426175601351
2025-01-28,237.4171905517578,239.3403714135585,229.99354669273774,230.03341371427896,75707600,231.07825905936105,231.8382073921305,43.72204767221544,-4.219734371726844
2025-01-29,238.5133056640625,239.01153699982427,233.1822242894862,233.2918357915463,45486100,230.87540762765067,232.72822049505476,47.25908271159023,-3.3088072871202314
2025-01-30,236.74954223632812,239.93821947161274,236.37089679279623,237.825723654139,55658300,230.51169913155692,233.26439672722455,45.2036822400677,-2.698109847123817
2025-01-31,235.16519165039062,246.31561143302469,232.61424963135997,246.31561143302469,100959800,230.4512002127511,233.51783605031338,49.13283816936807,-2.315282442618809
2025-02-03,227.2034454345703,231.00994009075862,224.90161912474946,229.1764524471141,73063300,229.9963858468192,232.67591730154766,44.14298234139227,-2.624086511090667
2025-02-04,231.97650146484375,232.3053359547129,225.84824721606736,226.44613087124998,45067300,229.96222141810827,232.5826618566538,49.58777046234516,-2.45536629438908
2025-02-05,231.64767456054688,231.84696405052938,227.46253445166022,227.72160926815613,39620300,229.57787322998047,232.45799688383954,44.996315071202694,-2.3214279141891154
2025-02-06,232.39501953125,232.9729696905443,229.61488023403817,230.47183871784506,29925300,229.93090602329798,232.44959990349426,55.4988949887937,-2.1304181552391697
2025-02-07,226.8247833251953,233.1722451327125,226.4560818290891,231.77720359418535,39707200,229.76364244733537,231.69962435972107,47.60056999068465,-2.4008376920976673
2025-02-10,227.0941162109375,230.02693972945139,226.64521806905947,229.0094413336025,33115600,230.13804844447546,231.08555660654991,56.27715151858464,-2.5638596324592697
2025-02-11,232.052001953125,234.6556296697615,227.57297502290857,227.64279618723114,53718400,230.78188977922713,231.2144159860933,59.89998903961926,-2.2668647443918815
2025-02-12,236.29161071777344,236.38140252594314,230.11672290007743,230.63545743654387,45243300,231.74065835135323,231.89137528365063,63.53253010565439,-1.6701408167387513
2025-02-13,240.94024658203125,241.74826634141837,234.99480784534867,236.33153226758247,53614100,233.09410858154297,233.09789145676805,67.75311059288546,-0.8127577752265154
2025-02-14,244.00274658203125,244.9504238462646,240.40156080072015,240.66092045804314,40896200,234.16238403320312,234.55187214013648,65.14556880851609,0.1125452661318036
2025-02-18,243.87306213378906,244.58131995427482,241.2494791133952,243.55383619329416,48822500,234.62351771763392,235.7946974726235,57.847540785355044,0.8258700261267222
2025-02-19,244.27207946777344,245.40929524371262,242.56626341463,244.06260076305156,32204200,235.03485870361328,236.92501507197684,57.12085185997201,1.4071615197041183
2025-02-20,245.229736328125,246.1774135823035,243.69348816231408,244.34191013103748,32316900,235.64058685302734,238.03231123946327,60.69924194820236,1.9229475788061166
2025-02-21,244.95042419433594,248.08275639920348,244.6212281548445,245.34944139409683,53197400,236.33953203473772,238.95472630011298,62.766173884411764,2.282858223227038
2025-02-24,246.49664306640625,248.25234005966587,243.82317911276243,244.3319283268952,51326400,237.71761757986886,239.96031520228541,80.23129204206754,2.6621691142264865
2025-02-25,246.43678283691406,249.38956194785018,244.3119941197594,247.3944454522674,48013300,238.75049482073103,240.8238442202359,76.58519069193329,2.9242367271671696
2025-02-26,239.77308654785156,244.3818005030484,238.5460942392985,243.7333937698084,44433600,239.3308813912528,240.68374319725132,62.11627190513528,2.5646588085240296
2025-02-27,236.72056579589844,241.86796980219768,236.48114634623442,238.82541422357912,41153600,239.63984898158483,240.15531954373762,56.03516879925095,2.0102054070549116
2025-02-28,241.24948120117188,241.49887076126774,229.63790389196947,236.37142201455794,56833400,240.67018454415458,240.30120776472884,70.72821079543834,1.9141772712014813
2025-03-03,237.4487762451172,243.43412542285543,235.53346633482454,241.19958958341564,47184000,241.40980311802454,239.92088356211397,63.50858585677618,1.5139374272868338
2025-03-04,235.35391235351562,239.4838181516717,234.10696453181083,237.1295800554318,53798100,241.6456538609096,239.31195406763422,54.65540446346051,1.0159947043509021
2025-03-05,235.1643829345703,235.97240266650644,228.67026910680244,234.84515699420854,47227600,241.5651375906808,238.75894458322568,48.20580077622177,0.5991711962163038
2025-03-06,234.75538635253906,237.27920752401755,232.59068676229822,233.86756011302523,45170400,241.1233618600028,238.22513681913415,38.619674636871004,0.23314540186086674
2025-03-07,238.4862518310547,240.78062356819368,234.1867631010968,234.53591456798168,46273600,240.72932652064733,238.2599521540569,40.09315794925364,0.24133502677040042
2025-03-10,226.92454528808594,235.583358769024,223.6725108894593,234.96486230654432,72071200,239.51871817452567,236.74856457192743,28.422652118303617,-0.6773002337996274
2025-03-11,220.30076599121094,225.2885573705892,216.91904404485373,223.26351528828414,76137400,237.80648149762834,234.55552476116523,23.657102191362398,-1.9177028435832995
2025-03-12,216.45018005371094,221.20853706339403,214.38524243690583,219.60246770742089,62547500,235.75079890659876,232.14147880017134,20.263865454537424,-3.1748433352247787
2025-03-13,209.1680145263672,216.31053552178076,207.9110965632093,215.4227092543014,61368300,233.19491250174386,229.07835023033078,17.70214702362982,-4.70451540538474
2025-03-14,212.96871948242188,213.42758776028128,209.06826301296118,210.7341834889886,60107600,230.80006081717355,226.93039946394293,20.92058448766808,-5.5461735788973385
2025-03-17,213.4774627685547,214.69448503570536,209.4573042902151,212.78914514941675,48073400,228.4458236694336,225.13667457122452,21.634612354156104,-6.10180460849466
2025-03-18,212.170654296875,214.62463892519543,210.97358751075308,213.63706605687162,42432400,226.4742213657924,223.40787186797792,23.832038113346528,-6.571838659526861
2025-03-19,214.7144317626953,218.22582565599035,213.22806456968678,213.6969181399133,54385400,224.90235464913505,222.24874652060691,28.934300803427078,-6.6622837887370565
2025-03-20,213.5772247314453,216.9589465476154,211.70181037410745,213.46749271646212,48862900,222.92576490129744,221.09254361538535,21.670753656812167,-6.7479392652409445
2025-03-21,217.73703002929688,218.30563028145062,210.764092813104,211.04340788811464,94127800,221.51778302873885,220.64514180390688,29.96754995827054,-6.4063123439809715
2025-03-24,220.19102478027344,220.93919345594836,218.04628066528426,220.460369765545,44299500,220.4347196306501,220.58459286742243,34.70208385354495,-5.8698892506768345
2025-03-25,223.2036590576172,223.55281053469957,219.54262209652958,220.23093972638688,34493600,219.58038221086775,220.93380169278174,38.58312466573373,-5.142397320685461
2025-03-26,220.9890594482422,224.47054292972726,219.93165022699972,222.96422035625233,34466100,218.5970731462751,220.94116939350982,37.29747827791206,-4.690485409096084
2025-03-27,223.30340576171875,224.4406214835582,220.0214308095873,220.84940592957574,37094800,217.51258414132255,221.25613424260436,35.61436517733246,-4.098350326187813
2025-03-28,217.36793518066406,223.26350805320467,217.1484711493609,221.12873402087155,39818600,216.82996913364954,220.73770770101234,39.86458100703312,-4.061206813837401
2025-03-31,221.58761596679688,225.06908447075043,215.7020132379398,216.48010744476517,65299300,216.92188698904855,220.85102880311695,51.43812572153548,-3.6492114999814476
2025-04-01,222.64501953125,223.13381331282267,218.36548628233527,219.27326790744206,36412700,217.3643755231585,221.09022756686804,57.38406677771065,-3.2004854113347676
2025-04-02,223.3433074951172,224.6401362151353,220.4803202973195,220.77959080525144,35905900,218.37689644949776,221.39063822396793,70.04228548744811,-2.7567427360884267
2025-04-03,202.69386291503906,206.9833664271943,200.75859747782033,205.03811566571247,103419000,217.64297812325614,218.89773484944408,40.16048377174563,-4.0249143645929735
2025-04-04,187.92002868652344,199.39194860307396,186.88255957870848,193.4165691841804,125910900,215.81744711739677,214.7673740277213,30.77732095442009,-6.151167637467097
2025-04-07,181.0169219970703,193.6759230716255,174.19361217758157,176.76731422169505,160466300,213.59218052455358,210.26731375696784,28.387554343626377,-8.297611987310972
2025-04-08,171.99899291992188,189.87523506652792,168.79683943762106,186.244123618335,120859500,210.54107775006975,205.16487097869503,22.809251889919878,-10.604118432946251
2025-04-09,198.3644561767578,200.1201531468693,171.47028013366514,171.53013119082922,184395900,209.45445142473494,204.2581490051034,42.67038216373202,-10.187137884873607
2025-04-10,189.95504760742188,194.30440235729913,182.55316692796467,188.6083530498886,121880000,207.47002410888672,202.35106881874586,37.14101966137472,-10.415186995078557
2025-04-11,197.66615295410156,199.05275825525484,185.60567786476867,185.64558871717136,87435900,205.86110469273157,201.7264133701266,40.058116166601295,-9.860035449833617
2025-04-14,202.02549743652344,212.42005238891582,200.66881763194172,210.9237150406947,101352900,204.34837886265345,201.7662912456462,40.76233627968011,-8.964968605817916
2025-04-15,201.64642333984375,203.01307326666696,199.31214069618733,201.36710824854455,51343900,202.96676199776786,201.75030885820587,41.42567275892339,-8.19178005362258
2025-04-16,193.79563903808594,200.2099310657198,191.9002692932641,197.8756484915953,59732400,200.85906437465124,200.6896862155232,37.53161389506528,-8.11892531966538
2025-04-17,196.4990234375,198.34451232255947,193.9452767059697,196.71848747425943,52164700,199.36842782156808,200.13093117845344,40.9343054739318,-7.7536674384673745
2025-04-21,192.68833923339844,193.32677585155812,189.3465132845993,192.79807124065385,46742500,197.3041937691825,199.13858558577945,37.4010530482187,-7.683122055651182
2025-04-22,199.25228881835938,201.097762433896,195.49148998245192,195.64111763020085,52976400,195.63328443254744,199.1537460167901,40.26890683333265,-7.016674600164151
2025-04-23,204.10043334960938,207.4921254657249,202.30482537338813,205.49700887470834,52929200,194.258793422154,199.8133043278327,42.26234572408275,-6.027820481831981
2025-04-24,207.8612060546875,208.32008954356945,202.44447210591895,204.38970763388747,47311000,194.62788936070032,200.88635789141335,52.404377489686965,-4.884379455590192
2025-04-25,208.76898193359375,209.2378355121778,205.69650080604464,205.86608387594285,38222300,196.11710030691964,201.93737443037074,61.13834101645451,-3.8604434879314056
2025-04-28,209.62689208984375,210.98357193193158,206.95344326011445,209.48723454234343,38743100,198.16066959926061,202.96264345163382,66.34001446997655,-2.9457835180371035
2025-04-29,210.69427490234375,211.72175863443914,207.86119803545407,208.18042396697467,36827600,200.92461831229073,203.99352764506182,74.3075522156297,-2.1104520521024597
2025-04-30,211.9811248779297,213.0584895980106,206.16535854293033,208.78894157113288,52286500,201.89723750523157,205.0585406094442,62.48855938678873,-1.3292846428236942
2025-05-01,212.79913330078125,214.0360957896086,208.3899124386699,208.56948083895412,57365700,203.5289579119001,206.0906196349558,74.34097229267633,-0.6368561187131832
2025-05-02,204.8485870361328,206.48458191182934,201.66637387157866,205.58677037884885,101010600,204.04198891775948,205.92501528844605,57.61421943849524,-0.7213291295533679
2025-05-05,198.40435791015625,203.60164304236298,197.72602561272546,202.6040848015313,69018500,203.78333609444755,204.92226097134073,46.32367862957633,-1.293360972830186
2025-05-06,198.0252685546875,200.16004244803628,196.53891661034845,197.72601327833053,51216500,203.5246821812221,204.00266198245362,46.32366427728701,-1.7570356593342922
2025-05-07,195.7707977294922,198.95301083885846,192.77812311451905,198.6836658614824,68536700,203.66576494489397,202.9050800820588,52.26232987609303,-2.280134175735327
2025-05-08,197.00778198242188,199.56152863729463,194.20463054641704,197.2372161152265,50478900,203.70210484095983,202.11877366877388,50.60298312254906,-2.565307954155031
2025-05-09,198.0452423095703,200.0503289543839,197.05765414160055,198.51409591462888,36453900,204.0847407749721,201.57563615421344,56.79575905301106,-2.6767400569716813
2025-05-12,210.55104064941406,211.03050749278242,206.5156271207593,210.7308445260501,63775800,204.8917944771903,202.77235675357352,62.45578928634749,-1.735926708057292
2025-05-13,212.68861389160156,213.1580823159532,208.76307628033234,210.19144790738707,51909300,205.50523594447546,204.09452437197726,60.06942245398822,-0.808520928670049
2025-05-14,212.08929443359375,213.69746987061376,210.34127831689767,212.18917192393894,49325800,205.80724225725447,205.16049371352614,55.35426096312236,-0.12051600496076276
2025-05-15,211.21029663085938,212.71859464512332,209.30245815432872,210.71086343228015,45029500,205.98162187848772,205.9671341025039,53.0938261158109,0.34977311060427496
2025-05-16,211.0205078125,212.32903558469047,209.53220664773164,212.11926693678467,54737900,206.08116585867745,206.64091726383674,51.79652167344896,0.6991073767692626
2025-05-19,208.54331970214844,209.24252311349682,204.02843943795537,207.67431083672193,46140500,205.92752620152064,206.89457092227832,47.32443661610937,0.7672248314657111
2025-05-20,206.62550354003906,208.2336790492342,204.79757620413463,207.4345828831543,42496600,205.54498182024275,206.85869527131308,43.44112247613295,0.6588617208577148
2025-05-21,201.86090087890625,206.80528635778637,200.4824756537251,204.93741112479617,59211800,204.76367950439453,206.19232268565884,37.78502538936032,0.18637118862881152
2025-05-22,201.13172912597656,202.52015274475195,199.4736073247078,200.48247209416806,46742400,204.49818965366907,205.5175768777012,45.05111660111173,-0.24410513672586376
2025-05-23,195.04864501953125,197.4758830409797,193.24069928507132,193.45045269257122,78432900,204.2584958757673,204.12171929661187,45.488583605621145,-1.06385135868058
2025-05-27,199.98304748535156,200.51244545494848,197.20618488735448,198.07520901450675,56288500,204.3983372279576,203.56989638844382,52.344833106656694,-1.3003514628397
2025-05-28,200.1927947998047,202.50017366149785,199.67338002302156,200.36260025266836,45339700,204.71419416155135,203.1196161766253,55.568994421781575,-1.4540927676479782
2025-05-29,199.72332763671875,203.57895243464628,198.28495762525483,203.3492174371598,51396800,204.90816170828683,202.66677770463775,53.48733307571781,-1.5954248711183538
2025-05-30,200.622314453125,201.73105672211125,196.55692105301176,199.14398126681596,70819900,205.09223828996932,202.39418260443605,53.32131643625978,-1.6162596235699311
2025-06-02,201.47134399414062,201.9008644592711,199.89313329888972,200.05295557621693,35423300,204.44368852887834,202.27113745639667,33.27197397043618,-1.546435382206596
2025-06-03,203.03956604003906,203.5389992121068,200.7321872237246,201.1217444882778,46381600,203.7544708251953,202.37359460088234,31.842093172838375,-1.3490062506142806
2025-06-04,202.590087890625,206.00620910456834,201.8709028727957,202.67998220748078,43604000,203.0759560721261,202.40246037284803,32.02268605685376,-1.2148078232446267
2025-06-05,200.40257263183594,204.5178973620389,199.92310578136215,203.26931435006063,55126100,202.30397578648157,202.13580867404642,30.511524503154547,-1.2703252831490488
2025-06-06,203.68882751464844,205.4668084267123,201.82095228760733,202.76987228695742,46607700,201.78028433663505,202.34287785279335,38.107561585925765,-1.0371938404777268
2025-06-09,201.2216339111328,205.76647909477697,199.79326227022588,204.15830357568726,72862600,201.25730678013392,202.19337866057197,38.119921366285546,-1.0395342929048468
2025-06-10,202.44024658203125,204.11835001917973,200.34263633745982,200.3726011094186,54672600,200.95835985456193,202.2262943834332,43.05138607475324,-0.9323101688612212
2025-06-11,198.55465698242188,204.26817387189894,198.18508130061548,203.26930749599725,60989900,200.72219957624162,201.73674272996504,44.345740738807756,-1.1476396104612832
2025-06-12,198.97418212890625,199.45363372918547,197.13627162659284,198.85432303920933,43904600,200.5680890764509,201.36840131649055,46.27071786775485,-1.269800105893239
2025-06-13,196.227294921875,200.1428492549886,195.47814514596445,199.50357538920457,51447300,200.65227835518974,200.68292046387512,52.302868120820975,-1.5701641446883343
2025-06-16,198.195068359375,198.46476655376847,196.33717625414866,197.07634287373045,43020700,200.52456556047713,200.35120684994178,46.048539662306396,-1.6306251071951579
2025-06-17,195.418212890625,198.16509536417735,194.98870767431248,196.97644196425614,38856200,200.18352399553572,199.69347432203287,40.52338572561257,-1.8809277208293338
2025-06-18,196.35714721679688,197.3460303816964,194.84886452825484,195.71787336797544,45394700,199.94308253696985,199.2486307080014,43.44102134137277,-1.9806979394426492
2025-06-20,200.7721405029297,201.47134391409438,196.6368343380514,198.01527480684123,96813500,199.9537843976702,199.4517653473252,50.25675488393863,-1.6841002367337694
2025-06-23,201.27157592773438,202.07067208145295,198.73446202428119,201.40143343464243,55814300,199.93951525006975,199.69440675804643,49.65350853048659,-1.392690091188399
2025-06-24,200.07293701171875,203.2093768046809,199.9730442780961,202.36033429336192,54064000,199.7276131766183,199.74487745853608,44.78764913514884,-1.2441241061704886
2025-06-25,201.33151245117188,203.43912119943792,200.39257558111612,201.2216365357081,39525700,199.63771493094308,199.95642879088751,47.8498228388741,-1.0131490218135184
2025-06-26,200.7721405029297,202.41028074115465,199.23389299836737,201.20164572639828,50799100,199.6641126360212,200.06519035249312,50.66857098059654,-0.865262042512569
2025-06-27,200.85205078125,202.98962419564972,199.77327327657756,201.66113009938155,73188600,199.46148572649275,200.1701050763274,44.19461714531959,-0.7331610303450873
2025-06-30,204.93740844726562,207.15489297707504,199.0341046248948,201.78098710410558,91912800,199.72689819335938,200.80574552578582,57.131878707366205,-0.29541049725145285
2025-07-01,207.58441162109375,209.95171998702364,205.90630823197938,206.4357061767528,78788900,200.0943385532924,201.7095676718269,59.3602257595563,0.26207989436377943
2025-07-02,212.1991729736328,213.09814660534315,207.9040445567577,208.6731759252599,67941800,201.0689468383789,203.10818171206768,74.18552331144879,1.0640025609957604
2025-07-03,213.30792236328125,214.40666625629999,211.56988934364432,211.90950026104147,34955800,202.09278542654855,204.4681471322295,74.80122081940638,1.7686114099700205
2025-07-07,209.7119903564453,215.9848699115094,208.56330013289198,212.43889126622693,50229000,203.05597795758928,205.1673262287916,72.66617866652851,2.0136452892766954
2025-07-08,209.7719268798828,211.1903153368944,208.213697736729,209.86183643928914,42848900,203.88289642333984,205.78127298227045,70.79292553637565,2.187457136309405
2025-07-09,210.90065002441406,211.09043707809712,206.98509558510867,209.2924745188519,48749400,204.98878479003906,206.4638565878896,79.55755300747083,2.388746815613189
2025-07-10,212.16920471191406,213.23798377907798,209.7918979255535,210.27134950514616,44443600,206.11821746826172,207.2245696710929,79.81163525432233,2.620425464604864
2025-07-11,210.92062377929688,211.88952536572023,209.6220944658076,210.33129628612954,39765800,206.84310913085938,207.71737688552008,71.72794196917734,2.6724757794225695
2025-07-14,208.3834991455078,210.67091168904602,207.3047216270235,209.69201166358403,38840100,207.35110364641463,207.8061931868518,64.00468979392912,2.4804086674883763
2025-07-15,208.87295532226562,211.64980271899068,208.6831682659836,208.9828312368767,42296300,207.97967638288225,207.94842813824033,67.82676645470158,2.340706908221591
2025-07-16,209.92176818847656,212.1592191902425,208.40348697906978,210.06160887608695,47490500,208.593266078404,208.2115401449385,67.55099559487846,2.2882452239556414
2025-07-17,209.78192138671875,211.5599023237274,209.35240091776063,210.33130094399476,48068100,209.2368218558175,208.4209243105092,68.72921188006758,2.209910025898182
2025-07-18,210.9405975341797,211.54990664350106,209.46227954032304,210.63095139102305,48974600,209.95743233816964,208.75688074033195,70.0715049431731,2.2157821414523085
2025-07-21,212.23912048339844,215.53538252867688,211.39009321998003,211.8595616297783,51377400,210.47898319789343,209.22117937274083,66.33881483029347,2.298717599542641
2025-07-22,214.15695190429688,214.7063314773177,211.9894136266437,212.89838571641525,46404100,210.94845036097936,209.8792823769483,65.20329748678873,2.4904887116846055
2025-07-23,213.9072265625,214.90609293027538,212.1692088371252,214.75626907170553,46989300,211.07045418875558,210.41634160168854,54.950744210443446,2.592433986391086
2025-07-24,213.51766967773438,215.44548969662856,213.28793468034502,213.65751035981805,46022600,211.08543613978796,210.829852011828,50.63439524309715,2.611686470223816
2025-07-25,213.63754272460938,214.9960015887686,213.15807589620647,214.45660521718813,40268800,211.36583273751395,211.2042107735322,65.03441496890439,2.6065700385588855
2025-07-28,213.80735778808594,214.60645396318566,212.81847455673218,213.78737619229818,37858000,211.65407780238561,211.55129704213937,65.32624468583244,2.586403437177836
2025-07-29,211.03050231933594,214.5664825639156,210.58101550100253,213.93719187335407,51411700,211.6633529663086,211.48185774576558,50.43829831067161,2.3196131743473245
2025-07-30,208.81301879882812,212.14922883427738,207.48452469073794,211.65977882345743,45512500,211.42362540108817,211.1260125528406,39.35366204286783,1.907261853692063
2025-07-31,207.33470153808594,209.60211724381097,206.92516266487007,208.25365677749065,80698400,211.16748809814453,210.62050441753996,38.78831538722097,1.4445309594021865
2025-08-01,202.1505889892578,213.33788973606855,201.27158167093614,210.63095505795985,104434500,210.72228022984095,209.4911823604357,33.279820682134854,0.6519831783921859
2025-08-04,203.11949157714844,207.64435521756303,201.4513712516652,204.27816503495924,75109300,210.31131853376115,208.64162358933072,34.95301846298983,0.10090255152499594
2025-08-05,202.68995666503906,205.1072113881769,201.93082373064988,203.1694082424696,44155100,209.79476056780135,207.84806799942518,30.453563893054337,-0.36627055426885136
2025-08-06,213.0082550048828,215.1358452662651,205.35693489516686,205.39689808550258,108483100,210.02521296909876,208.5360929334862,55.6251991982586,0.0949967723391012
2025-08-07,219.7805633544922,220.59964108330854,216.33447747046458,218.63187314031333,90224800,210.6566390991211,210.035355656287,62.88957791202258,0.9955470900510477
2025-08-08,229.0900115966797,230.73813503605493,219.00145500716468,220.57966572513484,113854000,211.8602741786412,212.57597644833936,69.91733963181579,2.4323952376061584
2025-08-11,227.17999267578125,229.55999755859375,224.75999450683594,227.9199981689453,61806100,212.79049137660436,214.52317861199828,65.39575784076462,3.3780451801761444
2025-08-12,229.64999389648438,230.8000030517578,227.07000732421875,228.00999450683594,55626200,213.91497475760323,216.54008731659644,67.68273035652095,4.277479902870567
2025-08-13,233.3300018310547,235.0,230.42999267578125,231.07000732421875,69878500,215.33014133998327,218.77874258519088,70.72203902587563,5.226980903717987
2025-08-14,232.77999877929688,235.1199951171875,230.85000610351562,234.05999755859375,51916300,216.6974596296038,220.64557674440502,69.84286661503967,5.867450323002743
2025-08-15,231.58999633789062,234.27999877929688,229.33999633789062,234.0,56038700,217.96764809744698,222.10483269020312,68.05149946019122,6.207448102637869
2025-08-18,230.88999938964844,233.1199951171875,230.11000061035156,231.6999969482422,37476200,219.38618360246932,223.27618825012917,71.04721842914002,6.347247767704289
2025-08-19,230.55999755859375,232.8699951171875,229.35000610351562,231.27999877929688,39402600,220.93953922816686,224.2473628245911,74.00808169832908,6.358119179535976
2025-08-20,226.00999450683594,230.47000122070312,225.77000427246094,229.97999572753906,42263900,222.2734887259347,224.48238038222377,69.30756139623549,5.9312162624030975
2025-08-21,224.89999389648438,226.52000427246094,223.77999877929688,226.27000427246094,30621200,223.89844621930803,224.53806218412518,75.6831799422083,5.440608899579729
2025-08-22,227.75999450683594,229.08999633789062,225.41000366210938,226.1699981689453,42477800,225.65848214285714,224.9676531604866,76.67897600735917,5.222376867429034
2025-08-25,227.16000366210938,229.3000030517578,226.22999572753906,226.47999572753906,30983100,227.40634264264787,225.259966560703,76.39698327527762,4.944020571236706
2025-08-26,229.30999755859375,229.49000549316406,224.69000244140625,226.8699951171875,54575100,228.5707528250558,225.7999706937551,71.34754250222097,4.841102523839936
2025-08-27,230.49000549316406,230.89999389648438,228.25999450683594,228.61000061035156,31259500,229.33571297781808,226.42530866700966,66.4308282110925,4.7994311535792065
2025-08-28,232.55999755859375,233.41000366210938,229.33999633789062,230.82000732421875,38074700,229.5835691179548,227.24326718588753,56.84414800350801,4.87721584416613
2025-08-29,232.13999938964844,233.3800048828125,231.3699951171875,232.50999450683594,39418400,229.93785531180245,227.89616481305563,60.393978598046026,4.849073330788002
2025-09-02,229.72000122070312,230.85000610351562,226.97000122070312,229.25,44075600,229.94285583496094,228.13934300074197,50.14701245568479,4.578715971150984
2025-09-03,238.47000122070312,238.85000610351562,234.36000061035156,237.2100067138672,66427800,230.30999864850725,229.51676409673678,58.898894107241645,5.012724125610248
2025-09-04,239.77999877929688,239.89999389648438,236.74000549316406,238.4499969482422,47549400,230.80999864850725,230.8851953877448,61.80837339368211,5.400135172944971
2025-09-05,239.69000244140625,241.32000732421875,238.49000549316406,240.0,54870400,231.38857051304407,232.05916966156633,64.19063128877522,5.6349431497664
2025-09-08,237.8800048828125,240.14999389648438,236.33999633789062,239.3000030517578,48999500,231.88785661969865,232.83528102439914,61.78753883531869,5.610306367390933
2025-09-09,234.35000610351562,238.77999877929688,233.36000061035156,237.0,66313900,232.15857151576452,233.03724436828134,55.768662650915815,5.2454735855016565
2025-09-10,226.7899932861328,232.4199981689453,225.9499969482422,232.19000244140625,83440800,232.21428571428572,232.2042775573282,51.08756148622197,4.296780513569246
2025-09-11,230.02999877929688,230.4499969482422,226.64999389648438,226.8800048828125,50208600,232.5807146344866,231.91437372025737,56.751784945407344,3.762998282722833
2025-09-12,234.07000732421875,234.50999450683594,229.02000427246094,229.22000122070312,55824200,233.03142983572823,232.2017915341189,58.05465038594961,3.6241895438172946
2025-09-15,236.6999969482422,238.19000244140625,235.02999877929688,237.0,42699500,233.71285792759485,232.80155225600203,61.57766261259376,3.683934695094706
2025-09-16,238.14999389648438,241.22000122070312,236.32000732421875,237.17999267578125,63421100,234.3442862374442,233.51467780806635,60.91357572579089,3.8044306847576195
2025-09-17,238.99000549316406,240.10000610351562,237.72999572753906,238.97000122070312,46508000,234.95142909458704,234.24472149941272,60.58266835769698,3.922490511325435
2025-09-18,237.8800048828125,241.1999969482422,236.64999389648438,239.97000122070312,44249600,235.33142961774553,234.7294259505327,56.78572151473017,3.8817397226388266
2025-09-19,245.5,246.3000030517578,240.2100067138672,241.22999572753906,163741300,236.2857153756278,236.16550249046168,64.39654954123341,4.413438974780945
2025-09-22,256.0799865722656,256.6400146484375,248.1199951171875,248.3000030517578,105517400,238.16857147216797,238.82076703470221,74.15687915239884,5.623704394904593
2025-09-23,254.42999267578125,257.3399963378906,253.5800018310547,255.8800048828125,60275200,239.3085708618164,240.90199712017943,66.8141533170993,6.3762067990437
2025-09-24,252.30999755859375,255.74000549316406,251.0399932861328,255.22000122070312,42303700,240.20357077462333,242.42306384530136,62.97907772026622,6.723994464744038
2025-09-25,256.8699951171875,257.1700134277344,251.7100067138672,253.2100067138672,55202100,241.4307131086077,244.34932134821952,66.28744392958157,7.283611450069543
2025-09-26,255.4600067138672,257.6000061035156,253.77999877929688,254.10000610351562,46076300,242.6864275251116,245.8307460636392,66.79404679616331,7.5265759796172915
2025-09-29,254.42999267578125,255.0,253.00999450683594,254.55999755859375,40127700,244.12071228027344,246.97731227859146,70.14445028861279,7.5489934971123205
2025-09-30,254.6300048828125,255.9199981689453,253.11000061035156,254.86000061035156,37704300,246.10928453717912,247.9976712924876,82.76837852720342,7.4964840530085155
2025-10-01,255.4499969482422,258.7900085449219,254.92999267578125,255.0399932861328,48713900,247.9249986921038,248.9913147132549,81.7274206197905,7.435326629907252
2025-10-02,257.1300048828125,258.17999267578125,254.14999389648438,256.5799865722656,42630200,249.57214137486048,250.07647340252925,80.58356599287815,7.43669592989437
2025-10-03,258.0199890136719,259.239990234375,253.9499969482422,254.6699981689453,49155600,251.0949979509626,251.13560881734827,79.6440575336502,7.4240159567916635
2025-10-06,256.69000244140625,259.07000732421875,255.0500030517578,257.989990234375,44664100,252.4192842755999,251.87619463388936,75.86499194485033,7.223381539544164
2025-10-07,256.4800109863281,257.3999938964844,255.42999267578125,256.80999755859375,31955800,253.66857038225447,252.49003681421453,74.83674023919197,6.967120138850703
2025-10-08,258.05999755859375,258.5199890136719,256.1099853515625,256.5199890136719,36496900,255.10999843052454,253.23269824679844,78.27919189845701,6.812986971549634
2025-10-09,254.0399932861328,258.0,253.13999938964844,257.80999755859375,38322000,255.7199979509626,253.34033758537637,63.31048791590146,6.29390238886333
2025-10-10,245.27000427246094,256.3800048828125,244.0,254.94000244140625,61999100,254.94785635811942,252.26429314365433,32.14403275378055,5.115886542205203
2025-10-13,247.66000366210938,249.69000244140625,245.55999755859375,249.3800048828125,38142900,254.46428571428572,251.65038787944835,39.08416606471194,4.3252941744284215
2025-10-14,247.77000427246094,248.85000610351562,244.6999969482422,246.60000610351562,35478000,254.14000047956193,251.1330033985167,42.17241301292633,3.665368075435566
2025-10-15,249.33999633789062,251.82000732421875,247.47000122070312,249.49000549316406,33893600,253.60214342389787,250.89393579043323,35.52477196835834,3.231802913917761
2025-10-16,247.4499969482422,249.0399932861328,245.1300048828125,248.25,39777000,253.02999986921037,250.43474394480776,34.881045778740884,2.7045162643929075
2025-10-17,252.2899932861328,253.3800048828125,247.27000427246094,248.02000427246094,49147000,252.87714276994978,250.68211052365112,46.468641114105246,2.646675819333211
2025-10-20,262.239990234375,264.3800048828125,255.6300048828125,255.88999938964844,90483000,253.42071315220423,252.22316115174763,59.50062330648086,3.364929633811954
2025-10-21,262.7699890136719,265.2900085449219,261.8299865722656,261.8800048828125,46695900,253.94356972830636,253.62940486667088,59.205236812888025,3.931596432292622
2025-10-22,258.45001220703125,262.8500061035156,255.42999267578125,262.6499938964844,45015300,254.03785596575057,254.27215251205226,51.55661599585421,3.986148094022184
2025-10-23,259.5799865722656,260.6199951171875,258.010009765625,259.94000244140625,32754900,254.14928436279297,254.97986372008071,51.82927003830452,4.073602216033862
2025-10-24,262.82000732421875,264.1300048828125,259.17999267578125,261.19000244140625,38253700,254.58714185442244,256.0252162006325,56.879927004299184,4.354160779406357
2025-10-27,268.80999755859375,269.1199951171875,264.6499938964844,264.8800048828125,44888200,255.46785518101282,257.72985371502733,62.249160356073304,5.002185532603846
2025-10-28,269.0,269.8900146484375,268.1499938964844,268.989990234375,41534800,256.24928392682756,259.232539886357,61.17696724500893,5.468049160405201
2025-10-29,269.70001220703125,271.4100036621094,267.1099853515625,269.2799987792969,51086700,257.36785670689176,260.6282028624469,67.1635645667914,5.826569510264505
2025-10-30,271.3999938964844,274.1400146484375,268.4800109863281,271.989990234375,69886500,259.2342845371791,262.06444166698526,83.89108810172858,6.176672944666109
2025-10-31,270.3699951171875,277.32000732421875,269.1600036621094,276.989990234375,86167100,260.85642678397045,263.1718487936789,80.53243779951421,6.298415927177359
2025-11-03,269.04998779296875,270.8500061035156,266.25,270.4200134277344,50194600,262.37642560686385,263.9556006602509,77.7083493107111,6.216722056532831
2025-11-04,270.0400085449219,271.489990234375,267.6199951171875,268.3299865722656,49274800,263.85499790736606,264.76685504487375,77.36650568674679,6.160847066223084
2025-11-05,270.1400146484375,271.70001220703125,266.92999267578125,268.5899963378906,40379287,265.47571345738004,265.4832763253489,81.48768814629132,6.054838975905113
