Price,Close,High,Low,Open,Volume
Ticker,AAPL,AAPL,AAPL,AAPL,AAPL
Date,,,,,
2018-01-02,40.38100051879883,40.39037927837602,39.67774378235682,39.88872294945866,102223600
2018-01-03,40.37395477294922,40.917808184692305,40.310664263179795,40.44428113852945,118071600
2018-01-04,40.56150817871094,40.664653082783424,40.33881090507213,40.446641612457654,89738400
2018-01-05,41.02329635620117,41.11003018101677,40.56618034076445,40.65760354385179,94640000
2018-01-08,40.87093734741211,41.1663038787812,40.77247826000714,40.87093734741211,82271200
2018-01-09,40.866249084472656,41.037373887540824,40.65058411611103,40.91782153092313,86336000
2018-01-10,40.856868743896484,40.859215222157154,40.554469935001535,40.591977817686534,95839600
2018-01-11,41.088932037353516,41.13816156527211,40.90374273640681,40.927182473124866,74670800
2018-01-12,41.51323699951172,41.576531096215895,41.175673253020285,41.29991496847226,101672400
2018-01-16,41.30226135253906,42.05240102251029,41.290539693628176,41.703115617875326,118263600
2018-01-17,41.98442459106445,42.01958599375267,41.03971675139146,41.29288600464342,137547200
2018-01-18,42.02192687988281,42.21884145633942,41.78516510025594,42.04771309960045,124773600
2018-01-19,41.83438491821289,42.0969328565533,41.588244437545065,41.86954631104513,129700400
2018-01-22,41.49212646484375,41.674972837685615,41.398360378187846,41.56245281830914,108434400
2018-01-23,41.50151824951172,42.064125725414605,41.4499493850786,41.562469449479835,130756400
2018-01-24,40.8404541015625,41.56246462005955,40.60134586266364,41.55074296166244,204420400
2018-01-25,40.111412048339844,41.01157962956729,39.97544867769382,40.908434756873895,166116000
2018-01-26,40.20517349243164,40.32004001039495,39.86526689378004,40.32004001039495,156572000
2018-01-29,39.37300491333008,39.888725842062925,39.164372209467516,39.888725842062925,202561600
2018-01-30,39.14091873168945,39.23468484824336,38.60878689902846,38.803354988978484,184192800
2018-01-31,39.24874496459961,39.48551028405784,39.03073715866626,39.11747098550671,129915600
2018-02-01,39.33080291748047,39.52771393582206,39.09169463695222,39.18780724481486,188923200
2018-02-02,37.624237060546875,39.101076987659056,37.530470922328185,38.91354113427278,346375200
2018-02-05,36.6842155456543,38.41657110176653,36.56934899508362,37.29604902768845,290954000
2018-02-06,38.21731948852539,38.37906912938004,36.1005167472301,36.29508489659518,272975200
2018-02-07,37.3991813659668,38.30403826062876,37.28900779840522,38.2313689901966,206434400
2018-02-08,36.370086669921875,37.74143850604499,36.34195754982027,37.57499953256489,217562000
2018-02-09,36.8149528503418,37.16330635492814,35.3626915731979,36.97030099389213,282690400
2018-02-12,38.29779815673828,38.575538427519355,37.07384751018911,37.30686962921548,243278000
2018-02-13,38.68145751953125,38.777961959059944,38.04829932625277,38.11891241838428,130196800
2018-02-14,39.39464569091797,39.43465894197301,38.33781603447305,38.37547324094573,162579600
2018-02-15,40.71745681762695,40.74099212471423,39.77831079062471,39.96425516020043,204588800
2018-02-16,40.58563995361328,41.14818868716067,40.430295449475395,40.56916559945333,160704400
2018-02-20,40.449127197265625,41.01637726422879,40.347914249791,40.496201399832955,135722000
2018-02-21,40.26554489135742,40.98343473257969,40.25141939484181,40.679803000841424,149886400
2018-02-22,40.602115631103516,40.94340805868193,40.41617129051592,40.437354141051635,123967600
2018-02-23,41.30824279785156,41.34354755166451,40.84690699601769,40.87750684367652,135249600
2018-02-26,42.125,42.223856918735805,41.47536728050816,41.50831958675342,152648800
2018-02-27,41.98848342895508,42.4804155826652,41.93434826539465,42.155601009770486,155712400
2018-02-28,41.9249267578125,42.51336331613137,41.90845240177607,42.19325368474463,151128400
2018-03-01,41.1905517578125,42.315641969931974,40.63977609913264,42.023776195954,195208000
2018-03-02,41.47536849975586,41.49655135620795,40.590357520525785,40.672740084326755,153816000
2018-03-05,41.61894607543945,41.835490315892,41.077583678542055,41.23999275676447,113605600
2018-03-06,41.58363723754883,41.95552959990914,41.456536512162586,41.875503084238844,95154000
2018-03-07,41.19762420654297,41.390633141156364,41.01874076764662,41.17644135026552,126814000
2018-03-08,41.647178649902344,41.68954435025559,41.207029335754214,41.30353018373586,95096400
2018-03-09,42.36272430419922,42.36743280236171,41.75310488306619,41.88727014420893,128740800
2018-03-12,42.77227783203125,42.92997840234038,42.416863435501575,42.43569024525722,128828400
2018-03-13,42.36037063598633,43.19124275701398,42.188548169066856,42.977050990910776,126774000
2018-03-14,42.0002555847168,42.489835316423324,41.8519683972268,42.442761101968,117473600
2018-03-15,42.0496826171875,42.423931065450915,41.91316847154397,42.01437785392321,90975200
2018-03-16,41.90139389038086,42.16030383619884,41.807241880648185,42.04967746947042,157618800
2018-03-19,41.26116180419922,41.77192417730216,40.87514766274428,41.736619429300205,133787200
2018-03-20,41.24705505371094,41.61423893390935,41.176441940242285,41.24705505371094,78597600
2018-03-21,40.3126106262207,41.21173977252435,40.310254581530835,41.19997032366961,148219600
2018-03-22,39.74300765991211,40.644489331080045,39.684164002489396,40.01368704744385,165963200
2018-03-23,38.822689056396484,39.994853617877645,38.822689056396484,39.63473074903987,164115200
2018-03-26,40.665679931640625,40.74335399835745,39.17575794250631,39.559419777386694,150164800
2018-03-27,39.62297058105469,41.225871488689315,39.288738984896526,40.879870440874605,163690400
2018-03-28,39.1851692199707,40.0183974601968,38.8815375134174,39.36640869913229,166674000
2018-03-29,39.49115753173828,40.42559515689415,39.284026695472384,39.49821848374443,153594000
2018-04-02,39.23225021362305,39.76419929273477,38.712074178433,39.22283680663136,150347200
2018-04-03,39.63473892211914,39.71947394352662,38.80857515704541,39.45820792681457,121112000
2018-04-04,40.39265060424805,40.48679904342445,38.78268859021559,38.80857994971901,138422000
2018-04-05,40.67273712158203,41.009321121354404,40.50326709924583,40.62095441522754,107732800
2018-04-06,39.63239288330078,40.59742699224518,39.59002356997306,40.242012490456815,140021200
2018-04-09,40.02547073364258,40.7410082821338,39.97839650926724,39.98545746334688,116070800
2018-04-10,40.778648376464844,40.9551793218175,40.37380378780024,40.719804728013955,113634400
2018-04-11,40.588008880615234,40.93636238839856,40.413830330957346,40.538578619383784,89726400
2018-04-12,40.98814010620117,41.19056244243671,40.729226562807334,40.816317622784545,91557200
2018-04-13,41.12700271606445,41.3882686648598,40.91987551099226,41.13877216433172,100497200
2018-04-16,41.383575439453125,41.47066291645523,41.15055322750271,41.197627442327295,86313600
2018-04-17,41.95317459106445,42.11793611080051,41.52243859491263,41.541268995958426,106421600
2018-04-18,41.85903549194336,42.08970528222643,41.633077792789294,41.8519745383156,83018000
2018-04-19,40.67273712158203,41.28235655639959,40.639784816768426,40.89869475700905,139235200
2018-04-20,39.00629425048828,40.300855056651756,38.93803357854131,40.154923896883815,261964400
2018-04-23,38.893314361572266,39.288742109648695,38.62263131807293,39.2675592499016,146062000
2018-04-24,38.35194778442383,39.14986774043818,37.947103080746636,38.99451960242738,134768000
2018-04-25,38.51906204223633,38.93567620006558,38.227199759614614,38.27662642743111,113528400
2018-04-26,38.653221130371094,39.008635520485086,38.453151262893755,38.62968223130373,111852000
2018-04-27,38.20601272583008,38.679114452308156,37.808229015445676,38.601440391268724,142623200
2018-04-30,38.898006439208984,39.36875565537939,38.093025710541376,38.16128635814372,169709600
2018-05-01,39.801856994628906,39.825392306035944,38.900371603342236,39.1686985758024,214277600
2018-05-02,41.560096740722656,41.837837057450194,40.90810806336872,41.244692032779035,266157600
2018-05-03,41.63542938232422,41.7790080889956,41.05876210165591,41.3977022348823,136272800
2018-05-04,43.2689208984375,43.36777781715899,41.93669956186944,41.95552996422572,224805200
2018-05-07,43.58197784423828,44.17276701480724,43.48547336073916,43.58668275206797,169805600
2018-05-08,43.79145050048828,43.8314637564863,43.23125773345237,43.541953968070146,113611200
2018-05-09,44.09977722167969,44.10919062370293,43.59607581246432,43.90912440481524,92844800
2018-05-10,44.7306022644043,44.80827633919342,44.16805692717325,44.18924337777579,111957200
2018-05-11,44.56047821044922,44.90781348080531,44.29111653194672,44.77313444424495,104848800
2018-05-14,44.45650863647461,44.7825793299708,44.387988363034815,44.65971153736071,83115200
2018-05-15,44.05247116088867,44.20133015878554,43.73585375444353,44.132806274992966,94780800
2018-05-16,44.46358871459961,44.529751056550694,43.94849517910468,43.96503666593764,76732400
2018-05-17,44.18241882324219,44.63608030646676,44.03355985337533,44.421062595632634,69176000
2018-05-18,44.02175521850586,44.37617867238944,43.979226134623104,44.22968479850641,73190800
2018-05-21,44.33363723754883,44.721139961624786,44.16351373864906,44.421060511429246,73603200
2018-05-22,44.22257995605469,44.62898565181635,44.132791561178365,44.51084454503402,60962800
2018-05-23,44.50611877441406,44.53919814075431,43.89178356480317,44.03119281366184,80233600
2018-05-24,44.45650863647461,44.619543983222705,43.99812405110959,44.60300609875713,92936000
2018-05-25,44.55811309814453,44.810933264665934,44.338368701451394,44.47541285742939,69844000
2018-05-29,44.39744186401367,44.59828325725864,44.15407138817943,44.326560059698224,90056400
2018-05-30,44.30292510986328,44.421066243489584,44.1328015890109,44.35490749708936,74762000
2018-05-31,44.1540641784668,44.475408191958955,43.98157914049399,44.23676441050668,109931200
2018-06-01,44.95033264160156,44.955055690317835,44.36198859216259,44.418697625184166,93770000
2018-06-04,45.326026916503906,45.701714849155046,45.21261243983928,45.28113270970008,105064800
2018-06-05,45.675716400146484,45.82457535582119,45.45124900716665,45.6190109735128,86264000
2018-06-06,45.834041595458984,45.857671268669066,45.347300612539556,45.75134494998757,83734400
2018-06-07,45.71116638183594,45.88601294210965,45.44652780606369,45.87183658375028,85388800
2018-06-08,45.29532241821289,45.36620783903784,44.83929924708105,45.170093070421125,106627200
2018-06-11,45.18425750732422,45.35910768515719,44.94325218766686,45.21261383139903,73234000
2018-06-12,45.432350158691406,45.51032373283676,45.16535006589498,45.22205910310459,67644400
2018-06-13,45.05903244018555,45.57412971242266,44.997600342098146,45.465438271549324,86553600
2018-06-14,45.08265686035156,45.2645952138166,44.94561271407489,45.25986855901223,86440400
2018-06-15,44.61954879760742,44.93144316510567,44.48250463055957,44.90072531229338,246876800
2018-06-18,44.59591293334961,44.709327403259046,44.23203625120954,44.392710055180494,73939600
2018-06-19,43.875240325927734,44.0264607829264,43.345966923742374,43.74528440068355,134314000
2018-06-20,44.0666389465332,44.232035797910484,43.88470060732771,44.031198051731266,82514800
2018-06-21,43.820919036865234,44.503774772257074,43.69805122549126,44.24386278769328,102847600
2018-06-22,43.69331359863281,43.98393975902918,43.641331214772514,43.976851579901044,108801600
2018-06-25,43.04353332519531,43.69330945646864,42.703286337776724,43.33415945804006,126652400
2018-06-26,43.57753372192383,44.07372789004416,43.13096041276794,43.237290309780164,98276800
2018-06-27,43.51374816894531,44.25094777319124,43.4830303169745,43.76656834896281,101141200
2018-06-28,43.830360412597656,43.998122408091795,43.42868128083608,43.499566681824895,69460800
2018-06-29,43.73820877075195,44.22967629833149,43.21838852603281,44.01702010364107,90950800
2018-07-02,44.22731018066406,44.25566650255156,43.33889021144508,43.43340527543501,70925200
2018-07-03,43.45703125,44.40924843482453,43.367242840735415,44.37144240930459,55819200
2018-07-05,43.80672073364258,44.04536807559281,43.54208580949544,43.77364136812418,66416800
2018-07-06,44.41396713256836,44.52265492974039,43.759464403860584,43.811446778292556,69940800
2018-07-09,45.03065490722656,45.054280960220076,44.72821402802411,44.77546973939081,79026400
2018-07-10,44.97633361816406,45.19607440885067,44.936162457669376,45.061395383515986,63756400
2018-07-11,44.3927116394043,44.84164648596165,44.32891442044935,44.53920548515606,75326000
2018-07-12,45.13700866699219,45.22679709707444,44.7306028118793,44.7825852076762,72164400
2018-07-13,45.207881927490234,45.32838457332759,45.10627868833329,45.14881136681647,50055600
2018-07-16,45.108646392822266,45.51977521113344,44.992866789356334,45.25277871330797,60172400
2018-07-17,45.236244201660156,45.335482331916154,44.70460904325766,44.834565025276824,62138000
2018-07-18,44.98814010620117,45.318937427873614,44.87708715743599,45.31421077324628,65573600
2018-07-19,45.337833404541016,45.49614205886663,44.82037476728147,44.82037476728147,81147200
2018-07-20,45.2338752746582,45.46779239863314,44.93379580262433,45.314210375712605,82704800
2018-07-23,45.27402877807617,45.356728983454765,44.78964958667287,45.054284475276454,63957600
2018-07-24,45.60247802734375,45.75842519055261,45.378010592326866,45.47252205800304,74791600
2018-07-25,46.03250503540039,46.0395932137554,45.46778705365949,45.61664600987609,66839600
2018-07-26,45.88838195800781,46.30187593695004,45.7466111516465,45.982893425327774,76304000
2018-07-27,45.125186920166016,46.11993686334562,44.91726097420194,46.07268113041657,96096000
2018-07-30,44.87236404418945,45.413448823361634,44.673887814697736,45.34256342557714,84118000
2018-07-31,44.9621467590332,45.39927035389456,44.73767934763721,44.96451188892407,157492000
2018-08-01,47.610877990722656,47.67231008374114,46.620854690382096,47.05089015765555,271742800
2018-08-02,49.00257873535156,49.2364994753582,47.33915317811474,47.393497089492804,249616000
2018-08-03,49.14434814453125,49.32155983804991,48.55127736944488,48.91751559045967,133789600
2018-08-06,49.3995361328125,49.44206521101312,48.92697159077175,49.14671237223766,101701600
2018-08-07,48.93642044067383,49.50113491433572,48.853720205108345,49.45860583687777,102349600
2018-08-08,48.9694938659668,49.10181134249521,48.32444436520038,48.68595590120866,90102000
2018-08-09,49.354637145996094,49.567289727173105,48.95768109431642,49.50821916513716,93970400
2018-08-10,49.207637786865234,49.57990373485978,49.00372221427533,49.16732935737988,98444800
2018-08-13,49.52535629272461,50.01854743640567,49.247936952783796,49.62968567554519,103563600
2018-08-14,49.73401641845703,49.92607568843563,49.380719838430274,49.83123276583713,82992000
2018-08-15,49.85020065307617,49.968756111957894,49.397317931821874,49.60834650391032,115230400
2018-08-16,50.580509185791016,50.69669123482444,50.141852484591766,50.20824326061828,114001600
2018-08-17,51.590599060058594,51.67832895060167,50.54256913331326,50.60895990745815,141708000
2018-08-20,51.08791732788086,51.96996656839502,51.00492706368577,51.71388997413222,121150800
2018-08-21,50.98832321166992,51.49811378616675,50.74884251987117,51.40564068556872,104639200
2018-08-22,50.99070358276367,51.30131830611395,50.70379778037172,50.765448934519426,76072400
2018-08-23,51.095035552978516,51.464928024494725,50.88400697022757,50.89585962229423,75532800
2018-08-24,51.25390625,51.42936604578099,51.0049390170926,51.35823565182986,73905600
2018-08-27,51.675968170166016,51.865657680010756,51.29421934313807,51.488648467659736,82100400
2018-08-28,52.09326934814453,52.29244165624201,51.90832311662178,51.92966223148389,91107200
2018-08-29,52.871002197265625,52.99193110548901,52.02451792983301,52.19997772917483,109019200
2018-08-30,53.357078552246094,54.12294593300696,52.73347557537078,52.93502133674126,195175200
2018-08-31,53.973567962646484,54.26758323195385,53.58707594738155,53.70800123220705,173360400
2018-09-04,54.14665603637695,54.3410851316682,53.73645511085106,54.15851230733975,109560400
2018-09-05,53.793357849121094,54.45726920533211,53.3736740899167,54.296035502637366,133332000
2018-09-06,52.899444580078125,53.90716593065943,52.47264422563863,53.6415992556608,137160000
2018-09-07,52.472652435302734,53.437692092413734,52.332757847190166,52.603064177622024,150479200
2018-09-10,51.7684326171875,52.60306414955983,51.32740611850492,52.38966213005324,158066000
2018-09-11,53.0772819519043,53.18398114443549,51.3487412844018,51.69255140168033,142996000
2018-09-12,52.41812515258789,53.34996955075509,52.126476047398114,53.33574347109244,197114800
2018-09-13,53.684288024902344,54.14428382079878,52.773782896668074,52.999037562836996,166825600
2018-09-14,53.074913024902344,53.7862458594256,52.761928459085574,53.52779579787503,127997200
2018-09-17,51.66173553466797,52.863886183544494,51.51709770879258,52.67419669776966,148780400
2018-09-18,51.74708938598633,52.60305996683925,51.48152269069633,51.640386575704554,126286800
2018-09-19,51.77790832519531,52.07429696307462,51.04997971193693,51.80873390130288,108495200
2018-09-20,52.1715087890625,52.70500829106966,51.96285004828724,52.22130366784752,106435200
2018-09-21,51.60956573486328,52.48687544958484,51.52183223077317,52.34935067644082,384986800
2018-09-24,52.35172653198242,52.46316897106099,51.365347701921,51.410399362573116,110773600
2018-09-25,52.68367004394531,52.83305106472694,52.0932626162121,52.10511888450074,98217600
2018-09-26,52.26398849487305,53.05356829176948,52.10749441951869,52.40151326248517,95938800
2018-09-27,53.338104248046875,53.691400844636,53.003776960471846,53.070171351034034,120724800
2018-09-28,53.525421142578125,53.549130064099145,53.11759006495077,53.300162870962296,91717600
2018-10-01,53.885833740234375,54.397994265747464,53.67006552324894,54.04944087627544,94403200
2018-10-02,54.36479949951172,54.53551967663719,53.73645691566524,53.8834645500687,99152800
2018-10-03,55.02633285522461,55.35828669549664,54.48334682317725,54.54736778452454,114619200
2018-10-04,54.058929443359375,55.09273338076516,53.76016731617522,54.72046743436145,128168000
2018-10-05,53.18160629272461,54.15850573672969,52.30192681160914,54.05180654706137,134322000
2018-10-08,53.058311462402344,53.30253542001235,52.21182374324933,52.68841900691634,118655600
2018-10-09,53.793357849121094,53.888204396023134,52.697906463089694,53.02749052526942,107564000
2018-10-10,51.30132293701172,53.670062521507774,51.227819124762505,53.45903393039437,167962400
2018-10-11,50.84844970703125,52.04586089776042,50.343405772244935,50.86504921253518,212497600
2018-10-12,52.664703369140625,52.84727977943593,51.415127884018034,52.263985359932555,161351600
2018-10-15,51.53842544555664,52.59831145957878,51.51708633285087,52.43944759050496,123164000
2018-10-16,52.674190521240234,52.87336644786293,51.39616278070378,51.910693053592425,116736000
2018-10-17,52.446563720703125,52.790373822884185,52.0079070819727,52.709756980336294,91541600
2018-10-18,51.220706939697266,52.102759937440126,50.50463087851335,51.65699020665962,130325200
2018-10-19,52.00080108642578,52.463166708392414,51.55503134933697,51.70441240336693,132314800
2018-10-22,52.318538665771484,52.96111104268475,51.91308089765292,52.11462306898985,115168400
2018-10-23,52.81172180175781,52.93502051095604,50.907721129484436,51.175657665426925,155071200
2018-10-24,51.00019073486328,53.16738456128527,50.86977899548912,52.78089619299104,163702000
2018-10-25,52.11697769165039,52.49161335606598,51.393788707114766,51.62141676806011,119423200
2018-10-26,51.28709411621094,52.20945547540686,50.426380295404556,51.192247574812846,189033600
2018-10-29,50.324424743652344,52.09090043654111,48.86619036324804,51.972344972346896,183742000
2018-10-30,50.57575607299805,51.02152210808481,49.620199428271974,50.06596546335874,146640000
2018-10-31,51.89408493041992,52.27109034377753,51.36295528140828,51.42460642287978,153435600
2018-11-01,52.69078826904297,52.72398365270438,51.40801733965286,51.939147096260946,233292800
2018-11-02,49.19577407836914,50.65874806253091,48.709695954834366,49.68659543348698,365314800
2018-11-05,47.79920196533203,48.46311343815228,46.9882828415255,48.44177431811101,264654800
2018-11-06,48.31608963012695,48.54134426396523,47.82289851861433,47.87743301315881,127531600
2018-11-07,49.781436920166016,49.80751926608168,48.401453247422836,48.83773647180707,133697600
2018-11-08,49.60774612426758,49.995582995692075,49.193732269955774,49.96227178653937,101450400
2018-11-09,48.65121841430664,49.01764160241697,48.12299538098316,48.90819207624631,137463200
2018-11-12,46.20046615600586,47.551957204167856,46.11004846587322,47.34970825433935,204542000
2018-11-13,45.73886489868164,46.91665841008263,45.5532733698863,45.59610413918867,187531600
2018-11-14,44.44686508178711,46.27422906847281,44.23985633891213,46.136224450106,243204000
2018-11-15,45.54376220703125,45.67700704876969,44.47065835463488,44.825187661199365,185915200
2018-11-16,46.04819107055664,46.3908227451404,45.07978424233005,45.32723843472403,147713200
2018-11-19,44.22319793701172,45.37481805625231,44.01619284637753,45.20826202754382,167701200
2018-11-20,42.110313415527344,43.17865753982973,41.7605438730966,42.44104746094793,271300800
2018-11-21,42.06272888183594,42.89313478673896,42.00800409397385,42.76464608227143,124496800
2018-11-23,40.99437713623047,42.01989398446868,40.94917192107717,41.624915640839525,94496000
2018-11-26,41.54877471923828,41.62729477489528,40.51136383731913,41.458360655982794,179994000
2018-11-27,41.4583625793457,41.58446956319541,40.65888990269772,40.808788533497605,165549600
2018-11-28,43.052547454833984,43.135823663787434,41.62253625141104,42.05082582673446,184250000
2018-11-29,42.721805572509766,43.49510474126908,42.28161843957183,43.461793537686944,167080000
2018-11-30,42.49100875854492,42.907400653298076,42.12220378277658,42.89788109111159,158126000
2018-12-03,43.97575759887695,44.004309032582015,43.11680020529711,43.8900996671115,163210000
2018-12-04,42.04130554199219,43.397552697905496,41.941371923203754,43.05492107311704,165377200
2018-12-06,41.572574615478516,41.58685033070264,40.5494393335014,40.86827574233966,172393600
2018-12-07,40.09021759033203,41.517847109590086,40.045008741318256,41.27990885638041,169126400
2018-12-10,40.35433578491211,40.470923224403286,38.862461677140615,39.25981818919566,248104000
2018-12-11,40.12352752685547,40.875409623836234,39.73568702462761,40.84448012074256,189126800
2018-12-12,40.2353630065918,40.906347041677016,40.216327509267764,40.544679853820156,142510800
2018-12-13,40.6755485534668,41.06101103888062,40.34243641115861,40.566098976986986,127594400
2018-12-14,39.37403106689453,40.23061044700413,39.32644413036634,40.21157494626274,162814800
2018-12-17,39.00760269165039,40.05691139092145,38.7196957717659,39.366888191907,177151600
2018-12-18,39.514404296875,39.86179208564838,39.11466617547559,39.350226334370745,135366000
2018-12-19,38.28187561035156,39.84274957079023,37.85358613812176,39.49773991811714,196189200
2018-12-20,37.31585693359375,38.57217062840605,36.95181169422482,38.165294615238025,259092000
2018-12-21,35.86443328857422,37.632316466814686,35.602703378224795,37.32299599944741,382978400
2018-12-24,34.93647384643555,36.05954268213559,34.87936735913485,35.250550449965445,148676800
2018-12-26,37.39675521850586,37.41103093294613,34.91030117218417,35.28624405192659,234330000
2018-12-27,37.1540641784668,37.30158839364941,35.707402506101154,37.08030388620066,212468400
2018-12-28,37.173095703125,37.71797638628019,36.773361143660004,37.47527832909076,169165600
2018-12-31,37.532379150390625,37.91783793600413,37.23257464544732,37.72034876183257,140014000
2019-01-02,37.57520294189453,37.796487372519124,36.697210336780685,36.854250431978905,148158800
2019-01-03,33.83244323730469,34.67236504107236,33.78723438504044,34.258351143686504,365248800
2019-01-04,35.276737213134766,35.34574136535265,34.21553424292716,34.38922821568607,234428400
2019-01-07,35.19820785522461,35.41235448462619,34.715193439506045,35.38142134656096,219111200
2019-01-08,35.86919403076172,36.12378972115468,35.33859270778415,35.58604690991342,164101200
2019-01-09,36.47831344604492,36.768598408813624,35.602702406686625,35.99767715234844,180396400
2019-01-10,36.59489822387695,36.63534728478305,35.895359290285356,36.28557781798725,143122800
2019-01-11,36.235618591308594,36.571112433090754,36.05002702578016,36.37600493397239,108092800
2019-01-14,35.69072341918945,35.9929058940534,35.505131947861514,35.892972304157446,129756800
2019-01-15,36.421207427978516,36.49734577535337,35.70263294063492,35.754979642864214,114843600
2019-01-16,36.86616134643555,37.08982393275848,36.40456045647552,36.42359595644454,122278800
2019-01-17,37.085052490234375,37.5133420282532,36.46641164302394,36.69007415902539,119284800
2019-01-18,37.313480377197266,37.56569435663353,37.11360947574702,37.47527665432627,135004000
2019-01-22,36.47593307495117,37.292059498948234,36.314133183117846,37.215921149758586,121576000
2019-01-23,36.623443603515625,36.91372846860248,36.09522056249846,36.67816836739804,92522400
2019-01-24,36.33317565917969,36.75670551912618,36.10475693707266,36.66866951484015,101766000
2019-01-25,37.537132263183594,37.625171873385156,36.71862783649916,36.99463341228096,134142000
2019-01-28,37.18975830078125,37.19689615957579,36.561601312308746,37.0684074399732,104768400
2019-01-29,36.804290771484375,37.62518072781439,36.66866784216678,37.1778556073389,166348800
2019-01-30,39.31929397583008,39.53343693856728,38.124843000043,38.84341749805906,244439200
2019-01-31,39.60243606567383,40.21155729948408,39.155111071185516,39.52391602106797,162958400
2019-02-01,39.621482849121094,40.206808976586736,39.481096506586674,39.72617627176372,130672400
2019-02-04,40.746925354003906,40.844480907959166,39.80231021008978,39.83324334442914,125982000
2019-02-05,41.44407653808594,41.658223109934525,41.00865279969011,41.12999998228332,144406400
2019-02-06,41.4583625793457,41.77482089204486,41.127628552346515,41.55591450394574,112958400
2019-02-07,40.67316818237305,41.38698298759363,40.53040376906899,41.02055602108315,126966800
2019-02-08,40.72095489501953,40.78069457288458,40.2454257465744,40.38163396229257,95280000
2019-02-11,40.486778259277344,40.91212817826302,40.44376743552907,40.87389390411717,83973600
2019-02-12,40.835655212402344,40.861940817256425,40.551293754313846,40.646879429338085,89134000
2019-02-13,40.66599655151367,41.21560238179154,40.60386859186247,40.955138230742534,89960800
2019-02-14,40.81414794921875,40.92406691272864,40.474827022290015,40.55368383327085,87342800
2019-02-15,40.72334289550781,41.0292097524213,40.563240997453136,40.92167906223181,98507200
2019-02-19,40.8452033996582,40.96707465400429,40.50110598032196,40.55367717901637,75891200
2019-02-20,41.108062744140625,41.416321493088006,40.859547313325095,40.90733832161036,104457600
2019-02-21,40.876285552978516,41.18932095016681,40.69467820512689,41.053116350833434,68998800
2019-02-22,41.33268737792969,41.33985584736165,40.95274391315378,41.000534924773696,75652800
2019-02-25,41.63377380371094,42.025665930791185,41.566865658567025,41.617048590535184,87493600
2019-02-26,41.65768814086914,41.88947846911954,41.38049505711498,41.509534851306924,68280800
2019-02-27,41.78670883178711,41.817774631160844,41.27533733357488,41.39004014069917,111341600
2019-02-28,41.37569046020508,41.79626003477274,41.32073098942673,41.655275300670986,112861600
2019-03-01,41.810604095458984,41.85361491133981,41.31356956114267,41.64572200880833,103544800
2019-03-04,42.02088165283203,42.47490164654346,41.57163820702341,41.98264739229092,109744800
2019-03-05,41.944427490234375,42.05673839013298,41.70785702415031,42.04240144907716,78949600
2019-03-06,41.70307540893555,41.934865651105085,41.5644789185296,41.73891775722132,83241600
2019-03-07,41.22038269042969,41.68396322987974,41.10568351605907,41.54775499776006,99185600
2019-03-08,41.31835174560547,41.3565860145986,40.50350166301471,40.69944955693907,95997600
2019-03-11,42.74972152709961,42.802292747007655,41.90142082977354,41.93487491096763,128044000
2019-03-12,43.230018615722656,43.6505846085032,42.86202018159688,43.012565327032,129870400
2019-03-13,43.42118835449219,43.80113182441466,43.232408933638794,43.55022445223586,124130000
2019-03-14,43.90388488769531,43.99230209409539,43.6243036210394,43.94450743281071,94318000
2019-03-15,44.474998474121094,44.76414014704579,43.90627916575114,44.17152350675048,156171600
2019-03-18,44.92901611328125,45.01742966611717,44.396135583226894,44.3985275038249,104879200
2019-03-19,44.57295608520508,45.16079596052857,44.42719116484329,45.00786257246207,126585600
2019-03-20,44.96247482299805,45.28029036657512,44.14284449562121,44.50128258512939,124140800
2019-03-21,46.61846160888672,46.91477177118616,45.3567597020329,45.406942643812606,204136800
2019-03-22,45.65305709838867,47.23974260703408,45.588537233062475,46.6781882437175,169630800
2019-03-25,45.10106658935547,45.87529044787232,44.58969511449764,45.76297956658023,175381200
2019-03-26,44.635101318359375,46.090362812112865,44.10700454628543,45.79883285841138,199202000
2019-03-27,45.03654098510742,45.344796066155574,44.57774077463903,45.10344912124531,119393600
2019-03-28,45.096290588378906,45.29701504101596,44.8119291240327,45.151250073839364,83121600
2019-03-29,45.39021682739258,45.42128263373259,45.053284092573946,45.3615429422919,94256000
2019-04-01,45.698463439941406,45.80360220589691,45.015041407018316,45.79404546216293,111448000
2019-04-02,46.362770080566406,46.46791249669149,45.65306241794264,45.662619162035575,91062800
2019-04-03,46.68058776855469,46.95538884017429,46.15487566354562,46.178772994217205,93087200
2019-04-04,46.7618408203125,46.924331028637695,46.15249524665033,46.54677574631455,76457200
2019-04-05,47.07486343383789,47.098760762089405,46.819175877184065,46.943435420895284,74106400
2019-04-08,47.815635681152344,47.84669783165232,46.917148666525804,46.93626579941363,103526800
2019-04-09,47.672279357910156,48.47279277554174,47.607759462649064,47.8682273189913,143072800
2019-04-10,47.93989562988281,47.968573154749954,47.35683578926549,47.47631514525361,86781200
2019-04-11,47.540828704833984,48.0306947285734,47.41896109054997,47.9948523850252,83603200
2019-04-12,47.52171325683594,47.82519181243846,46.88608591599646,47.60057006165645,111042800
2019-04-15,47.60774230957031,47.75589918776008,47.316212394506586,47.452420608068394,70146400
2019-04-16,47.61252212524414,48.119113414692066,47.447640034865586,47.66270505779345,102785600
2019-04-17,48.5396842956543,48.59942397360544,47.45958989735585,47.681819749148225,115627200
2019-04-18,48.71412658691406,48.78342301391168,48.393922765494615,48.537295815006495,96783200
2019-04-22,48.87422561645508,48.97219956455611,48.35090544796784,48.46799653078765,77758000
2019-04-23,49.57915496826172,49.64367484459723,48.7236822999395,48.85033013179243,93292000
2019-04-24,49.502689361572266,49.818112976264246,49.476403756496204,49.55048037637763,70162400
2019-04-25,49.05345153808594,49.646068212671416,49.01521726328142,49.42383832703479,74172800
2019-04-26,48.819271087646484,48.986541475636166,48.29833914079749,48.962644143257215,74596400
2019-04-29,48.89334487915039,49.21832889107268,48.71412583535988,48.8431619425519,88818800
2019-04-30,47.95184326171875,48.60419951041868,47.57906826246165,48.52295442518993,186139600
2019-05-01,50.30559539794922,51.45020616804605,49.997336578817006,50.15266194888411,259309200
2019-05-02,49.978214263916016,50.814569774451115,49.73447899755324,50.14309636224539,127985200
2019-05-03,50.599510192871094,50.62101560310211,50.236291908679384,50.39400554281509,83569600
2019-05-06,49.818111419677734,49.90413670212778,48.62809805096924,48.81687382972931,129772400
2019-05-07,48.47517013549805,49.56482140635094,47.99008418506328,49.19682655113943,155054800
2019-05-08,48.48472213745117,49.06778198932402,48.209921071861906,48.24576342086202,105358000
2019-05-09,47.96379089355469,48.19318920528715,46.99361914811606,47.887322358830254,139634400
2019-05-10,47.2993278503418,47.699928903019405,46.24146450186388,47.356900113901595,164834800
2019-05-13,44.550315856933594,45.45225932989758,43.861864488539425,45.02767625266252,229722400
2019-05-14,45.25556564331055,45.50503815213908,44.475959020360506,44.715837981268216,146118800
2019-05-15,45.79768753051758,45.99678749318761,44.622282169503194,44.682251905478665,106178800
2019-05-16,45.5962028503418,46.16951354022416,45.29875155900553,45.555423857703175,132125600
2019-05-17,45.337120056152344,45.79288858202996,44.79978990816282,44.84056888908769,131516400
2019-05-20,43.919437408447266,44.22168723717779,43.245378124155245,44.022587263410635,154449200
2019-05-21,44.761417388916016,45.097246483732384,44.30564514850796,44.43038323812373,113459200
2019-05-22,43.84507751464844,44.54792479480895,43.789906376836115,44.29605114614716,118994400
2019-05-23,43.09665298461914,43.30774397139174,42.652875463537775,43.13023589116903,146118800
2019-05-24,42.93113708496094,43.69155293690162,42.84717798618397,43.22618717622051,94858800
2019-05-28,42.75362014770508,43.31973456201257,42.67686079437729,42.919137193028746,111792800
2019-05-29,42.54972457885742,43.0222863504974,42.218690493477034,42.31943920201413,113924800
2019-05-30,42.77041244506836,42.99349808518756,42.37940863165211,42.68645335841983,84873600
2019-05-31,41.99561309814453,42.69605925236911,41.976422341284085,42.27386992196449,108174400
2019-06-03,41.57102584838867,42.679265508249905,40.84419286883519,42.12274820633601,161584400
2019-06-04,43.09185791015625,43.13743549997744,41.863678758296096,42.08436697087955,123872000
2019-06-05,43.78750991821289,44.37521638123966,43.45168079099442,44.2049006851241,119093600
2019-06-06,44.43037796020508,44.49034769574577,43.6939478508396,43.91703717038729,90105200
2019-06-07,45.61297607421875,46.037562795872695,44.562308872858395,44.73981693459453,122737600
2019-06-10,46.195884704589844,46.865145307701894,45.965599321643666,46.01117690391253,104883600
2019-06-11,46.73081970214844,47.016276250741356,46.440568209735225,46.742814382224076,107731600
2019-06-12,46.58209228515625,47.00907650866019,46.390188399699355,46.52452002144053,73012800
2019-06-13,46.572486877441406,47.20576702576018,46.44055641091537,46.70442100422897,86698400
2019-06-14,46.23426055908203,46.438155428169374,45.648955456738996,45.94880408209821,75046000
2019-06-17,46.510135650634766,46.76680791817434,46.097543508977196,46.27265414087727,58676400
2019-06-18,47.603973388671875,48.045349745694665,46.82676799049305,47.028265415186674,106204000
2019-06-19,47.46484375,47.947002752454424,47.330512131892405,47.89902403719136,84496800
2019-06-20,47.84626007080078,48.12211941703031,47.503231246787394,48.06454714761381,86056000
2019-06-21,47.683143615722656,48.17969486399945,47.532018686201404,47.68794222022281,191202400
2019-06-24,47.63515853881836,48.014167688883454,47.536807298683456,47.62556133183534,72881600
2019-06-25,46.91313934326172,47.798289808005464,46.84596985359136,47.59918979216879,84281200
2019-06-26,47.927818298339844,48.21327485447175,47.34011556173668,47.440864288560434,104270000
2019-06-27,47.91342544555664,48.352404387611756,47.87264646102857,48.04535594715701,83598800
2019-06-28,47.476837158203125,47.85584630501311,47.26814366138991,47.65914382643267,124442400
2019-07-01,48.34760284423828,49.052847539083054,48.13170959424332,48.73620556986202,109012000
2019-07-02,48.630645751953125,48.72659950294015,48.30201284794325,48.31400752434929,67740800
2019-07-03,49.03365707397461,49.040853149657444,48.621064986934755,48.76259268904688,45448000
2019-07-05,48.990474700927734,49.19437326324015,48.671435272736204,48.77938372352639,69062000
2019-07-08,47.98059844970703,48.31162897965761,47.594393114545475,48.17010124857844,101354400
2019-07-09,48.27324676513672,48.33801145369314,47.69033894628985,47.78389160113407,82312000
2019-07-10,48.75059509277344,48.87053456066116,48.34999770925987,48.41956465038152,71588400
2019-07-11,48.39558410644531,49.02886446581431,48.38599055778244,48.76979472876389,80767200
2019-07-12,48.76739501953125,48.93530956539922,48.50352669012259,48.56349643223705,70380800
2019-07-15,49.2255744934082,49.38389186219875,48.93531927347614,48.95690750645713,67789600
2019-07-16,49.05524444580078,49.4414496951831,48.815365499855545,49.07683267247292,67467200
2019-07-17,48.77937698364258,49.19676393738198,48.760186231937304,48.947291485736685,56430000
2019-07-18,49.33350372314453,49.38627738281287,48.863339389807166,48.93530380392419,74162400
2019-07-19,48.59707260131836,49.53500011636719,48.54190147109845,49.364684461868244,83717200
2019-07-22,49.707706451416016,49.71010392274601,48.84174346728464,48.851337012866175,89111600
2019-07-23,50.096317291259766,50.113110574099615,49.72450419968296,50.00516578241916,73420800
2019-07-24,50.05553436279297,50.17067522082073,49.695715978727044,49.81565544008235,59966400
2019-07-25,49.65973663330078,50.192268145572555,49.59016969452672,50.10830905677958,55638400
2019-07-26,49.832454681396484,50.309811452113316,49.688525846451945,49.770083811464765,70475600
2019-07-29,50.29780960083008,50.52809497185388,50.000362086074006,50.005160689291245,86693600
2019-07-30,50.081932067871094,50.41296622439202,49.72930968208036,50.077133463501355,135742800
2019-07-31,51.10382080078125,53.1020133198387,50.68643368129716,51.914612996052405,277125600
2019-08-01,49.99795913696289,52.300798122448015,49.59256685625634,51.31009705915373,216071600
2019-08-02,48.940101623535156,49.51820707839303,48.36679111201602,49.30231749976287,163448400
2019-08-05,46.37819290161133,47.65194947419942,46.195886226790655,47.493632157235574,209572000
2019-08-06,47.25614929199219,47.51282150446329,46.546106047444944,47.090632244363086,143299200
2019-08-07,47.74550247192383,47.870240545244116,46.493337776109705,46.874744411167086,133457600
2019-08-08,48.79857635498047,48.822565715714255,47.82946694169369,48.023768318744715,108038000
2019-08-09,48.396453857421875,48.822650132296985,47.98710732234036,48.47109827819087,98478800
2019-08-12,48.273651123046875,48.65169375794879,47.953399498178506,48.06657126313836,89927600
2019-08-13,50.317955017089844,51.08125991414435,48.273643814503934,48.40367264885095,188874000
2019-08-14,48.82025146484375,49.708768589851594,48.781724120727965,48.91897640632679,146189600
2019-08-15,48.577049255371094,49.395735021606384,48.07861143932295,48.991208974526174,108909600
2019-08-16,49.72321701049805,49.88213955441469,49.08271367229086,49.18866203490196,110481600
2019-08-19,50.65024948120117,51.22332799188177,50.57319480881141,50.7152602275899,97654400
2019-08-20,50.65266036987305,51.37262487030023,50.643030372089804,50.7778723860711,107537200
2019-08-21,51.2016716003418,51.44486858682411,50.951251195639124,51.28594971180606,86141600
2019-08-22,51.15831756591797,51.635081413266526,50.746564465365324,51.33409348642569,89014800
2019-08-23,48.79375076293945,51.0595885775381,48.39885478134202,50.42871543468985,187272000
2019-08-26,49.72080612182617,49.889358650391884,49.37647397317021,49.56910700903226,104174400
2019-08-27,49.15975570678711,50.21682513114525,49.0080566199062,50.05067921202214,103493200
2019-08-28,49.48963928222656,49.53539003561432,48.957494677651994,49.1453108526982,63755200
2019-08-29,50.327598571777344,50.402246679692766,49.76174335437585,50.20479679440582,83962000
2019-08-30,50.26258850097656,50.67433801992344,49.89176923421205,50.604510421833155,84573600
2019-09-03,49.530574798583984,49.838786156000836,49.174206105477474,49.706350727227374,80092000
2019-09-04,50.370941162109375,50.44076875703612,49.920664318464965,50.17830811951984,76752400
2019-09-05,51.35576629638672,51.52191222815534,50.92956634195886,51.04755493786522,95654800
2019-09-06,51.3509521484375,51.63026985489595,51.17035937387427,51.54117859517896,77449200
2019-09-09,51.5700798034668,52.11667504316361,50.82363176396849,51.73140893143098,109237600
2019-09-10,52.17927169799805,52.198535368222906,50.97773012034865,51.49542793877774,127111600
2019-09-11,53.83831024169922,53.867207580398954,52.42727872846515,52.50915023491731,177158400
2019-09-12,53.71792221069336,54.51975457547197,53.662541454928665,54.129675355805944,128906800
2019-09-13,52.67288589477539,53.16409656259977,52.25631964309487,52.973873814174105,159053200
2019-09-16,52.94979476928711,53.0051791933835,52.38634625045487,52.42728016772022,84632400
2019-09-17,53.142433166503906,53.17133050892715,52.76198394642771,52.96425064671275,73274800
2019-09-18,53.640869140625,53.66013281018693,52.839036806684845,53.22911601134843,101360000
2019-09-19,53.20503234863281,53.879242325887176,53.062963263126036,53.457859253018796,88242400
2019-09-20,52.427284240722656,53.5903021245644,52.364680069600674,53.3061712623539,221652400
2019-09-23,52.66566848754883,52.935352518365704,52.40802103554608,52.72104924226958,76662000
2019-09-24,52.41524124145508,53.57344590279538,52.297256322285335,53.221890377729395,124763200
2019-09-25,53.221885681152344,53.33505742877218,52.28521145611944,52.624726698978954,87613600
2019-09-26,52.94739532470703,53.200225952875144,52.69215811549392,52.97388241288026,75334000
2019-09-27,52.68974685668945,53.20503806562803,52.318927655185426,53.10390288400387,101408000
2019-09-30,53.929813385009766,54.076695641123095,53.16409818413681,53.19058526881853,103909600
2019-10-01,54.0791015625,54.95317167217063,53.98519347689506,54.19468357106685,139223200
2019-10-02,52.72346115112305,53.83591148730577,52.475443689226,53.71069946585503,138449200
2019-10-03,53.17133331298828,53.20504381911866,51.80123546710099,52.595840779341145,114426000
2019-10-04,54.66182327270508,54.77740530141983,53.91055845690742,54.331941625234634,138478800
2019-10-07,54.673858642578125,55.364925801166926,54.38009410896721,54.483635874503506,122306000
2019-10-08,54.03335189819336,54.91464544187616,54.01649848462692,54.37527742104487,111820000
2019-10-09,54.66664123535156,54.8496406066656,54.33194274458014,54.66664123535156,74770400
2019-10-10,55.40345764160156,55.48773574425298,54.73165409816712,54.88334953910222,113013600
2019-10-11,56.87709426879883,57.22142273038948,55.938009631955445,56.09211532003962,166795600
2019-10-14,56.79521560668945,57.33940411972234,56.506267937152586,56.56164868588965,96427600
2019-10-15,56.66278839111328,57.223826687854974,56.556840046506,56.92043216170895,87360000
2019-10-16,56.43403244018555,56.64352254047168,56.15230817514811,56.193242093230225,73903200
2019-10-17,56.65315628051758,56.86264272047436,56.22936656457934,56.607405523706475,67585200
2019-10-18,56.92523956298828,57.20696379218233,56.41476159395541,56.48699942368511,97433600
2019-10-21,57.91249465942383,58.02807669059552,57.14437641113333,57.19253375370334,87247200
2019-10-22,57.78004837036133,58.31941635031665,57.69817686697342,58.06899602736151,82293600
2019-10-23,58.55539321899414,58.56984372572113,58.08344620931156,58.295342884612566,75828800
2019-10-24,58.65171432495117,58.94547884804368,58.225514373551526,58.87564758849574,69275200
2019-10-25,59.374088287353516,59.410205372219664,58.48316467701797,58.55058568488102,73477200
2019-10-28,59.96883773803711,60.01699507347286,59.407795778496116,59.57634828960584,96572800
2019-10-29,58.581878662109375,60.13738583425639,58.40851300210187,59.94956966792677,142839600
2019-10-30,58.57466125488281,59.06587564349659,58.08104395955555,58.935846792440884,124522000
2019-10-31,59.899009704589844,59.997734635760125,57.129920514953874,59.53301099623121,139162000
2019-11-01,61.5989875793457,61.625470989989275,59.995323006149384,60.08682083845471,151125200
2019-11-04,62.00352096557617,62.087799065682624,61.49304655122489,61.962583368951094,103272000
2019-11-05,61.914424896240234,62.16966208359867,61.71938529737838,61.8951575528518,79897600
2019-11-06,61.94090270996094,62.00110029301706,61.490625964435175,61.82773095988191,75864400
2019-11-07,62.655799865722656,62.87799536674147,62.33700050920069,62.48915508255898,94940400
2019-11-08,62.8272705078125,62.89972154631713,62.03268972367529,62.477073290771905,69986400
2019-11-11,63.32478332519531,63.389989255763524,62.37804804912244,62.38287566125335,81821200
2019-11-12,63.26681900024414,63.46727915715043,63.01565048685888,63.167797667497766,87388800
2019-11-13,63.8730354309082,63.947903979144904,63.05189152191041,63.06638173315607,102734400
2019-11-14,63.43104553222656,63.97203287087934,63.30062630937287,63.699121710448345,89182800
2019-11-15,64.18458557128906,64.1894131845919,63.520423907249736,63.682233712517835,100206400
2019-11-18,64.50820922851562,64.58790538111721,63.815067179568615,64.19423749036015,86703200
2019-11-19,64.31257629394531,64.72556195764945,64.09521580622737,64.70140915448063,76167200
2019-11-20,63.563880920410156,64.26185046884207,62.8900568037216,64.13143860398654,106234400
2019-11-21,63.278892517089844,63.76191904400532,63.078432380995984,63.68463303080287,121395200
2019-11-22,63.223358154296875,63.56147533644984,62.996335038336646,63.418983358628296,65325200
2019-11-25,64.33189392089844,64.34880162010587,63.40206627969878,63.44795439446141,84020400
2019-11-26,63.82952880859375,64.52267054717713,63.397218095772004,64.46953734576664,105207600
2019-11-27,64.68692779541016,64.72074319855238,64.07589938069799,64.14110532481291,65235600
2019-11-29,64.54442596435547,64.72556092964365,64.21838155275661,64.3874438018525,46617600
2019-12-02,63.79814529418945,64.7859336686597,63.62667293887163,64.54924801440131,94487200
2019-12-03,62.660621643066406,62.67993946193497,61.89743881575501,62.385292973988165,114430400
2019-12-04,63.213680267333984,63.592857866147476,62.957676793454816,63.05187050555753,67181600
2019-12-05,64.1410903930664,64.21596628682174,63.45278347643845,63.708786950569554,74424400
2019-12-06,65.38004302978516,65.45008392869724,64.55648204866993,64.5999600306422,106075600
2019-12-09,64.46473693847656,65.40180240453456,63.97929281939081,65.20859470172705,128042400
2019-12-10,64.84149169921875,65.22549695147708,64.20872067904382,64.87047211517775,90420400
2019-12-11,65.3945541381836,65.47425765527915,64.84632159591263,64.92119012991083,78756800
2019-12-12,65.56118774414062,65.82685380522655,64.56132667656246,64.67242071287119,137310400
2019-12-13,66.45238494873047,66.48861047070119,65.43319849834741,65.56120025624476,133587600
2019-12-16,67.58992004394531,67.8145330524796,66.8943678133173,66.8991954267903,128186000
2019-12-17,67.72273254394531,68.05118703210448,67.33389237179259,67.51986229471765,114158400
2019-12-18,67.5609130859375,68.08258258181048,67.41117605266273,67.57540329106736,116028400
2019-12-19,67.6285400390625,67.90869630356615,67.3701264537908,67.50295579789868,98369200
2019-12-20,67.48849487304688,68.26375070601942,67.27596193394342,68.16231922079466,275978000
2019-12-23,68.58976745605469,68.65014577247727,67.71307312233479,67.75171612929323,98572000
2019-12-24,68.65496826171875,68.80471266640946,68.32893127368419,68.75640706871576,48478800
2019-12-26,70.01712036132812,70.03402806090413,68.7588381558722,68.78781857205915,93121200
2019-12-27,69.99054718017578,70.99766082354941,69.58480662948736,70.30934648588836,146266000
2019-12-30,70.40595245361328,70.6885262491251,68.88442165735184,69.90843566014871,144114400
2019-12-31,70.92037200927734,70.9276171127399,69.9229210003308,70.02194232791922,100805600
2020-01-02,72.53849029541016,72.59886859474537,71.29228131268351,71.54586722173228,135480400
2020-01-03,71.83329772949219,72.59406313642577,71.60869213351766,71.76567430155144,146322800
2020-01-06,72.40567779541016,72.44432080433776,70.7030121336898,70.95418800651902,118387200
2020-01-07,72.06515502929688,72.67134838279743,71.84537704823941,72.41534488187352,108872000
2020-01-08,73.22440338134766,73.5262949460089,71.76807876823776,71.76807876823776,132079200
2020-01-09,74.77975463867188,74.97296230565743,73.9513658951312,74.20253438813242,170108400
2020-01-10,74.94880676269531,75.51395427727236,74.446462424671,75.01402005997716,140644800
2020-01-13,76.55004119873047,76.57661149006776,75.1468497409281,75.26519625077637,121532000
2020-01-14,75.5163803100586,76.69738393857047,75.39321353332888,76.48726853727727,161954400
2020-01-15,75.19275665283203,76.19745295500711,74.76044574351113,75.31593080536074,121923600
2020-01-16,76.1346435546875,76.24574496948411,75.3738782015038,75.73614811924845,108829200
2020-01-17,76.97752380371094,76.97993392443253,76.07667669301796,76.38339587903954,137816400
2020-01-21,76.45586395263672,77.04756709065205,76.31819960849738,76.6056010131108,110843200
2020-01-22,76.72877502441406,77.28183515069573,76.63458130371416,76.94130052804331,101832400
2020-01-23,77.09828186035156,77.17797799443389,76.23366024847726,76.78190007438859,104472000
2020-01-24,76.87608337402344,78.08847725706723,76.68528583944577,77.34461967692074,146537600
2020-01-27,74.61553192138672,75.29659377968004,73.63257108817264,74.88360812840847,161940000
2020-01-28,76.72634887695312,76.89782122944564,75.39802593452413,75.49704725649863,162234000
2020-01-29,78.33242797851562,79.1801420756795,77.61755062731045,78.35899827586796,216229200
2020-01-30,78.2188949584961,78.27202816821715,76.98234829996913,77.41465908040864,126743200
2020-01-31,74.75077056884766,77.9314960376563,74.45612410034879,77.50884783770134,199588400
2020-02-03,74.54548645019531,75.71199229580401,72.99014040911702,73.49248476536589,173788400
2020-02-04,77.00650787353516,77.19730542119127,75.74580830506335,76.151548831137,136616400
2020-02-05,77.63446044921875,78.43386895689102,77.03067714309759,78.13438742518179,118826800
2020-02-06,78.54254913330078,78.54496662516472,77.34706255457273,77.9049577653929,105425600
2020-02-07,77.47492980957031,78.29076000098544,76.98349458931148,78.04141124169928,117684000
2020-02-10,77.84288787841797,77.84288787841797,75.97882681770385,76.05871208817942,109348800
2020-02-11,77.37326049804688,78.4118136218486,77.15538413187909,78.33919062909048,94323200
2020-02-12,79.21068572998047,79.21552479911539,77.8235277760248,77.8235277760248,113730400
2020-02-13,78.6466293334961,78.97344754144679,78.27866056338509,78.48201230906955,94747600
2020-02-14,78.66598510742188,78.91533382442148,78.1576021480164,78.61514163995746,80113600
2020-02-18,77.2255859375,77.40715079471983,76.16282276038466,76.34438761760448,152531200
2020-02-19,78.3440170288086,78.57400211516978,77.46766524775612,77.46766524775612,93984000
2020-02-20,77.54029083251953,78.5933684199213,77.0343310134274,78.10435642626537,100566000
2020-02-21,75.78517150878906,77.57661741601534,75.16785392447004,77.13359500928858,129554000
2020-02-24,72.18534088134766,73.63785968182607,70.01867143670297,71.96262546916086,222195200
2020-02-25,69.74027252197266,73.23842524425972,69.26820830101296,72.85593184219474,230673600
2020-02-26,70.84658813476562,72.11270274954929,69.35775815457548,69.36502045153675,198054800
2020-02-27,66.21549987792969,69.2367421970805,66.0799320227012,68.05051976988415,320605600
2020-02-28,66.1767578125,67.3992989911438,62.0637108077199,62.27917132496963,426510000
2020-03-02,72.3378677368164,72.97455642499447,67.2322642492319,68.33617811747213,341397200
2020-03-03,70.04045867919922,73.59428625555064,69.18830958377835,73.51440097180128,319475600
2020-03-04,73.28926849365234,73.44904647858813,70.96282065269989,71.76412641873794,219178400
2020-03-05,70.91195678710938,72.51698353207479,70.54640393192855,71.54137556338232,187572800
2020-03-06,69.9702377319336,70.40357449268282,68.08196660960988,68.26837049351515,226176800
2020-03-09,64.43616485595703,67.32183170470427,63.66874742529087,63.8503122943744,286744800
2020-03-10,69.07695007324219,69.34324665860709,65.21082898559138,67.09184552066098,285290000
2020-03-11,66.6778564453125,68.07953879233956,65.81360621039644,67.15235111618254,255598800
2020-03-12,60.093116760253906,65.36333966293708,60.03743791262368,61.95960486263178,418474000
2020-03-13,67.29275512695312,67.76482654964646,61.23575252455635,64.12626834922185,370732000
2020-03-16,58.635765075683594,62.7197589173465,58.10075235573811,58.572820229839216,322423600
2020-03-17,61.2139778137207,62.36388471818226,57.71340624039025,59.91881387267281,324056000
2020-03-18,59.71546936035156,60.521617752082875,57.403542823432716,58.04507418797264,300233600
2020-03-19,59.2579231262207,61.209139394324836,58.73259595357314,59.88976893183757,271857200
2020-03-20,55.49589920043945,60.96463122654848,55.195710672226056,59.8389270162078,401693200
2020-03-23,54.31693649291992,55.31675472983707,51.470001124172114,55.215078862447456,336752800
2020-03-24,59.76630783081055,59.96239727698541,56.72085964919753,57.21955717748085,287531200
2020-03-25,59.43705749511719,62.51881651598571,59.14171177404684,60.70316840806745,303602000
2020-03-26,62.56482696533203,62.62292535314042,59.64042200804535,59.67915672921516,252087200
2020-03-27,59.97449493408203,61.942655145225594,59.80745470235101,61.18734664760273,204216800
2020-03-30,61.6860466003418,61.85792960202071,60.376358043352745,60.700756687792804,167976400
2020-03-31,61.56016159057617,63.545269736802034,61.00578524680458,61.877297942194495,197002000
2020-04-01,58.321048736572266,60.21174335831203,57.890135142365466,59.67431113291772,176218400
2020-04-02,59.29423141479492,59.34749072840286,57.350277549943364,58.18305551478086,165934000
2020-04-03,58.44208908081055,59.4806382957601,57.85139756896397,58.77858908876302,129880000
2020-04-06,63.540435791015625,63.6953672894155,60.371524799496335,60.73949357260216,201820400
2020-04-07,62.804500579833984,65.77490674149945,62.70040515518053,65.55702297543276,202887200
2020-04-08,64.41194915771484,64.72665861508077,63.240251523791564,63.605797071493534,168895200
2020-04-09,64.87673950195312,65.38028340961694,64.0802804727914,65.04862618518483,161834800
2020-04-13,66.1501235961914,66.25906545571533,64.35383885573385,64.95421592166439,131022800
2020-04-14,69.49090576171875,69.78141242863373,67.31212792353071,67.78419941029469,194994800
2020-04-15,68.85665893554688,69.31662179135925,67.93673322392213,68.36522365380796,131154400
2020-04-16,69.40376281738281,69.7693157098203,68.35310854308584,69.57080305380181,157125200
2020-04-17,68.4620590209961,69.46672390302615,67.02406462466632,68.91960605068904,215250000
2020-04-20,67.04100036621094,68.19091103013936,67.02163670043845,67.28793327913718,130015200
2020-04-21,64.96876525878906,67.1184949723378,64.25703022152238,66.88367072687369,180991600
2020-04-22,66.8400650024414,67.2758176226008,65.89592940016834,66.23726476615465,116862400
2020-04-23,66.58103942871094,68.20786075083029,66.54230470819708,66.7843911704893,124814400
2020-04-24,68.50321197509766,68.51289750296907,67.05795538482593,67.10637563628991,126161200
2020-04-27,68.55162048339844,68.88327772422247,67.77210185087893,68.21995585468255,117087600
2020-04-28,67.44044494628906,69.19557183776718,67.3484582943587,69.01400698692461,112004800
2020-04-29,69.65553283691406,70.125181113428,68.7259218099285,68.92927352946674,137280800
2020-04-30,71.125,71.30172577794379,69.80563320705274,70.19538886698345,183064000
2020-05-01,69.97992706298828,72.38384357310822,69.20040845206991,69.29724154783354,240616800
2020-05-04,70.97006225585938,71.09836777466262,69.31419187836596,70.0041397159612,133568000
2020-05-05,72.0352554321289,72.86803354943969,71.28478583493806,71.43003920663523,147751200
2020-05-06,72.77845001220703,73.41029209502018,72.35237549978946,72.73729206539267,142333600
2020-05-07,73.53134155273438,73.87753081736858,73.10285116327836,73.40545924879912,115215200
2020-05-08,75.28150939941406,75.33491288731747,73.86389829348582,74.19160117798899,133838400
2020-05-11,76.46607208251953,76.96125986084341,74.57996416486573,74.78872589751907,145946400
2020-05-12,75.59221649169922,77.60211807775983,75.47084560508229,77.15061452744153,162301200
2020-05-13,74.67951202392578,76.69427337454634,73.60173785754363,75.77185010542999,200622400
2020-05-14,75.13826751708984,75.19895294178689,73.19390413927243,73.91727706850105,158929200
2020-05-15,74.69406127929688,74.74018280409528,72.8734981674341,72.9074855679762,166348400
2020-05-18,76.45394897460938,76.8277733901168,75.3276309672179,76.01944652197729,135178400
2020-05-19,76.01217651367188,77.31812127307398,75.9806188920403,76.47095469800648,101729600
2020-05-20,77.490478515625,77.56086831396651,76.83264281026588,76.87148239274373,111504800
2020-05-21,76.9127426147461,77.89342158394717,76.67485297832786,77.3521046904153,102688800
2020-05-22,77.40795135498047,77.49048269423649,76.54864314006622,76.65059056766172,81803200
2020-05-26,76.88360595703125,78.70659167112338,76.82777268129091,78.5269651260588,125522000
2020-05-27,77.21859741210938,77.36424398683408,76.00003613296077,76.74040313452282,112945200
2020-05-28,77.25254821777344,78.51237826916416,76.61656613098363,76.89328782473605,133560800
2020-05-29,77.17732238769531,77.9565214299296,76.82049167356892,77.49531352794295,153532400
2020-06-01,78.12645721435547,78.24782812585582,77.00013159984378,77.13121425847407,80791200
2020-06-02,78.48812103271484,78.5123966906775,77.41762896521124,77.85942075330303,87642800
2020-06-03,78.92020416259766,79.18236942622238,78.23567058388883,78.80854502107137,104491200
2020-06-04,78.24054718017578,79.04159224328929,77.86672269370624,78.7430245381852,87560400
2020-06-05,80.4688949584961,80.52958039964126,78.46142323225453,78.49055105874169,137250400
2020-06-08,80.94467163085938,80.97865903574063,79.45424095843477,80.16547259371143,95654400
2020-06-09,83.50074005126953,83.89398053792564,80.59269835430385,80.62425597002903,147712400
2020-06-10,85.64903259277344,86.11752258060775,84.01052512196055,84.44988727335448,166651600
2020-06-11,81.53697204589844,85.21693875406713,81.43502463468259,84.79214058891952,201662400
2020-06-12,82.24091339111328,84.42558944538845,81.12915928074322,83.67794801073093,200146000
2020-06-15,83.25801086425781,83.91098692440009,80.73106773858638,80.89370801041294,138808800
2020-06-16,85.46453857421875,85.73641564112751,83.67796229617407,85.31403982782714,165428800
2020-06-17,85.34558868408203,86.27043435065384,85.22421778392413,86.2097489005749,114406400
2020-06-18,85.37956237792969,85.79707850372552,84.77027818647716,85.3018832364117,96820400
2020-06-19,84.89167022705078,86.55202339942768,83.78233832338894,86.08596324993198,264476000
2020-06-22,87.11273193359375,87.25594867927818,85.23876529939096,85.28488682520853,135445200
2020-06-23,88.97213745117188,90.39217823600704,87.93805517776225,88.35800109154899,212155600
2020-06-24,87.4015884399414,89.5207264515975,87.02776409413818,88.60073320249124,192623200
2020-06-25,88.56190490722656,88.60074447868466,86.7971749374644,87.55695784935237,137522400
2020-06-26,85.84078216552734,88.67843434218518,85.6927058184488,88.45753841975109,205256800
2020-06-29,87.81912994384766,87.91380280361521,85.27034099055639,85.74854264287053,130646000
2020-06-30,88.55220794677734,88.83864890811773,87.3870502400666,87.4064663250919,140223200
2020-07-01,88.38471984863281,89.17363075760089,88.33617592973944,88.62989145548384,110737200
2020-07-02,88.38471984863281,89.92856166413286,88.27063830568181,89.2925792858583,114041600
2020-07-06,90.7490234375,91.21751333373977,89.78290840638297,89.81446602565468,118655600
2020-07-07,90.4674301147461,91.90688702119085,90.3557709756679,91.12768802006694,112424400
2020-07-08,92.57441711425781,92.60597472603237,91.3582786143033,91.44566949367056,117092000
2020-07-09,92.97254180908203,93.52113325517837,91.92389542563048,93.46772976135745,125642800
2020-07-10,93.13516235351562,93.19342541681863,91.9554408840775,92.56714748957603,90257200
2020-07-13,92.70552062988281,97.05302710538204,92.491906663148,94.44112299776556,191649200
2020-07-14,94.23963928222656,94.43139994531549,91.15196369614016,92.08651357687286,170989200
2020-07-15,94.88777160644531,96.3660683335281,93.68862647798679,96.11604456670572,153198000
2020-07-16,93.72016906738281,94.57704721895716,93.12059659931413,93.7590086395202,110577600
2020-07-17,93.53083038330078,94.32702308898628,93.05748097078398,94.17167220899177,92186800
2020-07-20,95.50190734863281,95.64027195651475,93.27353933830152,93.61823596370867,90318000
2020-07-21,94.18383026123047,96.36850673636211,93.93380647205889,96.29325736151677,103433200
2020-07-22,94.44840240478516,95.13050624366167,93.79785618394567,93.88523967276372,89001600
2020-07-23,90.14944458007812,94.25906118948085,89.33868791358677,94.18138204100602,197004400
2020-07-24,89.92610931396484,90.27080586872148,86.55685253817205,88.34586551167968,185438800
2020-07-27,92.0573959350586,92.14963900239098,90.76601521608015,90.98933351898751,121214000
2020-07-28,90.54512023925781,91.80495076068121,90.54026066225798,91.62774658169793,103625600
2020-07-29,92.28071594238281,92.4652020656453,90.9917576836522,91.02816746906157,90329200
2020-07-30,93.3973388671875,93.50171606500183,91.0451701940575,91.45297464683811,158130000
2020-07-31,103.17495727539062,103.32545597772634,97.89774650192103,99.89794359381725,374336800
2020-08-03,105.77474212646484,108.39635067212231,104.76008315372526,105.05865083451154,308151200
2020-08-04,106.48111724853516,107.57345533183008,105.24070281740102,105.96407603717955,173071600
2020-08-05,106.8670654296875,107.18748634754088,105.73588787997431,106.20195534302388,121776800
2020-08-06,110.59558868408203,111.0907840336135,106.60977244976479,107.19963324982751,202428800
2020-08-07,108.08110809326172,110.57369742283494,107.2834798046482,110.11651887547455,198045600
2020-08-10,109.65203857421875,110.67096098800363,106.99895008053579,109.52801468909898,212403600
2020-08-11,106.39100646972656,109.41372516958415,106.13080268423259,108.9152102791965,187902400
2020-08-12,109.92683410644531,110.18460371438742,107.288335746899,107.482876326809,165598000
2020-08-13,111.87226104736328,112.87659322672799,110.81929001611167,111.30808301896154,210082000
2020-08-14,111.77256774902344,111.86254295487012,109.96087794353791,111.69718271594931,165565200
2020-08-17,111.48074340820312,112.92036888745733,110.85334374924851,112.89604946040544,119561600
2020-08-18,112.40969848632812,112.83526251521093,110.89712204110621,111.23271086271058,105633600
2020-08-19,112.55072784423828,113.96603385163618,112.45589172935948,112.81822669084653,145538000
2020-08-20,115.04820251464844,115.16249715621257,112.5750641732495,112.59208851632775,126907200
2020-08-21,120.97689056396484,121.46081519508728,115.9965737811265,116.00872978262599,338054800
2020-08-24,122.423828125,125.27146481367004,120.5562117393656,125.18634310109493,345937600
2020-08-25,121.41950988769531,121.76482801035655,119.6953682864558,121.29549340088454,211495600
2020-08-26,123.07069396972656,123.52787254916589,121.66997788314622,122.73753929165063,163022400
2020-08-27,121.59945678710938,124.00693190797273,120.45407621046918,123.67377724193759,155552400
2020-08-28,121.40247344970703,122.9928616302125,121.1787451014989,122.57459270019099,187630000
2020-08-31,125.51949310302734,127.426026441553,122.56243764607389,124.0993334865447,225702700
2020-09-01,130.51922607421875,131.1223210127166,126.968813162095,129.13796901538598,151948100
2020-09-02,127.81510925292969,134.21559397124165,123.53515699483128,133.83623463401244,200119000
2020-09-03,117.58212280273438,125.32495545599747,117.21249271726687,123.44761726135523,257599600
2020-09-04,117.65994262695312,120.32518728542867,107.86467480854796,116.79422439020836,332607200
2020-09-08,109.74199676513672,115.74366243548647,109.60581689802558,110.84116495574696,231366600
2020-09-09,114.11923217773438,115.88957796939238,112.11543623257383,114.06087149467038,176940500
2020-09-10,110.39375305175781,117.21250764939418,109.43076440296137,117.0763277362815,182274400
2020-09-11,108.94438934326172,112.08627097984936,106.9989538192749,111.44427369473487,180860300
2020-09-14,112.21272277832031,112.76717161154352,109.72256765665087,111.59018399790295,140150100
2020-09-15,112.38780212402344,115.58804419561972,110.51045669665075,115.10168535351536,184642000
2020-09-16,109.07084655761719,112.83526719517445,108.98330551595791,112.08627773862457,154679000
2020-09-17,107.32967376708984,109.13892938917895,105.74414649450532,106.72659350722516,178011000
2020-09-18,103.92516326904297,107.85494396114845,103.19562493954624,107.38804358616923,287104900
2020-09-21,107.0767593383789,107.1837588722249,100.28718696193107,101.68790273500836,195713800
2020-09-22,108.75956726074219,109.78092384803477,106.18187120745131,109.60583435939168,183055400
2020-09-23,104.1975326538086,109.05139236274285,103.85707548927341,108.57476272214053,150718700
2020-09-24,105.26751708984375,107.24213295365429,102.13536471776598,102.30072495573343,167743300
2020-09-25,109.21675872802734,109.37239714582383,104.73252885742939,105.47179649946621,149981400
2020-09-28,111.8236312866211,112.17381026918468,109.70310630165157,111.87227014246227,137672400
2020-09-29,110.97736358642578,112.16408041867875,110.47155362609944,111.42482027829774,99382200
2020-09-30,112.65045166015625,114.06089699323232,110.52020461838681,110.68556487153249,142675200
2020-10-01,113.60370635986328,114.50833415980816,112.66989821496011,114.4305149590877,116120400
2020-10-02,109.9365463256836,112.22243875656639,109.15837665285366,109.81009570192602,144712000
2020-10-05,113.32160949707031,113.46751863303267,110.4520953152141,110.80227427302496,106243800
2020-10-06,110.07273864746094,112.95198215292027,109.18756197702983,112.54343507820363,161498200
2020-10-07,111.94037628173828,112.3975548762922,111.01628983580524,111.49292694400957,96849000
2020-10-08,111.8333740234375,113.22436086595617,111.46373648547903,113.0784517020909,83477200
2020-10-09,113.77877807617188,113.8079584165716,111.7847040414001,112.13488296868925,100506900
2020-10-12,121.006103515625,121.76482226057634,116.02578539059424,116.78450413554557,240226800
2020-10-13,117.7961196899414,121.96907978641414,116.38568190119372,121.8523509831308,262330500
2020-10-14,117.8836669921875,119.67346409750246,116.35650041512618,117.69884824411241,150712000
2020-10-15,117.4167709350586,117.89340060422654,114.92661561063214,115.48106448900049,112559200
2020-10-16,115.77287292480469,118.23385526990404,115.56860307094232,117.97121729976094,115393800
2020-10-19,112.8157958984375,117.13465720214423,112.5045265484294,116.68720797533548,120639300
2020-10-20,114.30406188964844,115.73395813213436,112.4753478178989,113.0297966240417,124423700
2020-10-21,113.6815414428711,115.47133878200704,113.27299429263485,113.4869934138899,89946000
2020-10-22,112.59207916259766,114.81960369273567,111.46372301440654,114.24569636322538,101988000
2020-10-23,111.9014663696289,113.37027245377989,111.16219869915412,113.21463402999635,82572600
2020-10-26,111.91119384765625,113.37027065181736,109.80039043082107,110.89956637288807,111850700
2020-10-27,113.41889953613281,114.08034796929371,111.41510314504899,112.33918213169002,92276800
2020-10-28,108.16619873046875,112.28079761799923,108.06892845060031,111.91116758600046,143937800
2020-10-29,112.17382049560547,113.73989680449655,109.13893817712592,109.30430584931332,146129200
2020-10-30,105.89004516601562,108.93464877317763,104.78114762621877,108.03002105163316,190272600
2020-11-02,105.8025131225586,107.6604077052679,104.39207526396882,106.1332410376146,122866900
2020-11-03,107.42695617675781,108.44830541372347,105.7636096297727,106.66823748036964,107624400
2020-11-04,111.81390380859375,112.43644258276989,109.28483911084726,111.02600479592498,138235500
2020-11-05,115.78258514404297,116.3564924386585,113.68151879830341,114.73204826054969,126387100
2020-11-06,115.65106201171875,116.14799861229584,113.15660323122867,115.2905328204704,114457900
2020-11-09,113.34175872802734,118.86658305865835,113.07867504116268,117.41473489132933,154515300
2020-11-10,113.0007095336914,114.57922635490725,111.2078169609619,112.5914649825652,138023400
2020-11-11,116.43058776855469,116.56700262766775,113.45868412753177,114.18948120165986,112295000
2020-11-12,116.15774536132812,117.44394777392753,115.5341325209194,116.55725128655479,103162300
2020-11-13,116.20645141601562,116.60594984971524,114.85204177616873,116.38184296677532,81581900
2020-11-16,117.21983337402344,117.89216151069154,115.12488063733073,115.87516223258528,91183000
2020-11-17,116.33311462402344,117.58034006561653,115.91412413029607,116.4890215212476,74271000
2020-11-18,115.0079574584961,116.75212717189736,114.97872676825749,115.57310891661412,76322100
2020-11-19,115.60232543945312,116.01156992074252,113.81917921291296,114.57920680217912,74113000
2020-11-20,114.33562469482422,115.72901129196754,114.28690935456355,115.60234248642783,73604300
2020-11-23,110.9349594116211,114.60843570984132,110.83752131924932,114.1796991825456,127959300
2020-11-24,112.22119140625,112.8837810182729,109.7072478105703,110.9934577345429,113874200
2020-11-25,113.05915832519531,113.760724582734,112.22117723247423,112.59145244287018,76499200
2020-11-27,113.60482025146484,114.48177809334693,113.24429850772803,113.58533560344574,46691300
2020-11-30,116.0018310546875,117.8726693370055,113.81917895793265,113.97508586515107,169410200
2020-12-01,119.57786560058594,120.30866252291607,116.93725361331916,117.91164950975933,127728200
2020-12-02,119.92866516113281,120.21124090192977,117.79473547645512,118.89580031413836,89004200
2020-12-03,119.792236328125,120.61072532946784,119.08092403824773,120.35738030969706,78967600
2020-12-04,119.11991119384766,119.71429334953903,118.40859884170744,119.46094830759233,78260400
2020-12-07,120.58148956298828,121.38049388333657,119.11989575010358,119.17835712372279,86712000
2020-12-08,121.19538879394531,121.78003242314685,119.93841688564608,121.18565018509716,82225500
2020-12-09,118.66194915771484,122.72517888074941,117.90192143214601,121.34153828117272,115089200
2020-12-10,120.08454895019531,120.69842312660181,117.07366917962338,117.4147062587099,81312200
2020-12-11,119.27582550048828,119.61686263532849,117.46344823070665,119.2953101507426,86939800
2020-12-14,118.66194915771484,120.19175065083598,118.42809618847487,119.46095361716566,79184500
2020-12-15,124.60575103759766,124.62524311960807,120.95176623601054,121.15638849281328,157243700
2020-12-16,124.53754425048828,125.0832036047306,123.31954931044656,124.14779181691584,98208600
2020-12-17,125.40472412109375,126.2621970983363,124.76161938816183,125.59960028825837,94359800
2020-12-18,123.41699981689453,125.79452841437983,122.8908250895469,125.65811357033245,192541500
2020-12-21,124.94676971435547,125.02472316280411,120.28915896327408,121.81896007734119,121251600
2020-12-22,128.50332641601562,130.9685466687522,126.33041301688388,128.2402353796709,168904800
2020-12-23,127.60690307617188,129.03925147681866,127.43150406974205,128.77617526932784,88223700
2020-12-24,128.59104919433594,130.04290467587725,127.74332938014881,127.95769770274158,54930100
2020-12-28,133.190185546875,133.82353697075987,130.09159867672324,130.55931944043445,124486200
2020-12-29,131.41676330566406,135.236393246922,130.9003346955004,134.5153498347467,121047300
2020-12-30,130.29620361328125,132.50808617525803,129.98438983005124,132.1085803410319,96452100
2020-12-31,129.29261779785156,131.29013272873263,128.3474524139923,130.64702774975748,99116600
2021-01-04,126.0965805053711,130.18904042592823,123.51442981152032,130.10134836082602,143301900
2021-01-05,127.65557861328125,128.36689819774932,125.14163585794874,125.58986443353002,97664900
2021-01-06,123.35852813720703,127.69459465788168,123.14415983466812,124.44985429829092,155088000
2021-01-07,127.56793212890625,128.25975988289687,124.58628252358339,125.07348056022057,109578200
2021-01-08,128.66897583007812,129.23412721104498,126.8955682344821,129.03923614525579,105158200
2021-01-11,125.6775894165039,126.8371230123308,125.20988350887804,125.88221911439801,100384500
2021-01-12,125.502197265625,126.36940903829134,123.61186680500131,125.20987551647978,91951100
2021-01-13,127.5386734008789,128.08433270307023,125.20012928631586,125.46320546323611,88636800
2021-01-14,125.60940551757812,127.64588980955337,125.46323718090288,127.451013562091,90221800
2021-01-15,123.88471221923828,126.88585381359638,123.7482973680449,125.48272113383378,111598500
2021-01-19,124.55703735351562,125.4145105561259,123.68982554382202,124.50831458189415,90757300
2021-01-20,128.64952087402344,129.09774963934194,125.25862647781936,125.36581064769301,104319500
2021-01-21,133.36553955078125,136.09385058361056,130.16952272801234,130.3741523744166,120150900
2021-01-22,135.50926208496094,136.26928979361904,131.56295521732648,132.79068885405798,114459400
2021-01-25,139.26063537597656,141.37507231722816,133.04398588629473,139.40680365573613,157611700
2021-01-26,139.49453735351562,140.60534821810342,137.75036015705467,139.92327397986588,98390600
2021-01-27,138.4226837158203,140.60533595593498,136.81493637532154,139.7576013848175,140843800
2021-01-28,133.5799560546875,138.35450580385896,133.19994217532178,135.947746278508,142621100
2021-01-29,128.58131408691406,133.2389261898638,126.8761209359315,132.35222218300783,177523800
2021-02-01,130.70545959472656,131.91371580928939,127.57764235343213,130.32544580541983,106239800
2021-02-02,131.53372192382812,132.81991691760996,131.16344668453948,132.25476545115475,83305400
2021-02-03,130.51060485839844,132.29375135316877,130.18905238870838,132.28399787741546,89880900
2021-02-04,133.87228393554688,133.88202254434577,131.14397179324723,132.81019572037076,84183100
2021-02-05,133.45751953125,134.1015854508509,132.57925865202728,134.033283551068,75693800
2021-02-08,133.6039276123047,133.65272320012699,131.66197638343067,132.74517291566528,71297200
2021-02-09,132.7256317138672,134.5504851694013,132.56950670280034,133.3209020588762,76774200
2021-02-10,132.12063598632812,133.68200554782806,131.1545368949886,133.18431136880906,73046600
2021-02-11,131.8668975830078,133.09646585492624,130.5397381460376,132.61829297068624,64280000
2021-02-12,132.10104370117188,132.25718355138284,130.46161994490367,131.1056856592872,60145100
2021-02-16,129.97372436523438,132.72561913740805,129.58337464875356,132.21818684146174,80576300
2021-02-17,127.68048095703125,129.02716157528442,126.3435683892599,128.08058387844284,97918500
2021-02-18,126.57774353027344,126.86073400053525,124.3332814122006,126.0800495824686,96856700
2021-02-19,126.7339096069336,127.55363670145083,125.6897555852295,127.09498501546292,87668800
2021-02-22,122.95735931396484,126.5875301611266,122.56701700171384,124.91881659012454,103916400
2021-02-23,122.82073974609375,123.65021250049017,115.53112373320839,120.77145192783192,158273000
2021-02-24,122.32304382324219,122.52797184498519,119.2783904200208,121.92294838417055,111039900
2021-02-25,118.06832885742188,123.40624037390658,117.62919844492515,121.66922504247013,148199500
2021-02-26,118.33181762695312,121.83512279314837,118.27326144324365,119.62969515081251,164560400
2021-03-01,124.7041244506836,124.8407431312115,119.82486458851659,120.7616815886335,116307900
2021-03-02,122.0986099243164,125.61167577926304,121.99126560430425,125.30916402931615,102260900
2021-03-03,119.11249542236328,122.67435679168018,118.89780678629857,121.79608848285189,112966300
2021-03-04,117.2291259765625,120.61533441359846,115.75559446642379,118.81000927302023,178155000
2021-03-05,118.48793029785156,118.99537743110061,114.73090214987084,118.05856054490097,153766600
2021-03-08,113.55015563964844,118.07810897497683,113.40377632957288,118.00979962296303,154376600
2021-03-09,118.16593933105469,119.11251715633445,115.92148373802368,116.15568618139181,129525800
2021-03-10,117.08272552490234,119.2198363292163,116.56551771410868,118.75143154135017,111943300
2021-03-11,119.01490783691406,120.23472282472085,118.33181442180619,119.58090377809478,103026500
2021-03-12,118.10735321044922,118.24397187961576,116.28251493865656,117.49256919919979,88105100
2021-03-15,120.99589538574219,121.00565599103153,117.51210381348422,118.47820271779908,92403800
2021-03-16,122.53775024414062,124.14790772898559,121.70827743229954,122.6646083393104,115227900
2021-03-17,121.74729919433594,122.82073491932013,119.38573166517871,121.05444515870833,111932600
2021-03-18,117.61943817138672,120.20544741210641,117.41451014863442,119.91268883951182,121229700
2021-03-19,117.09248352050781,118.49771283246503,116.78997177230154,117.00466041109058,185549500
2021-03-22,120.4103775024414,120.87878973760397,117.35596342731434,117.42427276940472,111912300
2021-03-23,119.5809097290039,121.23985521691415,119.19056742444849,120.35183373308179,95467100
2021-03-24,117.1900634765625,119.93221266793454,117.17054971237121,119.85414272084951,88530500
2021-03-25,117.67799377441406,118.72216260318802,116.12639260654137,116.65335360086424,98844700
2021-03-26,118.28302764892578,118.54651187519468,116.04832553149886,117.44379427923147,94071200
2021-03-29,118.45869445800781,119.61996092410557,117.81463589654503,118.71241810714707,80819200
2021-03-30,117.00465393066406,117.49257992082933,115.98976697770112,117.2095819531143,85671900
2021-03-31,119.20032501220703,120.53723750663126,118.22447299809998,118.7123990051535,118323800
2021-04-01,120.02978515625,121.1812907100269,119.5320985965673,120.67385099174045,75089100
2021-04-05,122.85975646972656,123.11348004996272,120.09809378856455,120.87877829152542,88651200
2021-04-06,123.16230773925781,124.06008999442888,122.61583287874701,123.44530577635422,80171300
2021-04-07,124.81147766113281,124.83099142610236,122.11812394056145,122.79146423199435,83466700
2021-04-08,127.21208190917969,127.24135628131242,125.41651759687218,125.83612685765557,88844600
2021-04-09,129.78829956054688,129.8273270838628,126.34354362809765,126.66557653414618,106686700
2021-04-12,128.07081604003906,129.6419382844939,127.47554575138676,129.31990535224077,91420000
2021-04-13,131.1837615966797,131.4082182509909,128.74413188709045,129.24182587765023,91266500
2021-04-14,128.84176635742188,131.7400486182492,128.48070580389006,131.68149986798167,87222800
2021-04-15,131.25210571289062,131.74003175643296,130.41287232238494,130.58853344102718,89347100
2021-04-16,130.92031860351562,131.41799780371278,130.06156400836352,131.05693729907884,84922400
2021-04-19,131.5838623046875,132.1986537464163,130.12008450271816,130.28597753343655,94264200
2021-04-20,129.89561462402344,132.25717384649195,128.62700449220097,131.75949486206875,94812300
2021-04-21,130.2762451171875,130.52020812302493,128.12937364388216,129.16377440618163,68847100
2021-04-22,128.75390625,130.91053068046259,128.2367059174283,129.82733444067082,84566500
2021-04-23,131.0764617919922,131.85713156314563,128.96861767310645,128.96861767310645,78657500
2021-04-26,131.46673583984375,131.79852182807838,130.33474434906316,131.57408011725076,66905100
2021-04-27,131.1447296142578,132.14010267121745,130.8714922872991,131.7497529967639,66015800
2021-04-28,130.3542938232422,131.75952289031963,129.86636789108016,131.06666151490975,107760100
2021-04-29,130.25674438476562,133.76006501598266,129.2516178339276,133.17454775379707,151101000
2021-04-30,128.28550720214844,130.33478741572688,127.90492552746106,128.59777209122348,109839500
2021-05-03,129.3394317626953,130.83249918610892,128.64658510502326,128.85150570899668,75135100
2021-05-04,124.7626724243164,128.3147804318186,123.64044117384255,128.0220218638134,137564700
2021-05-05,125.00665283203125,127.29989620196363,124.87978730136861,126.08008114657817,84000900
2021-05-06,126.60704040527344,126.61679356449366,124.06005871360824,124.80170829812977,78128300
2021-05-07,127.28153991699219,128.30791313173893,126.56794712300402,127.90714550535066,78973300
2021-05-10,123.99710083007812,126.62659678553494,123.9579995481262,126.49953067035334,88071200
2021-05-11,123.07823944091797,123.43013604181222,120.0088523827375,120.72243768449367,126142800
2021-05-12,120.00883483886719,121.83678024001635,119.50053319383292,120.62467058046893,112172300
2021-05-13,122.15936279296875,123.31282429547134,121.46533194640105,121.77813468651334,105861300
2021-05-14,124.58358764648438,125.013694229742,123.01957387710111,123.4105791838984,81918000
2021-05-17,123.43011474609375,124.07527456166959,122.35485584460592,123.96774792574027,74244600
2021-05-18,122.04206848144531,124.1339383673377,121.97364310976869,123.71360895337953,63342900
2021-05-19,121.88568115234375,122.11050419640777,120.09683669552412,120.3900925748675,92612000
2021-05-20,124.44676208496094,124.84754465640827,122.28646646366246,122.41354750232011,76857100
2021-05-21,122.60902404785156,125.12122331133726,122.39397075203622,124.94527129274346,79295400
2021-05-24,124.24146270751953,125.06257461018313,123.10755550398203,123.17598087438682,63092900
2021-05-25,124.04595947265625,125.4340286577924,123.47900216167147,124.94526644040783,72009500
2021-05-26,123.99710083007812,124.52495694971883,123.57677137135352,124.10462749099422,56575900
2021-05-27,122.46239471435547,124.76931783925218,122.26689578830224,123.5963093673209,94625600
2021-05-28,121.80747985839844,122.97071874535015,121.74883166504185,122.74588824113839,71311100
2021-06-01,121.4848861694336,122.53082109382872,121.15253650084358,122.2668967957017,67637100
2021-06-02,122.24734497070312,122.42329699238253,121.26006567031901,121.4848886960278,59278900
2021-06-03,120.76153564453125,122.04207082094376,120.36075313288092,121.87589598051592,76229200
2021-06-04,123.0586929321289,123.32262472191542,121.06457229139289,121.27962561409095,75169300
2021-06-07,123.06844329833984,123.47899548431124,122.02250846771439,123.33236757280564,71057600
2021-06-08,123.88956451416016,125.57088967583601,123.37148561983427,123.75271376689696,74403800
2021-06-09,124.27078247070312,124.8768410573178,123.67450106746446,124.34898502209968,56877900
2021-06-10,123.27372741699219,125.30694902913476,123.10755258677628,124.1632572111759,71186400
2021-06-11,124.48585510253906,124.57383485098319,123.26396801386512,123.68429747068124,53522400
2021-06-14,127.54541778564453,127.6040659610548,124.21211472861349,124.94524675246014,96906500
2021-06-15,126.72433471679688,127.66275042731246,126.47995733459727,127.01759055855872,62746300
2021-06-16,127.2228775024414,127.94624002739722,125.57089869031938,127.43793082295223,91815000
2021-06-17,128.8260040283203,129.5689209879972,126.73413374957389,126.88076916216991,96721700
2021-06-18,127.52590942382812,128.55228257491908,127.31085611782875,127.7702868246808,108953300
2021-06-21,129.32449340820312,129.4320200361711,126.30399301656993,127.36947465650123,79663300
2021-06-22,130.96670532226562,131.0644622285742,128.65978254011517,129.1583218804352,74783600
2021-06-23,130.6930389404297,131.29910507401638,130.2336082056393,130.76147177632404,60214200
2021-06-24,130.4095916748047,131.6119246047728,129.94037621113515,131.42619534818903,68711000
2021-06-25,130.1162567138672,130.87871273473812,129.82300095608434,130.45839091721507,70783700
2021-06-28,131.7487335205078,132.20816419376467,130.3509020493391,130.40955023475712,62111300
2021-06-29,133.26385498046875,133.42026006032864,131.32839059293283,131.76826682888063,64556100
2021-06-30,133.87969970703125,134.31957597270352,132.81420307964328,133.1074588952949,63261400
2021-07-01,134.1827392578125,134.24138744394435,132.70669030063868,133.52780965332033,52485800
2021-07-02,136.81224060058594,136.85133441897935,134.65193797296,134.79855843644995,78852600
2021-07-06,138.825927734375,139.93050352064463,136.91978685791386,136.91978685791386,108181800
2021-07-07,141.3185577392578,141.63135302793145,139.45151098591106,140.3117092164722,104911600
2021-07-08,140.0184783935547,140.82002849752848,137.50627159938102,138.39580890191343,105575500
2021-07-09,141.84642028808594,142.37426891530228,139.44174008149082,139.53949700886304,99890800
2021-07-12,141.25013732910156,143.02921196222175,140.76138252865485,142.92168530949897,76299700
2021-07-13,142.36447143554688,144.1435457407315,140.39968286953984,140.79068067157974,100827100
2021-07-14,145.79554748535156,146.20611463354894,144.35860721349817,144.76917436169552,127050800
2021-07-15,145.14060974121094,146.626428391954,143.7818721014033,145.88352652438826,106820300
2021-07-16,143.09762573242188,146.39182821899888,142.5991012200298,145.12107770714312,93251400
2021-07-19,139.2462158203125,140.82979124521293,138.48375965542388,140.51698106699695,121434600
2021-07-20,142.86302185058594,143.79166790162552,139.74477876057173,140.23353355980825,96350000
2021-07-21,142.1298828125,142.8434755242887,141.3772111971352,142.2569638271825,74993500
2021-07-22,143.49839782714844,144.86690516323114,142.5306580508827,142.6577390590944,77338200
2021-07-23,145.21885681152344,145.37526196283622,143.61574129960772,144.23157726064173,71447400
2021-07-26,145.63914489746094,146.46024929276885,144.37814929731337,144.93533686845095,72434100
2021-07-27,143.46910095214844,145.8542269751725,142.2765379406364,145.76623976746671,104818600
2021-07-28,141.71934509277344,143.66459466880622,139.33421915670488,141.5531702418983,118931200
2021-07-29,142.36447143554688,143.2540085881392,141.32831383609212,141.4358404689946,56699500
2021-07-30,142.5795440673828,143.03897475076792,140.86890234879084,141.13283410460213,70440600
2021-08-02,142.24717712402344,143.64500845625085,141.9832454002648,143.0682814694833,62880000
2021-08-03,144.04583740234375,144.71053687305948,141.91485839054755,142.53069430623984,64786600
2021-08-04,143.64501953125,144.46612394001684,142.99008994933277,143.95782973398676,56368300
2021-08-05,143.75254821777344,144.51500445327014,142.88256533800865,143.6743456659774,46397700
2021-08-06,143.0672607421875,144.0168667237269,142.56798937643336,143.2728518562968,54126800
2021-08-09,143.01832580566406,143.61550061721744,142.4603183242228,143.12601355653302,48908700
2021-08-10,142.53863525390625,144.60427120704347,142.24494003565766,143.36096991463478,69023100
2021-08-11,142.79315185546875,143.63507011431875,142.47008863472837,142.97915931025486,48493500
2021-08-12,145.75946044921875,145.91609989817144,142.77358630713317,143.1162332344722,72282600
2021-08-13,145.9650421142578,146.29788971819715,145.15249183078768,145.83777070300374,59375000
2021-08-16,147.94256591796875,148.01110127736936,143.3903421833443,145.4168108670683,103296000
2021-08-17,147.03211975097656,148.4907815727172,145.95524228570045,147.0712721415507,92229700
2021-08-18,143.2826385498047,147.55096588599457,143.07704743235058,146.65031157772893,86326000
2021-08-19,143.61550903320312,144.888178453154,141.46176882757268,141.9806239472667,86960300
2021-08-20,145.07418823242188,145.3776678425582,143.69383103345265,144.33995758675238,60549600
2021-08-23,146.56224060058594,147.03214405494413,144.7805003067872,145.1916676965958,60131800
2021-08-24,146.47412109375,147.68805452972137,146.01400200564578,146.30769726540868,48606400
2021-08-25,145.2406005859375,147.15939642783155,144.69237747052765,146.66011006790077,58991300
2021-08-26,144.43783569335938,145.98461660195343,144.4084676646739,145.23081728174643,48597200
2021-08-27,145.47557067871094,145.62241083209685,143.7427821789538,144.37910942757367,55802400
2021-08-30,149.90052795410156,150.26275857372073,145.48535959462373,145.8671589433328,90956700
2021-08-31,148.6376495361328,149.587255672955,148.10899512080897,149.45019988712295,86453100
2021-09-01,149.3033447265625,151.72141211238971,149.1369209108447,149.61662363000326,80313700
2021-09-02,150.4193878173828,151.46689743705474,149.19567000260434,150.63476334782075,71115500
2021-09-03,151.05572509765625,151.3787883827347,149.87115971903515,150.5270706537238,57808700
2021-09-07,153.39549255371094,153.953500162786,151.14384857194918,151.7116554847735,82278300
2021-09-08,151.8486785888672,153.73809149809526,150.7424330368148,153.67935544010308,74420200
2021-09-09,150.83055114746094,152.82765179688866,150.7130640942289,152.2206926173688,57305700
2021-09-10,145.83778381347656,152.21090030495253,145.57345660401688,151.74099688432676,140893200
2021-09-13,146.40562438964844,148.2363017360252,145.6224418826866,147.46291853335234,102404300
2021-09-14,145.00564575195312,147.8936314335505,143.8210954003336,147.1887688532645,109296300
2021-09-15,145.8965301513672,146.29791317586614,143.2924550814451,145.43641106239744,83281300
2021-09-16,145.6615753173828,145.83779845403365,144.12459347851345,145.31894328505592,68034100
2021-09-17,142.98895263671875,145.6909306748569,142.69525742327428,145.6909306748569,129868800
2021-09-20,139.93458557128906,141.79463072276096,138.29970032094099,140.776504047189,123478900
2021-09-21,140.4142303466797,141.55964304513788,139.77790323683175,140.90371733516503,75834000
2021-09-22,142.7833709716797,143.35116277449677,140.67856780429392,141.412798340786,76404300
2021-09-23,143.7427978515625,143.9875414258644,142.57781604781135,143.56657471032472,64838200
2021-09-24,143.83090209960938,144.36934095121416,142.49949645653314,142.5973998615385,53477900
2021-09-27,142.31346130371094,142.8910673802959,140.7960633866369,142.41136468969736,74150700
2021-09-28,138.92623901367188,141.7065222907774,138.7108634842379,140.2380609198885,108972300
2021-09-29,139.8268585205078,141.41279162385416,139.0436763311914,139.4744272822133,74602000
2021-09-30,138.52484130859375,141.344291622089,138.30946580198176,140.63942904371518,89056700
2021-10-01,139.650634765625,139.9149619275733,136.1850733872401,138.91640426751349,94639600
2021-10-04,136.21444702148438,139.2199044877396,135.3627443887481,138.7793542203645,98322000
2021-10-05,138.1430206298828,139.24926602115937,136.42981614361935,136.55708754274536,80861100
2021-10-06,139.0143280029297,139.16116814887556,135.46064709144002,136.53752462157624,83221100
2021-10-07,140.27720642089844,141.18766019383065,139.7191988951329,140.05204653772714,61732700
2021-10-08,139.8953857421875,141.14847133090333,139.56253815036328,141.00163119861574,58773200
2021-10-11,139.8072967529297,141.76524506387435,138.82832259745734,139.27865728167708,64452200
2021-10-12,138.53463745117188,140.2380579834007,138.0745183695577,140.21847431623635,73035900
2021-10-13,137.94725036621094,138.4269381369984,136.2731980054475,138.27031362663757,78762700
2021-10-14,140.7373046875,140.8547917318437,138.53461306502766,139.1220034728704,69907100
2021-10-15,141.7946319580078,141.85336802507683,140.49259436544995,140.7471372400319,67940300
2021-10-18,143.46864318847656,143.75253907676628,140.14992191440837,140.43381780269812,85589200
2021-10-19,145.63218688964844,146.03356986995644,143.4686624173773,143.91898215404882,76378900
2021-10-20,146.1216583251953,146.60136097751123,145.00562852862774,145.57343525852468,58418800
2021-10-21,146.3370361328125,146.4936755651962,144.76088732210272,145.68112531490897,61421000
2021-10-22,145.56369018554688,147.0223523235176,145.5147384832475,146.5426644796855,58883400
2021-10-25,145.51473999023438,146.22938704972722,144.51618201724224,145.553892389702,50720600
2021-10-26,146.18043518066406,147.66846521408038,145.87694062980856,146.19021954502938,60893400
2021-10-27,145.72030639648438,146.58179347999342,145.36787510933436,146.21957782913032,56094900
2021-10-28,149.362060546875,149.9494359455481,146.57197885481827,146.6698822235755,100077900
2021-10-29,146.65036010742188,146.78741591842655,143.33163766998564,144.12460450065296,124953200
2021-11-01,145.82798767089844,146.55241894044252,144.69237413631248,145.85735569869297,74588300
2021-11-02,146.86570739746094,148.3831203302802,145.5245026428988,145.53430194477542,69122000
2021-11-03,148.3048095703125,148.77471301203136,146.66992441982393,147.22793195599735,54511500
2021-11-04,147.7859344482422,149.22501261030823,147.4726555708135,148.39289360081148,60394600
2021-11-05,148.3153533935547,149.2173222899692,147.11926062749689,148.9133997765836,65463900
2021-11-08,147.49180603027344,148.5996660295044,147.21729443113375,148.44279798435025,55020900
2021-11-09,147.8545684814453,148.46241353148417,147.1192662590711,147.2565220755238,56787900
2021-11-10,145.02120971679688,147.18790692538667,144.95258928599077,147.08006199718062,65187100
2021-11-11,144.97218322753906,146.50160947604698,144.7859042685968,146.0408338404559,41000000
2021-11-12,147.05062866210938,147.45258246065882,144.5898079376244,145.5211876519379,63804000
2021-11-15,147.06045532226562,148.90361781609556,146.50161841135474,147.42319965826968,59222800
2021-11-16,148.0408477783203,148.52125061689011,146.41337526538132,147.00162302853775,59256200
2021-11-17,150.48204040527344,151.96244333873707,148.03103325464866,148.0408318977374,88807000
2021-11-18,154.7761993408203,155.56052464418286,150.0506651936485,150.69773469090467,137827700
2021-11-19,157.4036865234375,157.86447707717755,153.46246272837266,154.56050917485408,117305600
2021-11-22,157.864501953125,162.45278100729988,157.84488970355858,158.5115565911854,117467900
2021-11-23,158.246826171875,158.6291826815126,155.94287351139204,157.96250097049108,96041900
2021-11-24,158.76646423339844,158.96254184147043,156.5115343411642,157.59978226969068,69463600
2021-11-26,153.7369842529297,157.30565039386215,153.2958059172185,156.44290597018036,76959800
2021-11-29,157.09976196289062,158.0311417015208,155.67816582735122,156.24680128961487,88748200
2021-11-30,162.0605926513672,162.27628247322406,156.78602057829323,156.85465595786593,174048100
2021-12-01,161.54100036621094,166.96262755361067,161.30569826962912,164.1978840178816,152052500
2021-12-02,160.55078125,160.98216094033538,154.70758806208025,155.62916922602187,136739200
2021-12-03,158.6684112548828,161.72727865884264,156.58996176944189,160.80569748404918,118023100
2021-12-06,162.08021545410156,164.59004449763117,161.06058805531697,161.0703866988541,107497000
2021-12-07,167.8253631591797,168.21753329951792,165.0410224817036,165.76652602150847,120405400
2021-12-08,171.64894104003906,172.51170037671412,167.3547715631022,168.75675548519916,116998900
2021-12-09,171.13912963867188,173.28621440591945,170.5116723744327,171.48227664120193,108923700
2021-12-10,175.9332733154297,176.10975359233288,171.26656153614417,171.776375163048,115402700
2021-12-13,172.29600524902344,178.5607789713786,172.09011406463858,177.57056250136455,153237000
2021-12-14,170.91363525390625,174.25681265308427,168.83518594286804,171.81560410510698,139380400
2021-12-15,175.78627014160156,175.98234775996642,168.93324742548972,171.67837896188757,131063300
2021-12-16,168.88418579101562,177.59016769208043,167.40378290602789,175.7666178333374,150185800
2021-12-17,167.7861328125,170.07047310742206,166.3645517595425,166.59983885479875,195432700
2021-12-20,166.42337036132812,167.23710645635137,164.17825459824692,164.9821770913153,107499100
2021-12-21,169.59991455078125,169.80579079626787,165.8057448980021,168.19793052968907,91185900
2021-12-22,172.19798278808594,172.41367264545124,168.7763709233024,169.64892899727565,92135300
2021-12-23,172.82546997070312,173.3843069594541,171.83526815245662,172.40390378741256,68356600
2021-12-27,176.79603576660156,176.88426842678575,173.59992807749137,173.6195253621372,74919600
2021-12-28,175.77642822265625,177.77645850319618,175.03132740898585,176.62938891278105,79144300
2021-12-29,175.86465454101562,177.09015800958719,174.64894971467933,175.81563141032092,62348900
2021-12-30,174.7078094482422,177.03137470215592,174.5999645211849,175.95292543158308,59773000
2021-12-31,174.0901641845703,175.71762176050464,173.7862266948401,174.5999629626884,64062300
2022-01-03,178.44309997558594,179.2960605447065,174.22738009869917,174.34502364212594,104487900
2022-01-04,176.17843627929688,179.35494774850065,175.6098006790204,179.05102517726556,99310400
2022-01-05,171.49203491210938,176.63914897975872,171.21752335861535,176.09012587277067,94537600
2022-01-06,168.62930297851562,171.8646356206371,168.27635732737943,169.31558203356892,96904000
2022-01-07,168.79595947265625,170.72735431349597,167.6783008049415,169.50185073224034,86709100
2022-01-10,168.81558227539062,169.1195047889858,164.87435832287932,165.76652857616685,106765600
2022-01-11,171.64894104003906,171.74697235390423,167.4724300834058,168.94303442923228,76138300
2022-01-12,172.09014892578125,173.70780800028308,171.3940711266009,172.66858314420182,74805200
2022-01-13,168.81558227539062,173.15876005827155,168.42341212900857,172.3352251905114,84505800
2022-01-14,169.67832946777344,170.37440711806423,167.7371210418755,167.9822217558743,80440800
2022-01-18,166.472412109375,169.15870642783565,166.09005558435084,168.1488926576498,90956700
2022-01-19,162.9723663330078,167.72732627847407,162.68805608048748,166.6684893743364,94815000
2022-01-20,161.28610229492188,166.35478432874459,160.9625674893889,163.7076990541045,91420500
2022-01-21,159.22723388671875,163.0704113462842,159.1193889725066,161.19783827212862,122848900
2022-01-24,158.45269775390625,159.11937944541725,151.6683120872291,156.88406222991276,162294600
2022-01-25,156.64878845214844,159.5703851718754,153.94288158687402,155.86446306866296,115798400
2022-01-26,156.56053161621094,161.16842196351905,154.72718309601152,160.29586403596446,108275300
2022-01-27,156.09976196289062,160.6292188937634,155.17818077822113,159.26645936487785,121954600
2022-01-28,166.99200439453125,167.01161663852113,159.60957278691356,162.4625484172025,179935700
2022-01-31,171.3548126220703,171.57050245050323,166.18808530239932,166.8253561445004,115541600
2022-02-01,171.18817138671875,171.41365989188193,168.93324145579845,170.5999235926481,86213900
2022-02-02,172.39402770996094,172.4332522000971,169.93322202538937,171.3253922300273,84914300
2022-02-03,169.51165771484375,172.78621481447524,168.74694463929947,171.0606961129302,89418100
2022-02-04,169.22698974609375,170.90562127726093,167.54835821492657,168.53001022690665,82465400
2022-02-07,168.51040649414062,170.75838325799216,167.8134268983413,169.68838604223646,77251200
2022-02-08,171.6222381591797,172.1327014444133,168.28461203735645,168.57911066263827,74829200
2022-02-09,173.0456085205078,173.40881495712398,171.6909240051843,172.81983276089403,71285000
2022-02-10,168.9619140625,172.26026492516206,168.4023802889261,170.9448550221314,90865900
2022-02-11,165.5457763671875,169.9043132142881,164.95677923370172,169.16807428684055,98670700
2022-02-14,165.78138732910156,166.46854070339387,163.5039475985097,164.2990832872494,86185500
2022-02-15,169.61965942382812,169.77672735442647,167.1262696855739,167.83306039444423,62527400
2022-02-16,169.3840789794922,170.15957757586978,166.92994864069578,168.69692548039376,61177400
2022-02-17,165.78138732910156,168.7557915611827,165.37890643172315,167.8919330456037,69589300
2022-02-18,164.23037719726562,167.4109199862711,163.14074291393072,166.70414435001902,82772700
2022-02-22,161.3050537109375,163.6315640117695,159.17485582320555,161.95293260639133,91162800
2022-02-23,157.133056640625,163.10148814384206,156.8189207831809,162.50267977205857,90009200
2022-02-24,159.75405883789062,159.86204116175165,149.21111050582687,149.7804704881103,141147500
2022-02-25,161.82533264160156,162.090367887761,157.91834703084373,160.83385456915977,91974200
2022-02-28,162.09036254882812,162.38486112479202,159.44971644975743,160.06816196139965,95056600
2022-03-01,160.20562744140625,163.54325372947446,158.9981994943142,161.67810566233612,83474400
2022-03-02,163.50396728515625,164.28929194125575,159.96020269374122,161.37378407895594,79724800
2022-03-03,163.18002319335938,165.81085859107165,162.51250696008478,165.3789292736247,76678400
2022-03-04,160.1761474609375,162.51248390357455,159.1257876596409,161.4719352294381,83737200
2022-03-07,156.37718200683594,161.9922331985085,156.12194287523664,160.3626871229987,96418800
2022-03-08,154.55130004882812,159.89148955943892,152.94139129743706,155.90598466141114,131148300
2022-03-09,159.960205078125,160.41177163023045,156.4851632700245,158.51717530744355,91454900
2022-03-10,155.61146545410156,157.4471497383223,153.11806120676204,157.26063347822767,105342000
2022-03-11,151.8909912109375,156.357510261072,151.66521547258807,156.0139261115159,96970100
2022-03-14,147.85641479492188,151.29219668682538,147.34596655573256,148.671187726746,108732100
2022-03-15,152.24440002441406,152.71560375350202,147.62082764624324,148.13127588452474,92964300
2022-03-16,156.66184997558594,157.0643309184818,151.62598505111097,154.16846031293665,102300200
2022-03-17,157.6729278564453,158.04596038224682,154.73779817864818,155.6998128738619,75615400
2022-03-18,160.9712677001953,161.46209362986437,156.82869565548296,157.56493454998656,123511700
2022-03-21,162.34561157226562,163.2978152048177,160.0190861607253,160.50991215775952,95811400
2022-03-22,165.72250366210938,166.31148589554496,161.88424061211234,162.4732228455479,81532000
2022-03-23,167.0869903564453,169.47239748158006,164.57394870167656,164.90772175927947,98062700
2022-03-24,170.87619018554688,170.94489804434284,167.0870124371813,167.92140774440355,90131400
2022-03-25,171.51425170898438,172.06397447426608,169.5803959233043,170.68966756106184,80546200
2022-03-28,172.3781280517578,172.50573264900424,168.8441742275586,169.01105329997583,90371900
2022-03-29,175.67642211914062,175.7254927287122,173.10448407991993,173.44806821983224,100589400
2022-03-30,174.50828552246094,176.31452166228107,173.45791066079582,175.27397290735905,92633200
2022-03-31,171.40626525878906,174.7635134764267,171.20011173735605,174.5769971900877,103049300
2022-04-01,171.11175537109375,171.67130419323556,168.78524495629924,170.83689401317795,78751300
2022-04-04,175.16595458984375,175.21504017700875,171.23934727773363,171.36696680859902,76468400
2022-04-05,171.84799194335938,175.0285497272662,171.21973527998745,174.2432251533462,73401800
2022-04-06,168.67727661132812,170.44425332917226,167.00847109179495,169.19755100896808,89058800
2022-04-07,168.9815673828125,170.1791839693951,166.73359099058004,168.01955265843017,77594700
2022-04-08,166.9691925048828,168.62818685521674,166.0955227852114,168.62818685521674,76575500
2022-04-11,162.70883178710938,165.92864940184566,162.46341876782265,165.61452852614607,72246700
2022-04-12,164.58377075195312,166.75321318939567,163.5824815614611,164.93716605572558,79265200
2022-04-13,167.27349853515625,167.90175523000033,163.71011188136575,164.31873134170252,70618900
2022-04-14,162.2572784423828,168.12756912608722,162.01186540312898,167.48948623673334,75329400
2022-04-18,162.04132080078125,163.54324732904448,160.5688426374783,160.91241188828883,69023900
2022-04-19,164.32855224609375,164.7408593011716,160.9025960723887,161.9922304806441,67723800
2022-04-20,164.16165161132812,165.78138631816157,163.05239509202772,165.66357789841544,67929800
2022-04-21,163.3665313720703,168.38277391627963,162.86589422198446,165.81085035411152,87227800
2022-04-22,158.82144165039062,164.789886524094,158.53676921276283,163.405768839327,84882400
2022-04-25,159.8914794921875,160.17615197605645,155.55257953271186,158.16376241881838,96046400
2022-04-26,153.92300415039062,159.36134849336287,153.84447020948627,159.27300342690208,95623200
2022-04-27,153.69728088378906,156.85818695569935,152.52911245475866,153.04938688433683,88063200
2022-04-28,160.63751220703125,161.5013706501521,156.0139252856425,156.3280610754388,130216800
2022-04-29,154.75743103027344,163.15055858383272,154.36477622377623,158.87055528620192,131747600
2022-05-02,155.06173706054688,155.32677228255127,150.45778736143095,153.8346722144635,123055300
2022-05-03,156.55384826660156,157.7612909458003,153.4518394989138,155.2482493800242,88966500
2022-05-04,162.97386169433594,163.42541320530594,156.33788489489382,156.74036579119067,108256500
2022-05-05,153.89358520507812,161.06945878722854,152.10697141040896,160.84368302574217,130525300
2022-05-06,154.62109375,156.7445813601952,151.57349495754403,153.37255959944574,116124600
2022-05-09,149.48931884765625,153.19558860822082,148.92896288962842,152.31079472594658,131577900
2022-05-10,151.89791870117188,154.0902301343912,150.3446276636097,152.89085370033473,115366700
2022-05-11,144.0233154296875,152.82200644382692,143.34497796029567,150.90497555260774,142689800
2022-05-12,140.14991760253906,143.7283801675573,136.45348852465227,140.3563740008872,182602000
2022-05-13,144.62301635742188,145.59628520412005,140.6906387962122,142.1456142936274,113990900
2022-05-16,143.07957458496094,145.02611259970723,141.74256539339237,143.08941513101968,86643800
2022-05-17,146.71702575683594,147.2380646317424,144.20029128457014,146.34344505375913,78336300
2022-05-18,138.43936157226562,144.86879239266452,137.53490151723796,144.36741964547258,109742900
2022-05-19,135.02801513671875,139.26514939022877,134.29069437332384,137.5152426451712,136095600
2022-05-20,135.263916015625,138.32133932083437,130.36811151110442,136.73855719175506,137426100
2022-05-23,140.69064331054688,140.83810147349175,135.32294116689727,135.46057378592263,117726300
2022-05-24,137.98712158203125,139.5699040628069,135.0083469444269,138.42951103300464,104132700
2022-05-25,138.1444091796875,139.39292808535322,136.00125589921703,136.08973078213927,92482700
2022-05-26,141.3493194580078,141.89984995235616,134.8215728806199,135.06734649422762,90601500
2022-05-27,147.1102294921875,147.1495466635664,142.80427168601537,142.93207874444667,90978500
2022-05-31,146.32373046875,148.11296903172044,144.35754215822934,146.54985292505484,103718400
2022-06-01,146.1959686279297,149.17474333360954,145.18336763808455,147.36583831364814,74286600
2022-06-02,148.65370178222656,148.712685042506,144.37723540201858,145.33083811208033,72348100
2022-06-03,142.92225646972656,145.46846714813478,142.01781149904664,144.4165490295479,88570300
2022-06-06,143.66941833496094,146.05834558258064,142.45037585050028,144.54437177114056,71598400
2022-06-07,146.1959686279297,146.48105939148104,141.66390303598558,141.9096766255686,67808200
2022-06-08,145.45863342285156,147.33633206027957,144.9670862924701,146.06814706425965,53950200
2022-06-09,140.2285614013672,145.4487894010345,140.12042043523653,144.5935022148915,69473000
2022-06-10,134.8117218017578,138.38034379484614,134.7428980025847,137.9084627463307,91437900
2022-06-13,129.65048217773438,132.91434748083088,129.2179182819536,130.6237359424125,122207100
2022-06-14,130.51559448242188,131.62649584691928,129.25723497256138,130.87934957569854,84784300
2022-06-15,133.14047241210938,135.0181863871141,129.9257644034857,132.0197453538818,91533000
2022-06-16,127.86125946044922,130.15187128772985,126.85849893930482,129.8471144138601,108123900
2022-06-17,129.33587646484375,130.83018391739205,127.61546153618984,127.87107564040531,134520300
2022-06-21,133.57301330566406,134.74289788395257,131.06613492456364,131.16443535080262,81000500
2022-06-22,133.06182861328125,135.43107463782408,131.64617032424826,132.51128316690097,73409200
2022-06-23,135.9324493408203,136.24703170777948,133.33708105988757,134.5069656450009,72433800
2022-06-24,139.26513671875,139.51091028418583,137.40708916408835,137.53488121755194,89116800
2022-06-27,139.26513671875,141.06420101783954,138.58679927801467,140.2875481505987,70207900
2022-06-28,135.1165008544922,140.995401345449,134.99853432316218,139.7272161311599,67083400
2022-06-29,136.87620544433594,138.29186353568556,134.35948661563768,135.13613945781051,66242400
2022-06-30,134.40866088867188,136.0307605677301,131.50853555295868,134.9296996947126,98964500
2022-07-01,136.58128356933594,136.68942454210836,133.36657601668242,133.74014164921843,71051600
2022-07-05,139.1668243408203,139.2159820551499,134.6150930089742,135.44090360755794,73353800
2022-07-06,140.50381469726562,141.68352468196488,138.694925054005,138.9603646758309,74064300
2022-07-07,143.87583923339844,144.07245506921953,140.85773290060996,140.86755844211166,66253700
2022-07-08,144.55418395996094,145.0555716697527,142.54867812328092,142.8042772492725,64547800
2022-07-11,142.42083740234375,144.16091815878815,141.34926843402636,143.20731568215325,63141600
2022-07-12,143.39413452148438,145.94034514627222,142.597830542374,143.2958190916168,77588800
2022-07-13,143.0303955078125,143.97415763799123,139.7173575069719,140.57265975093034,71185600
2022-07-14,145.9600067138672,146.4318877608006,140.82825345087886,141.64422349086814,78140700
2022-07-15,147.63125610351562,148.30959351033036,145.6945593046606,147.24784996064128,76259900
2022-07-18,144.58367919921875,149.00760334414767,144.2199241245172,148.19163331287257,81420900
2022-07-19,148.44725036621094,148.67335787183444,144.42639797966964,145.41931789638997,82982400
2022-07-20,150.45274353027344,151.1212554478555,147.8278835762641,148.56520429371037,64823400
2022-07-21,152.7237091064453,152.93999105761137,149.37135386420036,151.8880729314102,65086600
2022-07-22,151.4849853515625,153.6379641019081,150.8164884797473,152.76301084272214,66675400
2022-07-25,150.36428833007812,152.41895206482627,149.70561686969222,151.40636601369852,53623900
2022-07-26,149.037109375,150.50191035513055,148.25063089528444,149.68594024499822,55138700
2022-07-27,154.1393585205078,154.6702378768067,149.58764182197348,150.00053965418954,78620700
2022-07-28,154.68991088867188,154.9750016662387,151.7996109329514,154.32615575764223,81378700
2022-07-29,159.76266479492188,160.8637407183258,156.80355606508954,158.51414571337114,101786900
2022-08-01,158.77955627441406,160.82439423501998,158.17004260375904,158.28800912044616,67829400
2022-08-02,157.30491638183594,159.66435174491758,156.931350741657,157.39340627106276,59907000
2022-08-03,163.3214569091797,163.77367187577843,158.0324049028353,158.12087978749662,82507500
2022-08-04,163.00686645507812,164.3635414140804,161.65019149607585,163.20348231849744,55474100
2022-08-05,162.7804412841797,163.2726712063917,160.46695464111716,160.67369781797885,56697000
2022-08-08,162.3079071044922,165.20222176015508,161.64832074077538,163.78459702908208,60276900
2022-08-09,162.3571014404297,163.24312423537512,160.71305544763848,161.47109366714804,63135500
2022-08-10,166.61001586914062,166.7084528561764,164.30636805182522,165.07424565037454,70170500
2022-08-11,165.8716583251953,168.3328081399825,165.5763173430876,167.41725259761515,57149200
2022-08-12,169.42552185058594,169.49442621891984,166.7674686201632,167.18095491681882,68039400
2022-08-15,170.4986114501953,170.69550042466776,168.6872088503834,168.85456522976827,54091700
2022-08-16,170.34109497070312,171.01053551269388,168.992389717206,170.09497999617207,56377100
2022-08-17,171.8374481201172,173.412574668192,169.88822206935535,170.08511101015677,79542000
2022-08-18,171.44369506835938,172.18204003423804,170.4297025169527,171.04991709522415,62290100
2022-08-19,168.85455322265625,171.04005523372263,168.6478100500787,170.34108214913311,70346300
2022-08-22,164.96591186523438,167.22031786929477,164.54258640163619,167.05296153027388,69026800
2022-08-23,164.63121032714844,166.0882216660332,164.06022183299058,164.4835473638596,54147100
2022-08-24,164.9265594482422,165.4975479706951,163.6664520268514,164.7198312893935,53841500
2022-08-25,167.38772583007812,167.49601702656614,165.73384030735204,166.15715087983543,51218200
2022-08-26,161.0773162841797,168.3918608006587,161.01825109648692,167.91932427745144,78961000
2022-08-29,158.8721466064453,160.36851486839709,157.33639153558275,158.645710009374,73314000
2022-08-30,156.4405059814453,160.03377814075716,155.26899644924123,159.61046764917498,77906200
2022-08-31,154.7768096923828,158.0845960490604,154.69805108607284,157.81878763047277,87991100
2022-09-01,155.50527954101562,155.95812264539694,152.26639832599292,154.20578537018633,74229900
2022-09-02,153.38868713378906,157.86798246463846,152.56174446332417,157.26746135406307,76957800
2022-09-06,152.1285858154297,154.64880073393257,151.30164311185825,154.03844040820118,73714800
2022-09-07,153.536376953125,154.2353350897476,151.22289011406963,152.41409323627113,87449600
2022-09-08,152.05967712402344,153.93014485598613,150.30732474708108,152.23687268905203,84923800
2022-09-09,154.92442321777344,155.36744211450377,152.34514352686796,153.05395573564041,68028800
2022-09-12,160.89027404785156,161.7073775664421,156.82446488060694,157.10995164172124,104956000
2022-09-13,151.44931030273438,158.0451887543499,150.98661293916587,157.41513500718563,122656600
2022-09-14,152.89645385742188,154.6586453659871,151.22287515005883,152.3845305395428,87965400
2022-09-15,150.00216674804688,152.8275771883029,149.0275609531104,152.2467343665888,90481100
2022-09-16,148.35809326171875,148.99800116372188,146.06430005699622,148.86017738849526,162278800
2022-09-19,152.079345703125,152.15810428972742,146.78296219367604,146.989690339551,81474200
2022-09-20,154.46176147460938,155.62343203686572,150.70113224453698,151.01615161997927,107689800
2022-09-21,151.33120727539062,156.27320116718366,151.2130768707137,154.89494801872092,101696800
2022-09-22,150.36639404296875,152.06950527712038,148.56483082094806,150.01198791697018,86652500
2022-09-23,148.09228515625,149.11613179254852,146.25135007934554,148.84048424162157,96029900
2022-09-26,148.427001953125,151.38038122778957,147.31455761940225,147.33425102063256,93339400
2022-09-27,149.401611328125,152.3156188966605,147.6197415235521,150.36639273150132,84442700
2022-09-28,147.51145935058594,148.29903022974963,142.58916013289422,145.34565069913458,146691400
2022-09-29,140.26585388183594,144.439969608928,138.4938229117654,143.82960922766318,128138200
2022-09-30,136.05235290527344,140.8762153477741,135.85546393289223,139.0844911492741,124925300
2022-10-03,140.23629760742188,140.84667290730152,135.55027429699052,136.0621976067289,114311700
2022-10-04,143.82958984375,143.9477202186119,142.01817230643195,142.77621059568105,87830100
2022-10-05,144.12490844726562,145.08968986509632,140.7875903322469,141.83113033653302,79471000
2022-10-06,143.17001342773438,145.24722466977872,142.9632852357701,143.54411304208395,68402200
2022-10-07,137.91294860839844,140.87618176543393,137.28289503397258,140.32487174385696,85925600
2022-10-10,138.23785400390625,139.68501122355408,136.41661224606074,138.23785400390625,74899000
2022-10-11,136.82022094726562,139.15340092464973,136.07203689531147,137.7259221748937,77033700
2022-10-12,136.190185546875,138.1787988471096,136.0129899667056,136.96791731761857,70433700
2022-10-13,140.76792907714844,141.35859601492572,132.28187436958524,132.89224973345455,113224000
2022-10-14,136.2295684814453,142.27415178693437,136.04251869325435,142.06740859428484,88598000
2022-10-17,140.19692993164062,140.67930564113678,138.09018646721276,138.87775734642221,85250900
2022-10-18,141.51609802246094,144.420251464502,138.4248948126108,143.22906350371468,99136600
2022-10-19,141.62437438964844,142.69743186765362,139.30104887468818,139.488098622933,61758300
2022-10-20,141.1616973876953,143.6228470143876,140.43319169039492,140.7974520498777,64522000
2022-10-21,144.98143005371094,145.55241866280005,140.43321458728877,140.64979699148353,86548600
2022-10-24,147.12753295898438,147.89541049964913,143.73114921809554,144.90265893368223,75981900
2022-10-25,149.9725799560547,150.12025791702487,147.03889439572563,147.75754573646154,74732300
2022-10-26,147.0290985107422,149.62807215966112,145.73944336708044,148.61407962000084,88194300
2022-10-27,142.5498046875,146.73375950209572,141.89021831932845,145.76899295091448,109180200
2022-10-28,153.31979370117188,155.05243775655637,145.52287291944214,145.89695747516933,164762400
2022-10-31,150.95709228515625,151.84311529516543,149.55916089247586,150.77989669615485,97943200
2022-11-01,148.3088836669922,153.03429437423398,146.8125153766711,152.6700490040681,80379300
2022-11-02,142.77621459960938,149.80525751264736,142.7466820050657,146.63529551052576,93604600
2022-11-03,136.72178649902344,140.58086724418428,136.59380191372105,139.8523615595117,97918500
2022-11-04,136.45555114746094,140.68588340372804,132.51117923439392,140.11394767074316,140814800
2022-11-07,136.988037109375,137.21483428526327,133.78323487446542,135.2032111952328,83374600
2022-11-08,137.5599822998047,139.4631346891898,135.57794065978277,138.4573305983891,89908500
2022-11-09,132.99435424804688,136.6231842073022,132.71824941976038,136.57387654941147,74917800
2022-11-10,144.82748413085938,144.82748413085938,137.55998303216782,139.2757903878347,118854000
2022-11-11,147.61813354492188,147.9238199974,142.36225553469492,143.79210256196848,93979700
2022-11-14,146.21788024902344,148.19006640295856,145.3796951149665,146.89828687958484,73374100
2022-11-15,147.95338439941406,151.45401749484597,146.49397099909157,150.10307492440734,89868300
2022-11-16,146.72076416015625,147.7857463571914,145.24162472759372,147.05604720027458,64218300
2022-11-17,148.62391662597656,149.3733417806034,144.1174650466656,144.3935698429272,80389400
2022-11-18,149.18600463867188,150.5763993918672,147.88436969164823,150.19182372040734,74829600
2022-11-21,145.95159912109375,148.27877887780713,145.66563881154514,148.07170780282644,58724100
2022-11-22,148.09141540527344,148.32808310350964,144.8866136770819,146.06993712168025,51804100
2022-11-23,148.9690704345703,149.71849566611712,147.26311878314957,147.3715896104273,58301400
2022-11-25,146.0502471923828,146.80954307968733,145.07400962299127,146.24746279975653,35195900
2022-11-28,142.21434020996094,144.6006835742159,141.3860256630134,143.12154400613,69246000
2022-11-29,139.2067413330078,142.79611910491008,138.39815293017466,142.28334655275705,83763800
2022-11-30,145.9713592529297,146.6517658940868,138.59538713539368,139.4335572359168,111380900
2022-12-01,146.24745178222656,147.05605527210508,144.5710966759583,146.1488515092609,71250400
2022-12-02,145.75440979003906,145.94176987503505,143.62444521311474,143.93014669455255,65447400
2022-12-05,144.5908203125,148.82115263004172,143.7427797370437,145.7149657221435,68826400
2022-12-06,140.92254638671875,145.25149381357704,139.94630895435972,145.02469664926164,64727200
2022-12-07,138.9799346923828,141.37613319907325,138.05300496587287,140.21255080814953,69721100
2022-12-08,140.6661376953125,141.52404869832506,139.13770582962303,140.38017739203008,62128300
2022-12-09,140.1829833984375,143.54556411340621,138.94049659830839,140.3604729146931,76097000
2022-12-12,142.48057556152344,142.4904310742392,139.09826892356506,140.71546075742316,70462700
2022-12-13,143.44692993164062,147.88434781351052,142.23403992363941,147.42088296434414,93886200
2022-12-14,141.2183837890625,144.6204015969479,139.19689014923398,143.32862218685506,82291200
2022-12-15,134.6016845703125,139.827980094081,134.1382196907759,139.14757356682156,98931900
2022-12-16,132.6393585205078,135.7356898104224,131.8702072160859,134.78904899571134,160156900
2022-12-19,130.5291290283203,133.31977409731115,129.49374338835526,133.23102933615738,79592600
2022-12-20,130.46014404296875,131.39692965029462,128.0836556253542,129.56279554637067,77432800
2022-12-21,133.5662841796875,134.9073711645486,130.90383628158227,131.13063344213398,85928000
2022-12-22,130.39109802246094,132.68869695584948,128.4879453921836,132.48162581248053,77852100
2022-12-23,130.02621459960938,130.57842423400893,127.83708708710822,129.09928483618836,63814900
2022-12-27,128.22166442871094,129.58247750765514,126.92988507827397,129.55289592303325,69007800
2022-12-28,124.28715515136719,129.20775681904706,124.1195211570346,127.86666981780208,85438400
2022-12-29,127.80753326416016,128.66542948633423,125.9536808579319,126.21005965913899,75703700
2022-12-30,128.123046875,128.14277294659772,125.657822079017,126.62419645842127,77034200
